{"type": "FeatureCollection", "features": [{"type": "Feature", "properties": {"province": "Maguindanao del Norte", "municipality": "Matanog", "barangay": "Bugasan Sur"}, "geometry": {"type": "Polygon", "coordinates": [[[124.25184438300005, 7.429401668000025], [124.28530787800003, 7.470345197000028], [124.25062424500004, 7.456594463000044], [124.25076858600004, 7.449364297000044], [124.25184438300005, 7.429401668000025]]]}}, {"type": "Feature", "properties": {"province": "Maguindanao del Norte", "municipality": "Matanog", "barangay": "Bayanga Norte"}, "geometry": {"type": "Polygon", "coordinates": [[[124.28741143800006, 7.51470357200003], [124.27868143500007, 7.557954299000073], [124.25133853700005, 7.557921067000053], [124.23052885200002, 7.512238555000065], [124.2479828150001, 7.500521387000047], [124.28741143800006, 7.51470357200003]]]}}, {"type": "Feature", "properties": {"province": "Maguindanao del Norte", "municipality": "Matanog", "barangay": "Bayanga Sur"}, "geometry": {"type": "Polygon", "coordinates": [[[124.2479828150001, 7.500521387000047], [124.23052885200002, 7.512238555000065], [124.20653970700005, 7.477790362000064], [124.25076858600004, 7.449364297000044], [124.25062424500004, 7.456594463000044], [124.25065568500008, 7.477417432000038], [124.2481929490001, 7.491271005000045], [124.2479828150001, 7.500521387000047]]]}}, {"type": "Feature", "properties": {"province": "Maguindanao del Norte", "municipality": "Matanog", "barangay": "Bugasan Norte"}, "geometry": {"type": "Polygon", "coordinates": [[[124.28530787800003, 7.470345197000028], [124.28240338800003, 7.496661886000028], [124.27388244900011, 7.495791131000034], [124.25065568500008, 7.477417432000038], [124.25062424500004, 7.456594463000044], [124.28530787800003, 7.470345197000028]]]}}, {"type": "Feature", "properties": {"province": "Maguindanao del Norte", "municipality": "Matanog", "barangay": "Langco"}, "geometry": {"type": "Polygon", "coordinates": [[[124.25065568500008, 7.477417432000038], [124.27388244900011, 7.495791131000034], [124.2481929490001, 7.491271005000045], [124.25065568500008, 7.477417432000038]]]}}, {"type": "Feature", "properties": {"province": "Maguindanao del Norte", "municipality": "Matanog", "barangay": "Kidama"}, "geometry": {"type": "Polygon", "coordinates": [[[124.20235489100003, 7.470788935000031], [124.18676489700009, 7.453050466000038], [124.20630755100002, 7.409386990000033], [124.23033205600008, 7.413993962000063], [124.20235489100003, 7.470788935000031]]]}}, {"type": "Feature", "properties": {"province": "Maguindanao del Norte", "municipality": "Matanog", "barangay": "Langkong"}, "geometry": {"type": "Polygon", "coordinates": [[[124.28741143800006, 7.51470357200003], [124.2479828150001, 7.500521387000047], [124.2481929490001, 7.491271005000045], [124.27388244900011, 7.495791131000034], [124.28240338800003, 7.496661886000028], [124.28741143800006, 7.51470357200003]]]}}, {"type": "Feature", "properties": {"province": "Maguindanao del Norte", "municipality": "Matanog", "barangay": "Sapad"}, "geometry": {"type": "Polygon", "coordinates": [[[124.25076858600004, 7.449364297000044], [124.20653970700005, 7.477790362000064], [124.20235489100003, 7.470788935000031], [124.23033205600008, 7.413993962000063], [124.25184438300005, 7.429401668000025], [124.25076858600004, 7.449364297000044]]]}}, {"type": "Feature", "properties": {"province": "Maguindanao del Norte", "municipality": "Barira", "barangay": "Barira"}, "geometry": {"type": "Polygon", "coordinates": [[[124.31025776600006, 7.52555163300002], [124.28523015300004, 7.526102536000052], [124.28530787800003, 7.470345197000028], [124.29826033000008, 7.468948958000056], [124.31468574700011, 7.467261635000058], [124.31025776600006, 7.52555163300002]]]}}, {"type": "Feature", "properties": {"province": "Maguindanao del Norte", "municipality": "Barira", "barangay": "Bualan"}, "geometry": {"type": "Polygon", "coordinates": [[[124.31468574700011, 7.467261635000058], [124.29826033000008, 7.468948958000056], [124.31919832300002, 7.43761188700006], [124.32538593100003, 7.432680447000051], [124.32595216200002, 7.465990298000063], [124.31468574700011, 7.467261635000058]]]}}, {"type": "Feature", "properties": {"province": "Maguindanao del Norte", "municipality": "Barira", "barangay": "Gadung"}, "geometry": {"type": "Polygon", "coordinates": [[[124.31918748100009, 7.402634750000063], [124.30451045600012, 7.407841979000067], [124.30184127100006, 7.394031098000026], [124.31646868800011, 7.395249294000049], [124.31918748100009, 7.402634750000063]]]}}, {"type": "Feature", "properties": {"province": "Maguindanao del Norte", "municipality": "Barira", "barangay": "Korosoyan"}, "geometry": {"type": "Polygon", "coordinates": [[[124.33256461700012, 7.387093854000057], [124.33344457700002, 7.405665159000025], [124.31918748100009, 7.402634750000063], [124.31646868800011, 7.395249294000049], [124.33256461700012, 7.387093854000057]]]}}, {"type": "Feature", "properties": {"province": "Maguindanao del Norte", "municipality": "Barira", "barangay": "Lamin"}, "geometry": {"type": "Polygon", "coordinates": [[[124.33338726600005, 7.525065740000058], [124.31025776600006, 7.52555163300002], [124.31468574700011, 7.467261635000058], [124.32595216200002, 7.465990298000063], [124.35690531800003, 7.472967606000055], [124.34006622900007, 7.516803568000057], [124.33338726600005, 7.525065740000058]]]}}, {"type": "Feature", "properties": {"province": "Maguindanao del Norte", "municipality": "Barira", "barangay": "Liong"}, "geometry": {"type": "Polygon", "coordinates": [[[124.29826033000008, 7.468948958000056], [124.28530787800003, 7.470345197000028], [124.28862792000007, 7.430871890000047], [124.30251433800004, 7.429364930000077], [124.31919832300002, 7.43761188700006], [124.29826033000008, 7.468948958000056]]]}}, {"type": "Feature", "properties": {"province": "Maguindanao del Norte", "municipality": "Barira", "barangay": "Lipa"}, "geometry": {"type": "Polygon", "coordinates": [[[124.32538593100003, 7.432680447000051], [124.31919832300002, 7.43761188700006], [124.30251433800004, 7.429364930000077], [124.30414261800001, 7.407887182000023], [124.30451045600012, 7.407841979000067], [124.31918748100009, 7.402634750000063], [124.33344457700002, 7.405665159000025], [124.33492889800004, 7.42505486700003], [124.32538593100003, 7.432680447000051]]]}}, {"type": "Feature", "properties": {"province": "Maguindanao del Norte", "municipality": "Barira", "barangay": "Lipawan"}, "geometry": {"type": "Polygon", "coordinates": [[[124.3589305390001, 7.471864872000024], [124.35690531800003, 7.472967606000055], [124.32595216200002, 7.465990298000063], [124.32538593100003, 7.432680447000051], [124.33492889800004, 7.42505486700003], [124.36556778900002, 7.425071510000067], [124.3589305390001, 7.471864872000024]]]}}, {"type": "Feature", "properties": {"province": "Maguindanao del Norte", "municipality": "Barira", "barangay": "Marang"}, "geometry": {"type": "Polygon", "coordinates": [[[124.30414261800001, 7.407887182000023], [124.28912056900005, 7.413950263000062], [124.30184127100006, 7.394031098000026], [124.30451045600012, 7.407841979000067], [124.30414261800001, 7.407887182000023]]]}}, {"type": "Feature", "properties": {"province": "Maguindanao del Norte", "municipality": "Barira", "barangay": "Minabay"}, "geometry": {"type": "Polygon", "coordinates": [[[124.3589305390001, 7.471864872000024], [124.35268537200012, 7.524288547000026], [124.34006622900007, 7.516803568000057], [124.35690531800003, 7.472967606000055], [124.3589305390001, 7.471864872000024]]]}}, {"type": "Feature", "properties": {"province": "Maguindanao del Norte", "municipality": "Barira", "barangay": "Nabalawag"}, "geometry": {"type": "Polygon", "coordinates": [[[124.35268537200012, 7.524288547000026], [124.32237184400005, 7.574527067000075], [124.33338726600005, 7.525065740000058], [124.34006622900007, 7.516803568000057], [124.35268537200012, 7.524288547000026]]]}}, {"type": "Feature", "properties": {"province": "Maguindanao del Norte", "municipality": "Barira", "barangay": "Panggao"}, "geometry": {"type": "Polygon", "coordinates": [[[124.30251433800004, 7.429364930000077], [124.28862792000007, 7.430871890000047], [124.28912056900005, 7.413950263000062], [124.30414261800001, 7.407887182000023], [124.30251433800004, 7.429364930000077]]]}}, {"type": "Feature", "properties": {"province": "Maguindanao del Norte", "municipality": "Barira", "barangay": "Rominimbang"}, "geometry": {"type": "Polygon", "coordinates": [[[124.36556778900002, 7.425071510000067], [124.33492889800004, 7.42505486700003], [124.33344457700002, 7.405665159000025], [124.33256461700012, 7.387093854000057], [124.36556778900002, 7.425071510000067]]]}}, {"type": "Feature", "properties": {"province": "Maguindanao del Norte", "municipality": "Barira", "barangay": "Togaig"}, "geometry": {"type": "Polygon", "coordinates": [[[124.33338726600005, 7.525065740000058], [124.32237184400005, 7.574527067000075], [124.28523015300004, 7.526102536000052], [124.31025776600006, 7.52555163300002], [124.33338726600005, 7.525065740000058]]]}}, {"type": "Feature", "properties": {"province": "Maguindanao del Norte", "municipality": "Buldon", "barangay": "Ampuan"}, "geometry": {"type": "Polygon", "coordinates": [[[124.39081771400005, 7.412906978000024], [124.36668829900009, 7.422417580000059], [124.35334278500011, 7.401637107000055], [124.3874239270001, 7.38925512000003], [124.39245630200004, 7.387357376000067], [124.39081771400005, 7.412906978000024]]]}}, {"type": "Feature", "properties": {"province": "Maguindanao del Norte", "municipality": "Buldon", "barangay": "Aratuc"}, "geometry": {"type": "Polygon", "coordinates": [[[124.3874239270001, 7.38925512000003], [124.35334278500011, 7.401637107000055], [124.37954127700004, 7.35559326400005], [124.3874239270001, 7.38925512000003]]]}}, {"type": "Feature", "properties": {"province": "Maguindanao del Norte", "municipality": "Buldon", "barangay": "Cabayuan"}, "geometry": {"type": "Polygon", "coordinates": [[[124.3853902090001, 7.476915713000038], [124.38014370400003, 7.481158806000052], [124.3704028750001, 7.479881216000022], [124.3589305390001, 7.471864872000024], [124.36775908500012, 7.438567044000022], [124.38355604800006, 7.436710890000027], [124.38802300300007, 7.465223298000071], [124.3853902090001, 7.476915713000038]]]}}, {"type": "Feature", "properties": {"province": "Maguindanao del Norte", "municipality": "Buldon", "barangay": "Calaan"}, "geometry": {"type": "Polygon", "coordinates": [[[124.3764908490001, 7.531281377000026], [124.378990787, 7.544283523000045], [124.36560100100007, 7.54337368700004], [124.36979641900007, 7.502847745000055], [124.37970462500003, 7.507480998000061], [124.3764908490001, 7.531281377000026]]]}}, {"type": "Feature", "properties": {"province": "Maguindanao del Norte", "municipality": "Buldon", "barangay": "Dinganen"}, "geometry": {"type": "Polygon", "coordinates": [[[124.48497403500006, 7.438636957000025], [124.40215995700008, 7.441583574000048], [124.39245630200004, 7.387357376000067], [124.3874239270001, 7.38925512000003], [124.37954127700004, 7.35559326400005], [124.48497403500006, 7.438636957000025]]]}}, {"type": "Feature", "properties": {"province": "Maguindanao del Norte", "municipality": "Buldon", "barangay": "Edcor"}, "geometry": {"type": "Polygon", "coordinates": [[[124.40215995700008, 7.441583574000048], [124.38802300300007, 7.465223298000071], [124.38355604800006, 7.436710890000027], [124.39081771400005, 7.412906978000024], [124.39245630200004, 7.387357376000067], [124.40215995700008, 7.441583574000048]]]}}, {"type": "Feature", "properties": {"province": "Maguindanao del Norte", "municipality": "Buldon", "barangay": "Karim"}, "geometry": {"type": "Polygon", "coordinates": [[[124.378990787, 7.544283523000045], [124.44675341200002, 7.614101108000057], [124.38415938200002, 7.595477170000039], [124.36428089100004, 7.558848574000023], [124.36560100100007, 7.54337368700004], [124.378990787, 7.544283523000045]]]}}, {"type": "Feature", "properties": {"province": "Maguindanao del Norte", "municipality": "Buldon", "barangay": "Kulimpang"}, "geometry": {"type": "Polygon", "coordinates": [[[124.4127140270001, 7.509369765000029], [124.39846269300007, 7.533346551000024], [124.3764908490001, 7.531281377000026], [124.37970462500003, 7.507480998000061], [124.38014370400003, 7.481158806000052], [124.3853902090001, 7.476915713000038], [124.4127140270001, 7.509369765000029]]]}}, {"type": "Feature", "properties": {"province": "Maguindanao del Norte", "municipality": "Buldon", "barangay": "Mataya"}, "geometry": {"type": "Polygon", "coordinates": [[[124.38014370400003, 7.481158806000052], [124.37970462500003, 7.507480998000061], [124.36979641900007, 7.502847745000055], [124.3704028750001, 7.479881216000022], [124.38014370400003, 7.481158806000052]]]}}, {"type": "Feature", "properties": {"province": "Maguindanao del Norte", "municipality": "Buldon", "barangay": "Minabay"}, "geometry": {"type": "Polygon", "coordinates": [[[124.36428089100004, 7.558848574000023], [124.38415938200002, 7.595477170000039], [124.3511831100001, 7.557414009000071], [124.36428089100004, 7.558848574000023]]]}}, {"type": "Feature", "properties": {"province": "Maguindanao del Norte", "municipality": "Buldon", "barangay": "Nuyo"}, "geometry": {"type": "Polygon", "coordinates": [[[124.49580783400006, 7.519835494000064], [124.4127140270001, 7.509369765000029], [124.3853902090001, 7.476915713000038], [124.38802300300007, 7.465223298000071], [124.40215995700008, 7.441583574000048], [124.48497403500006, 7.438636957000025], [124.49580783400006, 7.519835494000064]]]}}, {"type": "Feature", "properties": {"province": "Maguindanao del Norte", "municipality": "Buldon", "barangay": "Oring"}, "geometry": {"type": "Polygon", "coordinates": [[[124.38355604800006, 7.436710890000027], [124.36775908500012, 7.438567044000022], [124.36668829900009, 7.422417580000059], [124.39081771400005, 7.412906978000024], [124.38355604800006, 7.436710890000027]]]}}, {"type": "Feature", "properties": {"province": "Maguindanao del Norte", "municipality": "Buldon", "barangay": "Pantawan"}, "geometry": {"type": "Polygon", "coordinates": [[[124.49580783400006, 7.519835494000064], [124.47362877100011, 7.622097308000036], [124.39846269300007, 7.533346551000024], [124.4127140270001, 7.509369765000029], [124.49580783400006, 7.519835494000064]]]}}, {"type": "Feature", "properties": {"province": "Maguindanao del Norte", "municipality": "Buldon", "barangay": "Piers"}, "geometry": {"type": "Polygon", "coordinates": [[[124.39846269300007, 7.533346551000024], [124.47362877100011, 7.622097308000036], [124.44675341200002, 7.614101108000057], [124.378990787, 7.544283523000045], [124.3764908490001, 7.531281377000026], [124.39846269300007, 7.533346551000024]]]}}, {"type": "Feature", "properties": {"province": "Maguindanao del Norte", "municipality": "Buldon", "barangay": "Rumidas"}, "geometry": {"type": "Polygon", "coordinates": [[[124.36560100100007, 7.54337368700004], [124.36428089100004, 7.558848574000023], [124.3511831100001, 7.557414009000071], [124.3589305390001, 7.471864872000024], [124.3704028750001, 7.479881216000022], [124.36979641900007, 7.502847745000055], [124.36560100100007, 7.54337368700004]]]}}, {"type": "Feature", "properties": {"province": "Maguindanao del Norte", "municipality": "Parang", "barangay": "Bongo Island"}, "geometry": {"type": "Polygon", "coordinates": [[[124.0405509220001, 7.343030216000047], [124.03476763600008, 7.344507326000044], [124.0224826530001, 7.334134042000073], [124.03594553300002, 7.320583103000045], [124.04224960300007, 7.321520372000064], [124.04355841100005, 7.335398626000027], [124.0405509220001, 7.343030216000047]]]}}, {"type": "Feature", "properties": {"province": "Maguindanao del Norte", "municipality": "Parang", "barangay": "Campo Islam"}, "geometry": {"type": "Polygon", "coordinates": [[[124.26230545500003, 7.37856163400005], [124.25116146300003, 7.395344161000026], [124.25426506700002, 7.380152396000026], [124.25970506700003, 7.376823243000048], [124.26230545500003, 7.37856163400005]]]}}, {"type": "Feature", "properties": {"province": "Maguindanao del Norte", "municipality": "Parang", "barangay": "Cotongan"}, "geometry": {"type": "Polygon", "coordinates": [[[124.03594553300002, 7.320583103000045], [124.0224826530001, 7.334134042000073], [124.01488591700002, 7.321553046000076], [124.03594553300002, 7.320583103000045]]]}}, {"type": "Feature", "properties": {"province": "Maguindanao del Norte", "municipality": "Parang", "barangay": "DATU MACARIMBANG BIRUAR"}, "geometry": {"type": "Polygon", "coordinates": [[[124.045854974, 7.357050762000028], [124.03476763600008, 7.344507326000044], [124.0405509220001, 7.343030216000047], [124.04908340600002, 7.352595666000071], [124.045854974, 7.357050762000028]]]}}, {"type": "Feature", "properties": {"province": "Maguindanao del Norte", "municipality": "Parang", "barangay": "GADUNGAN"}, "geometry": {"type": "Polygon", "coordinates": [[[124.31729163800004, 7.355055308000034], [124.32546355400005, 7.384170005000042], [124.31784364100008, 7.373037503000033], [124.28967183300007, 7.378577429000076], [124.28945917600004, 7.374544631000049], [124.31729163800004, 7.355055308000034]]]}}, {"type": "Feature", "properties": {"province": "Maguindanao del Norte", "municipality": "Parang", "barangay": "GADUNGANPEDPANDARAN"}, "geometry": {"type": "Polygon", "coordinates": [[[124.05472622200013, 7.344156895000027], [124.04908340600002, 7.352595666000071], [124.0405509220001, 7.343030216000047], [124.04355841100005, 7.335398626000027], [124.05472622200013, 7.344156895000027]]]}}, {"type": "Feature", "properties": {"province": "Maguindanao del Norte", "municipality": "Parang", "barangay": "GUIDAY T. BIRUAR"}, "geometry": {"type": "Polygon", "coordinates": [[[124.3516108540001, 7.347539193000045], [124.31729163800004, 7.355055308000034], [124.29404969400002, 7.33886749900006], [124.28812274600013, 7.346952685000076], [124.26283998700002, 7.341617041000061], [124.25662017800005, 7.326046532000021], [124.29326855700003, 7.31244111500007], [124.34264771900007, 7.32849132000007], [124.35131676300011, 7.32748433700004], [124.3516108540001, 7.347539193000045]]]}}, {"type": "Feature", "properties": {"province": "Maguindanao del Norte", "municipality": "Parang", "barangay": "GUMAGADONG CALAWAG"}, "geometry": {"type": "Polygon", "coordinates": [[[124.28744329800008, 7.388411227000064], [124.28912056900005, 7.413950263000062], [124.270405546, 7.411666490000075], [124.27085001700004, 7.396983099000066], [124.27122388400004, 7.384257777000075], [124.27812633400005, 7.384714160000044], [124.28106330800007, 7.384150083000065], [124.28744329800008, 7.388411227000064]]]}}, {"type": "Feature", "properties": {"province": "Maguindanao del Norte", "municipality": "Parang", "barangay": "KABUAN"}, "geometry": {"type": "Polygon", "coordinates": [[[124.3516108540001, 7.347539193000045], [124.3568131170001, 7.364380244000076], [124.31729163800004, 7.355055308000034], [124.3516108540001, 7.347539193000045]]]}}, {"type": "Feature", "properties": {"province": "Maguindanao del Norte", "municipality": "Parang", "barangay": "LANDASAN"}, "geometry": {"type": "Polygon", "coordinates": [[[124.28812274600013, 7.346952685000076], [124.25768738200009, 7.349567499000043], [124.23095185200009, 7.342298522000022], [124.2263048330001, 7.319101069000056], [124.25662017800005, 7.326046532000021], [124.26283998700002, 7.341617041000061], [124.28812274600013, 7.346952685000076]]]}}, {"type": "Feature", "properties": {"province": "Maguindanao del Norte", "municipality": "Parang", "barangay": "LIMBAYAN"}, "geometry": {"type": "Polygon", "coordinates": [[[124.03594553300002, 7.320583103000045], [124.01488591700002, 7.321553046000076], [124.01848581800004, 7.299453158000063], [124.02729442600001, 7.294636294000042], [124.04465251200008, 7.313304752000022], [124.04224960300007, 7.321520372000064], [124.03594553300002, 7.320583103000045]]]}}, {"type": "Feature", "properties": {"province": "Maguindanao del Norte", "municipality": "Parang", "barangay": "MACASANDAG"}, "geometry": {"type": "Polygon", "coordinates": [[[124.27085001700004, 7.396983099000066], [124.270405546, 7.411666490000075], [124.24624586700008, 7.410320630000057], [124.25048300100002, 7.396191722000025], [124.25101355700008, 7.39618657400007], [124.27085001700004, 7.396983099000066]]]}}, {"type": "Feature", "properties": {"province": "Maguindanao del Norte", "municipality": "Parang", "barangay": "MAGSAYSAY"}, "geometry": {"type": "Polygon", "coordinates": [[[124.25784470000009, 7.356959998000036], [124.27170422000006, 7.367342857000039], [124.2605515890001, 7.366507596000075], [124.25784470000009, 7.356959998000036]]]}}, {"type": "Feature", "properties": {"province": "Maguindanao del Norte", "municipality": "Parang", "barangay": "MAKING"}, "geometry": {"type": "Polygon", "coordinates": [[[124.27122388400004, 7.384257777000075], [124.27085001700004, 7.396983099000066], [124.25101355700008, 7.39618657400007], [124.25116146300003, 7.395344161000026], [124.26230545500003, 7.37856163400005], [124.27122388400004, 7.384257777000075]]]}}, {"type": "Feature", "properties": {"province": "Maguindanao del Norte", "municipality": "Parang", "barangay": "MANION"}, "geometry": {"type": "Polygon", "coordinates": [[[124.32546355400005, 7.384170005000042], [124.31646868800011, 7.395249294000049], [124.30519402900008, 7.396117533000051], [124.2891238630001, 7.387601860000078], [124.28967183300007, 7.378577429000076], [124.31784364100008, 7.373037503000033], [124.32546355400005, 7.384170005000042]]]}}, {"type": "Feature", "properties": {"province": "Maguindanao del Norte", "municipality": "Parang", "barangay": "MORO POINT"}, "geometry": {"type": "Polygon", "coordinates": [[[124.25101355700008, 7.39618657400007], [124.25048300100002, 7.396191722000025], [124.25426506700002, 7.380152396000026], [124.25116146300003, 7.395344161000026], [124.25101355700008, 7.39618657400007]]]}}, {"type": "Feature", "properties": {"province": "Maguindanao del Norte", "municipality": "Parang", "barangay": "NITUAN"}, "geometry": {"type": "Polygon", "coordinates": [[[124.28744329800008, 7.388411227000064], [124.28106330800007, 7.384150083000065], [124.27170422000006, 7.367342857000039], [124.25784470000009, 7.356959998000036], [124.25768738200009, 7.349567499000043], [124.28812274600013, 7.346952685000076], [124.28945917600004, 7.374544631000049], [124.28967183300007, 7.378577429000076], [124.2891238630001, 7.387601860000078], [124.28744329800008, 7.388411227000064]]]}}, {"type": "Feature", "properties": {"province": "Maguindanao del Norte", "municipality": "Parang", "barangay": "ORANDANG"}, "geometry": {"type": "Polygon", "coordinates": [[[124.3568131170001, 7.364380244000076], [124.34674568000003, 7.386139154000032], [124.32546355400005, 7.384170005000042], [124.31729163800004, 7.355055308000034], [124.3568131170001, 7.364380244000076]]]}}, {"type": "Feature", "properties": {"province": "Maguindanao del Norte", "municipality": "Parang", "barangay": "PINANTAO"}, "geometry": {"type": "Polygon", "coordinates": [[[124.28912056900005, 7.413950263000062], [124.28530787800003, 7.470345197000028], [124.2614685310001, 7.432809543000073], [124.25184438300005, 7.429401668000025], [124.24293161300011, 7.415296939000028], [124.24624586700008, 7.410320630000057], [124.270405546, 7.411666490000075], [124.28912056900005, 7.413950263000062]]]}}, {"type": "Feature", "properties": {"province": "Maguindanao del Norte", "municipality": "Parang", "barangay": "POBLACION"}, "geometry": {"type": "Polygon", "coordinates": [[[124.28106330800007, 7.384150083000065], [124.27812633400005, 7.384714160000044], [124.25985221400003, 7.373068816000056], [124.2605515890001, 7.366507596000075], [124.27170422000006, 7.367342857000039], [124.28106330800007, 7.384150083000065]]]}}, {"type": "Feature", "properties": {"province": "Maguindanao del Norte", "municipality": "Parang", "barangay": "POBLACION II"}, "geometry": {"type": "Polygon", "coordinates": [[[124.25985221400003, 7.373068816000056], [124.27812633400005, 7.384714160000044], [124.27122388400004, 7.384257777000075], [124.26230545500003, 7.37856163400005], [124.25970506700003, 7.376823243000048], [124.25985221400003, 7.373068816000056]]]}}, {"type": "Feature", "properties": {"province": "Maguindanao del Norte", "municipality": "Parang", "barangay": "POLLOC"}, "geometry": {"type": "Polygon", "coordinates": [[[124.23095185200009, 7.342298522000022], [124.2245370080001, 7.353876874000035], [124.21507583200003, 7.342712554000057], [124.21519856900012, 7.316557179000028], [124.2263048330001, 7.319101069000056], [124.23095185200009, 7.342298522000022]]]}}, {"type": "Feature", "properties": {"province": "Maguindanao del Norte", "municipality": "Parang", "barangay": "SAMBEREN"}, "geometry": {"type": "Polygon", "coordinates": [[[124.31729163800004, 7.355055308000034], [124.28945917600004, 7.374544631000049], [124.28812274600013, 7.346952685000076], [124.29404969400002, 7.33886749900006], [124.31729163800004, 7.355055308000034]]]}}, {"type": "Feature", "properties": {"province": "Maguindanao del Norte", "municipality": "Parang", "barangay": "TAGUDTONGAN"}, "geometry": {"type": "Polygon", "coordinates": [[[124.0579106880001, 7.364908403000072], [124.045854974, 7.357050762000028], [124.04908340600002, 7.352595666000071], [124.05472622200013, 7.344156895000027], [124.06663970800003, 7.352322068000033], [124.0579106880001, 7.364908403000072]]]}}, {"type": "Feature", "properties": {"province": "Maguindanao del Norte", "municipality": "Parang", "barangay": "TUCA-MAROR"}, "geometry": {"type": "Polygon", "coordinates": [[[124.06663970800003, 7.352322068000033], [124.07791665100002, 7.372864867000035], [124.06802002700012, 7.375400205000061], [124.0579106880001, 7.364908403000072], [124.06663970800003, 7.352322068000033]]]}}, {"type": "Feature", "properties": {"province": "Maguindanao del Norte", "municipality": "Northern Kabuntalan", "barangay": "Paulino Labio"}, "geometry": {"type": "Polygon", "coordinates": [[[124.4743464620001, 7.189169511000046], [124.44998205200011, 7.207310200000054], [124.44500246100006, 7.186646840000037], [124.4743464620001, 7.189169511000046]]]}}, {"type": "Feature", "properties": {"province": "Maguindanao del Norte", "municipality": "Northern Kabuntalan", "barangay": "Balong"}, "geometry": {"type": "Polygon", "coordinates": [[[124.4329848430001, 7.151981467000041], [124.42262150100008, 7.158862894000036], [124.40087120400004, 7.116514953000034], [124.41701641200008, 7.109594094000043], [124.43913945600002, 7.147569829000076], [124.4329848430001, 7.151981467000041]]]}}, {"type": "Feature", "properties": {"province": "Maguindanao del Norte", "municipality": "Northern Kabuntalan", "barangay": "Damatog"}, "geometry": {"type": "Polygon", "coordinates": [[[124.44998205200011, 7.207310200000054], [124.43046996100009, 7.210569545000055], [124.40725123800009, 7.169998830000052], [124.41198705900001, 7.166198656000062], [124.42262150100008, 7.158862894000036], [124.4329848430001, 7.151981467000041], [124.44500246100006, 7.186646840000037], [124.44998205200011, 7.207310200000054]]]}}, {"type": "Feature", "properties": {"province": "Maguindanao del Norte", "municipality": "Northern Kabuntalan", "barangay": "Gayonga"}, "geometry": {"type": "Polygon", "coordinates": [[[124.44998205200011, 7.207310200000054], [124.41106387500008, 7.220590678000065], [124.43046996100009, 7.210569545000055], [124.44998205200011, 7.207310200000054]]]}}, {"type": "Feature", "properties": {"province": "Maguindanao del Norte", "municipality": "Northern Kabuntalan", "barangay": "Guiawa"}, "geometry": {"type": "Polygon", "coordinates": [[[124.40725123800009, 7.169998830000052], [124.40313628600006, 7.173100534000072], [124.38461756700009, 7.153181504000032], [124.38828810700012, 7.12897754100004], [124.41198705900001, 7.166198656000062], [124.40725123800009, 7.169998830000052]]]}}, {"type": "Feature", "properties": {"province": "Maguindanao del Norte", "municipality": "Northern Kabuntalan", "barangay": "Indatuan"}, "geometry": {"type": "Polygon", "coordinates": [[[124.4606424540001, 7.133282154000029], [124.4743464620001, 7.189169511000046], [124.44500246100006, 7.186646840000037], [124.4329848430001, 7.151981467000041], [124.43913945600002, 7.147569829000076], [124.4606424540001, 7.133282154000029]]]}}, {"type": "Feature", "properties": {"province": "Maguindanao del Norte", "municipality": "Northern Kabuntalan", "barangay": "Kapimpilan"}, "geometry": {"type": "Polygon", "coordinates": [[[124.40313628600006, 7.173100534000072], [124.38450977200013, 7.178378673000055], [124.36247848100004, 7.166813833000048], [124.36101264700004, 7.162011655000073], [124.38461756700009, 7.153181504000032], [124.40313628600006, 7.173100534000072]]]}}, {"type": "Feature", "properties": {"province": "Maguindanao del Norte", "municipality": "Northern Kabuntalan", "barangay": "Montay"}, "geometry": {"type": "Polygon", "coordinates": [[[124.4606424540001, 7.133282154000029], [124.43913945600002, 7.147569829000076], [124.41701641200008, 7.109594094000043], [124.4606424540001, 7.133282154000029]]]}}, {"type": "Feature", "properties": {"province": "Maguindanao del Norte", "municipality": "Northern Kabuntalan", "barangay": "Sabaken"}, "geometry": {"type": "Polygon", "coordinates": [[[124.41106387500008, 7.220590678000065], [124.38450977200013, 7.178378673000055], [124.40313628600006, 7.173100534000072], [124.40725123800009, 7.169998830000052], [124.43046996100009, 7.210569545000055], [124.41106387500008, 7.220590678000065]]]}}, {"type": "Feature", "properties": {"province": "Maguindanao del Norte", "municipality": "Northern Kabuntalan", "barangay": "Tumaguinting"}, "geometry": {"type": "Polygon", "coordinates": [[[124.42262150100008, 7.158862894000036], [124.41198705900001, 7.166198656000062], [124.38828810700012, 7.12897754100004], [124.40087120400004, 7.116514953000034], [124.42262150100008, 7.158862894000036]]]}}, {"type": "Feature", "properties": {"province": "Maguindanao del Norte", "municipality": "Kabuntalan", "barangay": "Poblacion"}, "geometry": {"type": "Polygon", "coordinates": [[[124.38480449700013, 7.126746841000056], [124.38174308900011, 7.127602850000073], [124.38296994300005, 7.114595156000063], [124.38899212700007, 7.112793122000027], [124.39031843100008, 7.123179335000031], [124.38480449700013, 7.126746841000056]]]}}, {"type": "Feature", "properties": {"province": "Maguindanao del Norte", "municipality": "Kabuntalan", "barangay": "Bagumbayan"}, "geometry": {"type": "Polygon", "coordinates": [[[124.37036002100001, 7.130728730000043], [124.35862286700002, 7.133848701000033], [124.35466245700002, 7.118189237000023], [124.37016636000011, 7.115468961000034], [124.37036002100001, 7.130728730000043]]]}}, {"type": "Feature", "properties": {"province": "Maguindanao del Norte", "municipality": "Kabuntalan", "barangay": "Buterin"}, "geometry": {"type": "Polygon", "coordinates": [[[124.36872000400002, 7.098589126000035], [124.32060086700005, 7.121510019000028], [124.37207997100006, 7.075785302000043], [124.42444713900011, 7.069908126000029], [124.40356696100002, 7.080032955000036], [124.38358568500009, 7.089155835000041], [124.36872000400002, 7.098589126000035]]]}}, {"type": "Feature", "properties": {"province": "Maguindanao del Norte", "municipality": "Kabuntalan", "barangay": "Dadtumog"}, "geometry": {"type": "Polygon", "coordinates": [[[124.35862286700002, 7.133848701000033], [124.340362088, 7.140094391000047], [124.34136436300004, 7.124177656000029], [124.35466245700002, 7.118189237000023], [124.35862286700002, 7.133848701000033]]]}}, {"type": "Feature", "properties": {"province": "Maguindanao del Norte", "municipality": "Kabuntalan", "barangay": "Gambar"}, "geometry": {"type": "Polygon", "coordinates": [[[124.37387037300005, 7.156176895000044], [124.35590381000009, 7.150148694000052], [124.340362088, 7.140094391000047], [124.35862286700002, 7.133848701000033], [124.37036002100001, 7.130728730000043], [124.37387037300005, 7.156176895000044]]]}}, {"type": "Feature", "properties": {"province": "Maguindanao del Norte", "municipality": "Kabuntalan", "barangay": "Ganta"}, "geometry": {"type": "Polygon", "coordinates": [[[124.39598041900003, 7.120905672000048], [124.38697176000007, 7.131646176000061], [124.38480449700013, 7.126746841000056], [124.39031843100008, 7.123179335000031], [124.39598041900003, 7.120905672000048]]]}}, {"type": "Feature", "properties": {"province": "Maguindanao del Norte", "municipality": "Kabuntalan", "barangay": "Langeban"}, "geometry": {"type": "Polygon", "coordinates": [[[124.35466245700002, 7.118189237000023], [124.34136436300004, 7.124177656000029], [124.32060086700005, 7.121510019000028], [124.36872000400002, 7.098589126000035], [124.37249414600002, 7.116029410000068], [124.37016636000011, 7.115468961000034], [124.35466245700002, 7.118189237000023]]]}}, {"type": "Feature", "properties": {"province": "Maguindanao del Norte", "municipality": "Kabuntalan", "barangay": "Liong"}, "geometry": {"type": "Polygon", "coordinates": [[[124.38296994300005, 7.114595156000063], [124.37249414600002, 7.116029410000068], [124.36872000400002, 7.098589126000035], [124.38358568500009, 7.089155835000041], [124.39168022800004, 7.111045270000033], [124.38899212700007, 7.112793122000027], [124.38296994300005, 7.114595156000063]]]}}, {"type": "Feature", "properties": {"province": "Maguindanao del Norte", "municipality": "Kabuntalan", "barangay": "Lower Taviran"}, "geometry": {"type": "Polygon", "coordinates": [[[124.33571125600008, 7.142112395000026], [124.3154022240001, 7.150922117000049], [124.32060086700005, 7.121510019000028], [124.33571125600008, 7.142112395000026]]]}}, {"type": "Feature", "properties": {"province": "Maguindanao del Norte", "municipality": "Kabuntalan", "barangay": "Maitong"}, "geometry": {"type": "Polygon", "coordinates": [[[124.42444713900011, 7.069908126000029], [124.40298358300004, 7.11366272400005], [124.3961856950001, 7.106582289000074], [124.40356696100002, 7.080032955000036], [124.42444713900011, 7.069908126000029]]]}}, {"type": "Feature", "properties": {"province": "Maguindanao del Norte", "municipality": "Kabuntalan", "barangay": "Matilak"}, "geometry": {"type": "Polygon", "coordinates": [[[124.39598041900003, 7.120905672000048], [124.39031843100008, 7.123179335000031], [124.38899212700007, 7.112793122000027], [124.39168022800004, 7.111045270000033], [124.3961856950001, 7.106582289000074], [124.40298358300004, 7.11366272400005], [124.39598041900003, 7.120905672000048]]]}}, {"type": "Feature", "properties": {"province": "Maguindanao del Norte", "municipality": "Kabuntalan", "barangay": "Pagalungan"}, "geometry": {"type": "Polygon", "coordinates": [[[124.38697176000007, 7.131646176000061], [124.37387037300005, 7.156176895000044], [124.37036002100001, 7.130728730000043], [124.38174308900011, 7.127602850000073], [124.38480449700013, 7.126746841000056], [124.38697176000007, 7.131646176000061]]]}}, {"type": "Feature", "properties": {"province": "Maguindanao del Norte", "municipality": "Kabuntalan", "barangay": "Payan"}, "geometry": {"type": "Polygon", "coordinates": [[[124.31715446400005, 7.170178717000055], [124.3154022240001, 7.150922117000049], [124.33571125600008, 7.142112395000026], [124.340362088, 7.140094391000047], [124.35590381000009, 7.150148694000052], [124.345450678, 7.155456034000053], [124.31715446400005, 7.170178717000055]]]}}, {"type": "Feature", "properties": {"province": "Maguindanao del Norte", "municipality": "Kabuntalan", "barangay": "Pedtad"}, "geometry": {"type": "Polygon", "coordinates": [[[124.38174308900011, 7.127602850000073], [124.37036002100001, 7.130728730000043], [124.37016636000011, 7.115468961000034], [124.37249414600002, 7.116029410000068], [124.38296994300005, 7.114595156000063], [124.38174308900011, 7.127602850000073]]]}}, {"type": "Feature", "properties": {"province": "Maguindanao del Norte", "municipality": "Kabuntalan", "barangay": "Pened"}, "geometry": {"type": "Polygon", "coordinates": [[[124.3961856950001, 7.106582289000074], [124.39168022800004, 7.111045270000033], [124.38358568500009, 7.089155835000041], [124.40356696100002, 7.080032955000036], [124.3961856950001, 7.106582289000074]]]}}, {"type": "Feature", "properties": {"province": "Maguindanao del Norte", "municipality": "Kabuntalan", "barangay": "Upper Taviran"}, "geometry": {"type": "Polygon", "coordinates": [[[124.340362088, 7.140094391000047], [124.33571125600008, 7.142112395000026], [124.32060086700005, 7.121510019000028], [124.34136436300004, 7.124177656000029], [124.340362088, 7.140094391000047]]]}}, {"type": "Feature", "properties": {"province": "Maguindanao del Norte", "municipality": "Talitay", "barangay": "Talitay"}, "geometry": {"type": "Polygon", "coordinates": [[[124.37889978300007, 7.036656179000033], [124.377140531, 7.043873702000041], [124.37500299400006, 7.04380685600006], [124.3586650420001, 7.029512540000041], [124.36600823400012, 7.014722306000066], [124.37841481700003, 7.021581261000052], [124.37889978300007, 7.036656179000033]]]}}, {"type": "Feature", "properties": {"province": "Maguindanao del Norte", "municipality": "Talitay", "barangay": "Bintan"}, "geometry": {"type": "Polygon", "coordinates": [[[124.37500299400006, 7.04380685600006], [124.36109053900009, 7.052782444000059], [124.33438561000001, 7.016023696000047], [124.3586650420001, 7.029512540000041], [124.37500299400006, 7.04380685600006]]]}}, {"type": "Feature", "properties": {"province": "Maguindanao del Norte", "municipality": "Talitay", "barangay": "Gadungan"}, "geometry": {"type": "Polygon", "coordinates": [[[124.3923591680001, 7.044705774000021], [124.38600133900002, 7.052952698000068], [124.377140531, 7.043873702000041], [124.37889978300007, 7.036656179000033], [124.39298995800006, 7.034088389000034], [124.3923591680001, 7.044705774000021]]]}}, {"type": "Feature", "properties": {"province": "Maguindanao del Norte", "municipality": "Talitay", "barangay": "Kiladap"}, "geometry": {"type": "Polygon", "coordinates": [[[124.37841481700003, 7.021581261000052], [124.36600823400012, 7.014722306000066], [124.35953102700012, 7.007802860000027], [124.36630632000004, 7.00347096200005], [124.38034323000011, 7.017918893000058], [124.37841481700003, 7.021581261000052]]]}}, {"type": "Feature", "properties": {"province": "Maguindanao del Norte", "municipality": "Talitay", "barangay": "Kilalan"}, "geometry": {"type": "Polygon", "coordinates": [[[124.3851112540001, 7.071516991000067], [124.36109053900009, 7.052782444000059], [124.37500299400006, 7.04380685600006], [124.377140531, 7.043873702000041], [124.38600133900002, 7.052952698000068], [124.3851112540001, 7.071516991000067]]]}}, {"type": "Feature", "properties": {"province": "Maguindanao del Norte", "municipality": "Talitay", "barangay": "Kuden"}, "geometry": {"type": "Polygon", "coordinates": [[[124.3586650420001, 7.029512540000041], [124.33438561000001, 7.016023696000047], [124.35953102700012, 7.007802860000027], [124.36600823400012, 7.014722306000066], [124.3586650420001, 7.029512540000041]]]}}, {"type": "Feature", "properties": {"province": "Maguindanao del Norte", "municipality": "Talitay", "barangay": "Makadayon"}, "geometry": {"type": "Polygon", "coordinates": [[[124.38025553500007, 7.014505021000048], [124.38034323000011, 7.017918893000058], [124.36630632000004, 7.00347096200005], [124.38025553500007, 7.014505021000048]]]}}, {"type": "Feature", "properties": {"province": "Maguindanao del Norte", "municipality": "Talitay", "barangay": "Manggay"}, "geometry": {"type": "Polygon", "coordinates": [[[124.39298995800006, 7.034088389000034], [124.37889978300007, 7.036656179000033], [124.37841481700003, 7.021581261000052], [124.38034323000011, 7.017918893000058], [124.38025553500007, 7.014505021000048], [124.39298995800006, 7.034088389000034]]]}}, {"type": "Feature", "properties": {"province": "Maguindanao del Norte", "municipality": "Talitay", "barangay": "Pageda"}, "geometry": {"type": "Polygon", "coordinates": [[[124.3923591680001, 7.044705774000021], [124.3851112540001, 7.071516991000067], [124.38600133900002, 7.052952698000068], [124.3923591680001, 7.044705774000021]]]}}, {"type": "Feature", "properties": {"province": "Maguindanao del Norte", "municipality": "Sultan Kudarat (5-Brgys)", "barangay": "Bulibod"}, "geometry": {"type": "Polygon", "coordinates": [[[124.28208766400009, 7.224301938000052], [124.27820778800005, 7.225663482000071], [124.26484637600004, 7.223870597000031], [124.26299592600004, 7.224836556000069], [124.26134463500011, 7.21722869700005], [124.27189008000006, 7.210193519000031], [124.27449737000006, 7.210408376000032], [124.28208766400009, 7.224301938000052]]]}}, {"type": "Feature", "properties": {"province": "Maguindanao del Norte", "municipality": "Sultan Kudarat (5-Brgys)", "barangay": "Kabuntalan"}, "geometry": {"type": "Polygon", "coordinates": [[[124.27189008000006, 7.210193519000031], [124.26134463500011, 7.21722869700005], [124.26619465300008, 7.203504649000025], [124.27230889100008, 7.204861052000068], [124.27189008000006, 7.210193519000031]]]}}, {"type": "Feature", "properties": {"province": "Maguindanao del Norte", "municipality": "Sultan Kudarat (5-Brgys)", "barangay": "Kapimpilan"}, "geometry": {"type": "Polygon", "coordinates": [[[124.28741067300007, 7.221569319000024], [124.28208766400009, 7.224301938000052], [124.27449737000006, 7.210408376000032], [124.29756747800002, 7.191245694000029], [124.2996078990001, 7.193188337000039], [124.30432760200006, 7.199199204000025], [124.29307490200006, 7.217496019000064], [124.28741067300007, 7.221569319000024]]]}}, {"type": "Feature", "properties": {"province": "Maguindanao del Norte", "municipality": "Sultan Kudarat (5-Brgys)", "barangay": "Katamlangan"}, "geometry": {"type": "Polygon", "coordinates": [[[124.29756747800002, 7.191245694000029], [124.27230889100008, 7.204861052000068], [124.26619465300008, 7.203504649000025], [124.29663978100005, 7.17411555800004], [124.3195438040001, 7.173672914000064], [124.2996078990001, 7.193188337000039], [124.29756747800002, 7.191245694000029]]]}}, {"type": "Feature", "properties": {"province": "Maguindanao del Norte", "municipality": "Datu Udin Sinsuat", "barangay": "Dalican Poblacion"}, "geometry": {"type": "Polygon", "coordinates": [[[124.33133438700008, 7.025812093000069], [124.32006225000009, 7.027304292000053], [124.30700866500003, 7.023414212000032], [124.30720992300009, 7.022416207000048], [124.316890295, 6.999869153000019], [124.33133438700008, 7.025812093000069]]]}}, {"type": "Feature", "properties": {"province": "Maguindanao del Norte", "municipality": "Datu Udin Sinsuat", "barangay": "Ambolodto"}, "geometry": {"type": "Polygon", "coordinates": [[[124.34688263400005, 7.062600602000033], [124.32660580100004, 7.070257615000058], [124.32139706800001, 7.069711048000044], [124.31874673500012, 7.049234156000066], [124.32539438800008, 7.049285145000056], [124.33473364800012, 7.05165519700006], [124.34462706100008, 7.055694642000049], [124.34688263400005, 7.062600602000033]]]}}, {"type": "Feature", "properties": {"province": "Maguindanao del Norte", "municipality": "Datu Udin Sinsuat", "barangay": "Awang"}, "geometry": {"type": "Polygon", "coordinates": [[[124.21593968200011, 7.164535487000023], [124.19947623400002, 7.168933164000066], [124.20329710900012, 7.132497159000025], [124.2384374290001, 7.136634583000045], [124.24931761000006, 7.157349915000053], [124.22385155400002, 7.165045168000061], [124.21593968200011, 7.164535487000023]]]}}, {"type": "Feature", "properties": {"province": "Maguindanao del Norte", "municipality": "Datu Udin Sinsuat", "barangay": "Badak"}, "geometry": {"type": "Polygon", "coordinates": [[[124.13576800900013, 7.106861328000035], [124.12616632700008, 7.160554545000025], [124.10337540000012, 7.14773479300004], [124.10608802800004, 7.106291421000037], [124.13576800900013, 7.106861328000035]]]}}, {"type": "Feature", "properties": {"province": "Maguindanao del Norte", "municipality": "Datu Udin Sinsuat", "barangay": "Bagoenged"}, "geometry": {"type": "Polygon", "coordinates": [[[124.316890295, 6.999869153000019], [124.30720992300009, 7.022416207000048], [124.28860769200004, 7.013008071000057], [124.28863104600009, 7.012910705000024], [124.296694397, 6.989300519000039], [124.316890295, 6.999869153000019]]]}}, {"type": "Feature", "properties": {"province": "Maguindanao del Norte", "municipality": "Datu Udin Sinsuat", "barangay": "Baka"}, "geometry": {"type": "Polygon", "coordinates": [[[124.355900001, 7.086459574000059], [124.32493204700006, 7.115385307000053], [124.30139574000009, 7.105632874000036], [124.26485996100007, 7.101927760000023], [124.26824148800006, 7.077739907000023], [124.2944239210001, 7.077360906000023], [124.3274673100001, 7.084508076000077], [124.35027068000012, 7.08587852100004], [124.355900001, 7.086459574000059]]]}}, {"type": "Feature", "properties": {"province": "Maguindanao del Norte", "municipality": "Datu Udin Sinsuat", "barangay": "Benolen"}, "geometry": {"type": "Polygon", "coordinates": [[[124.30700866500003, 7.023414212000032], [124.30531349500008, 7.032152764000045], [124.28559890200007, 7.021053280000047], [124.28860769200004, 7.013008071000057], [124.30720992300009, 7.022416207000048], [124.30700866500003, 7.023414212000032]]]}}, {"type": "Feature", "properties": {"province": "Maguindanao del Norte", "municipality": "Datu Udin Sinsuat", "barangay": "Bitu"}, "geometry": {"type": "Polygon", "coordinates": [[[124.30689461200008, 7.143588734000049], [124.29259301800006, 7.154546379000067], [124.26182800700008, 7.131852119000031], [124.26257192700005, 7.122539365000024], [124.30689461200008, 7.143588734000049]]]}}, {"type": "Feature", "properties": {"province": "Maguindanao del Norte", "municipality": "Datu Udin Sinsuat", "barangay": "Bugawas"}, "geometry": {"type": "Polygon", "coordinates": [[[124.32660580100004, 7.070257615000058], [124.3274673100001, 7.084508076000077], [124.2944239210001, 7.077360906000023], [124.29498691400012, 7.064834725000025], [124.32139706800001, 7.069711048000044], [124.32660580100004, 7.070257615000058]]]}}, {"type": "Feature", "properties": {"province": "Maguindanao del Norte", "municipality": "Datu Udin Sinsuat", "barangay": "Bongued"}, "geometry": {"type": "Polygon", "coordinates": [[[124.37164084300004, 7.063492020000069], [124.34462706100008, 7.055694642000049], [124.33473364800012, 7.05165519700006], [124.3360709420001, 7.031507934000045], [124.37164084300004, 7.063492020000069]]]}}, {"type": "Feature", "properties": {"province": "Maguindanao del Norte", "municipality": "Datu Udin Sinsuat", "barangay": "Capiton"}, "geometry": {"type": "Polygon", "coordinates": [[[124.25371564500007, 7.165735402000053], [124.23375973800012, 7.172310260000073], [124.22385155400002, 7.165045168000061], [124.24931761000006, 7.157349915000053], [124.25371564500007, 7.165735402000053]]]}}, {"type": "Feature", "properties": {"province": "Maguindanao del Norte", "municipality": "Datu Udin Sinsuat", "barangay": "Dados"}, "geometry": {"type": "Polygon", "coordinates": [[[124.3360709420001, 7.031507934000045], [124.33473364800012, 7.05165519700006], [124.32539438800008, 7.049285145000056], [124.32006225000009, 7.027304292000053], [124.33133438700008, 7.025812093000069], [124.3360709420001, 7.031507934000045]]]}}, {"type": "Feature", "properties": {"province": "Maguindanao del Norte", "municipality": "Datu Udin Sinsuat", "barangay": "Dinaig Proper"}, "geometry": {"type": "Polygon", "coordinates": [[[124.19947623400002, 7.168933164000066], [124.20564558100011, 7.19524128300003], [124.1854472030001, 7.192727532000049], [124.17462739300004, 7.174498362000064], [124.19028337700001, 7.102531704000057], [124.21581402800007, 7.093291384000053], [124.20329710900012, 7.132497159000025], [124.19947623400002, 7.168933164000066]]]}}, {"type": "Feature", "properties": {"province": "Maguindanao del Norte", "municipality": "Datu Udin Sinsuat", "barangay": "Dulangan"}, "geometry": {"type": "Polygon", "coordinates": [[[124.29259301800006, 7.154546379000067], [124.2820032520001, 7.159129629000062], [124.25465217400006, 7.133311080000055], [124.26182800700008, 7.131852119000031], [124.29259301800006, 7.154546379000067]]]}}, {"type": "Feature", "properties": {"province": "Maguindanao del Norte", "municipality": "Datu Udin Sinsuat", "barangay": "Kakar"}, "geometry": {"type": "Polygon", "coordinates": [[[124.37164084300004, 7.063492020000069], [124.37207997100006, 7.075785302000043], [124.355900001, 7.086459574000059], [124.35027068000012, 7.08587852100004], [124.34688263400005, 7.062600602000033], [124.34462706100008, 7.055694642000049], [124.37164084300004, 7.063492020000069]]]}}, {"type": "Feature", "properties": {"province": "Maguindanao del Norte", "municipality": "Datu Udin Sinsuat", "barangay": "Kenebeka"}, "geometry": {"type": "Polygon", "coordinates": [[[124.27480470000013, 7.00489628400004], [124.26438460100007, 7.028229490000058], [124.21953668400009, 7.01565911700004], [124.22030280600006, 6.993229956000048], [124.27480470000013, 7.00489628400004]]]}}, {"type": "Feature", "properties": {"province": "Maguindanao del Norte", "municipality": "Datu Udin Sinsuat", "barangay": "Kurintem"}, "geometry": {"type": "Polygon", "coordinates": [[[124.31874673500012, 7.049234156000066], [124.32139706800001, 7.069711048000044], [124.29498691400012, 7.064834725000025], [124.29561640400006, 7.049058345000047], [124.31874673500012, 7.049234156000066]]]}}, {"type": "Feature", "properties": {"province": "Maguindanao del Norte", "municipality": "Datu Udin Sinsuat", "barangay": "Kusiong"}, "geometry": {"type": "Polygon", "coordinates": [[[124.10337540000012, 7.14773479300004], [124.06615094100003, 7.144769745000076], [124.07329493600004, 7.107535644000052], [124.10608802800004, 7.106291421000037], [124.10337540000012, 7.14773479300004]]]}}, {"type": "Feature", "properties": {"province": "Maguindanao del Norte", "municipality": "Datu Udin Sinsuat", "barangay": "Labungan"}, "geometry": {"type": "Polygon", "coordinates": [[[124.2384374290001, 7.136634583000045], [124.20329710900012, 7.132497159000025], [124.21581402800007, 7.093291384000053], [124.21472790200006, 7.077381363000028], [124.26824148800006, 7.077739907000023], [124.26485996100007, 7.101927760000023], [124.26352414100006, 7.112854460000049], [124.26257192700005, 7.122539365000024], [124.26182800700008, 7.131852119000031], [124.25465217400006, 7.133311080000055], [124.24565803100006, 7.135138740000059], [124.2384374290001, 7.136634583000045]]]}}, {"type": "Feature", "properties": {"province": "Maguindanao del Norte", "municipality": "Datu Udin Sinsuat", "barangay": "Linek"}, "geometry": {"type": "Polygon", "coordinates": [[[124.15781144400012, 7.107281621000025], [124.15073136800005, 7.172529185000031], [124.12616632700008, 7.160554545000025], [124.13576800900013, 7.106861328000035], [124.15781144400012, 7.107281621000025]]]}}, {"type": "Feature", "properties": {"province": "Maguindanao del Norte", "municipality": "Datu Udin Sinsuat", "barangay": "Makir"}, "geometry": {"type": "Polygon", "coordinates": [[[124.32006225000009, 7.027304292000053], [124.32539438800008, 7.049285145000056], [124.31874673500012, 7.049234156000066], [124.29561640400006, 7.049058345000047], [124.29588657300008, 7.042282657000043], [124.30531349500008, 7.032152764000045], [124.30700866500003, 7.023414212000032], [124.32006225000009, 7.027304292000053]]]}}, {"type": "Feature", "properties": {"province": "Maguindanao del Norte", "municipality": "Datu Udin Sinsuat", "barangay": "Margues"}, "geometry": {"type": "Polygon", "coordinates": [[[124.31461831400007, 7.131880808000061], [124.30689461200008, 7.143588734000049], [124.26257192700005, 7.122539365000024], [124.26352414100006, 7.112854460000049], [124.31461831400007, 7.131880808000061]]]}}, {"type": "Feature", "properties": {"province": "Maguindanao del Norte", "municipality": "Datu Udin Sinsuat", "barangay": "Mompong"}, "geometry": {"type": "Polygon", "coordinates": [[[124.1854472030001, 7.192727532000049], [124.16537119400004, 7.194363919000068], [124.15073136800005, 7.172529185000031], [124.15781144400012, 7.107281621000025], [124.19028337700001, 7.102531704000057], [124.17462739300004, 7.174498362000064], [124.1854472030001, 7.192727532000049]]]}}, {"type": "Feature", "properties": {"province": "Maguindanao del Norte", "municipality": "Datu Udin Sinsuat", "barangay": "Nekitan"}, "geometry": {"type": "Polygon", "coordinates": [[[124.30531349500008, 7.032152764000045], [124.29588657300008, 7.042282657000043], [124.27894072200002, 7.034729281000067], [124.28559890200007, 7.021053280000047], [124.30531349500008, 7.032152764000045]]]}}, {"type": "Feature", "properties": {"province": "Maguindanao del Norte", "municipality": "Datu Udin Sinsuat", "barangay": "Sapalan"}, "geometry": {"type": "Polygon", "coordinates": [[[124.34688263400005, 7.062600602000033], [124.35027068000012, 7.08587852100004], [124.3274673100001, 7.084508076000077], [124.32660580100004, 7.070257615000058], [124.34688263400005, 7.062600602000033]]]}}, {"type": "Feature", "properties": {"province": "Maguindanao del Norte", "municipality": "Datu Udin Sinsuat", "barangay": "Semba"}, "geometry": {"type": "Polygon", "coordinates": [[[124.21881086600001, 7.186243737000042], [124.20564558100011, 7.19524128300003], [124.19947623400002, 7.168933164000066], [124.21593968200011, 7.164535487000023], [124.21881086600001, 7.186243737000042]]]}}, {"type": "Feature", "properties": {"province": "Maguindanao del Norte", "municipality": "Datu Udin Sinsuat", "barangay": "Sibuto"}, "geometry": {"type": "Polygon", "coordinates": [[[124.28559890200007, 7.021053280000047], [124.27894072200002, 7.034729281000067], [124.26438460100007, 7.028229490000058], [124.27480470000013, 7.00489628400004], [124.28863104600009, 7.012910705000024], [124.28860769200004, 7.013008071000057], [124.28559890200007, 7.021053280000047]]]}}, {"type": "Feature", "properties": {"province": "Maguindanao del Norte", "municipality": "Datu Udin Sinsuat", "barangay": "Sifaren"}, "geometry": {"type": "Polygon", "coordinates": [[[124.2944239210001, 7.077360906000023], [124.26824148800006, 7.077739907000023], [124.21472790200006, 7.077381363000028], [124.22288475000005, 7.052081274000044], [124.21953668400009, 7.01565911700004], [124.26438460100007, 7.028229490000058], [124.27894072200002, 7.034729281000067], [124.29588657300008, 7.042282657000043], [124.29561640400006, 7.049058345000047], [124.29498691400012, 7.064834725000025], [124.2944239210001, 7.077360906000023]]]}}, {"type": "Feature", "properties": {"province": "Maguindanao del Norte", "municipality": "Datu Udin Sinsuat", "barangay": "Tambak"}, "geometry": {"type": "Polygon", "coordinates": [[[124.2820032520001, 7.159129629000062], [124.27405138800009, 7.163235990000032], [124.24565803100006, 7.135138740000059], [124.25465217400006, 7.133311080000055], [124.2820032520001, 7.159129629000062]]]}}, {"type": "Feature", "properties": {"province": "Maguindanao del Norte", "municipality": "Datu Udin Sinsuat", "barangay": "Tamontaka"}, "geometry": {"type": "Polygon", "coordinates": [[[124.23375973800012, 7.172310260000073], [124.21881086600001, 7.186243737000042], [124.21593968200011, 7.164535487000023], [124.22385155400002, 7.165045168000061], [124.23375973800012, 7.172310260000073]]]}}, {"type": "Feature", "properties": {"province": "Maguindanao del Norte", "municipality": "Datu Udin Sinsuat", "barangay": "Tanuel"}, "geometry": {"type": "Polygon", "coordinates": [[[124.27405138800009, 7.163235990000032], [124.25371564500007, 7.165735402000053], [124.24931761000006, 7.157349915000053], [124.2384374290001, 7.136634583000045], [124.24565803100006, 7.135138740000059], [124.27405138800009, 7.163235990000032]]]}}, {"type": "Feature", "properties": {"province": "Maguindanao del Norte", "municipality": "Datu Udin Sinsuat", "barangay": "Tapian"}, "geometry": {"type": "Polygon", "coordinates": [[[124.07329493600004, 7.107535644000052], [124.06615094100003, 7.144769745000076], [124.04416981700001, 7.11551023000004], [124.07329493600004, 7.107535644000052]]]}}, {"type": "Feature", "properties": {"province": "Maguindanao del Norte", "municipality": "Datu Udin Sinsuat", "barangay": "Taviran"}, "geometry": {"type": "Polygon", "coordinates": [[[124.32493204700006, 7.115385307000053], [124.31461831400007, 7.131880808000061], [124.26352414100006, 7.112854460000049], [124.26485996100007, 7.101927760000023], [124.30139574000009, 7.105632874000036], [124.32493204700006, 7.115385307000053]]]}}, {"type": "Feature", "properties": {"province": "Maguindanao del Norte", "municipality": "Datu Udin Sinsuat", "barangay": "Tenonggos"}, "geometry": {"type": "Polygon", "coordinates": [[[124.28863104600009, 7.012910705000024], [124.27480470000013, 7.00489628400004], [124.22030280600006, 6.993229956000048], [124.22164342100007, 6.968502340000042], [124.296694397, 6.989300519000039], [124.28863104600009, 7.012910705000024]]]}}, {"type": "Feature", "properties": {"province": "Maguindanao del Norte", "municipality": "Datu Blah Sinsuat", "barangay": "Kinimi"}, "geometry": {"type": "Polygon", "coordinates": [[[124.02638068800002, 6.905967209000039], [123.96306817100002, 6.915214147000028], [123.95680852300005, 6.910163674000046], [123.95685311500006, 6.893879222000066], [123.97025622700005, 6.883312497000075], [123.97262014300009, 6.862136935000023], [123.95767988800003, 6.854741232000038], [124.01152261100003, 6.858229576000042], [124.02638068800002, 6.905967209000039]]]}}, {"type": "Feature", "properties": {"province": "Maguindanao del Norte", "municipality": "Datu Blah Sinsuat", "barangay": "Laguitan"}, "geometry": {"type": "Polygon", "coordinates": [[[124.03567678400009, 6.769100863000063], [124.04105105800011, 6.75096194200006], [124.03796515700003, 6.743848047000029], [124.07790114100011, 6.743177141000046], [124.07666409600006, 6.782343593000064], [124.03567678400009, 6.769100863000063]]]}}, {"type": "Feature", "properties": {"province": "Maguindanao del Norte", "municipality": "Datu Blah Sinsuat", "barangay": "Lapaken"}, "geometry": {"type": "Polygon", "coordinates": [[[123.98425463500008, 6.81720301400003], [123.94853473900002, 6.82398757900006], [123.96246307300011, 6.811868152000044], [123.96187324400012, 6.795941368000059], [123.98425463500008, 6.81720301400003]]]}}, {"type": "Feature", "properties": {"province": "Maguindanao del Norte", "municipality": "Datu Blah Sinsuat", "barangay": "Matuber"}, "geometry": {"type": "Polygon", "coordinates": [[[124.06116296900007, 7.074907611000071], [124.06297952800003, 7.108076953000023], [124.04416981700001, 7.11551023000004], [124.03675816000009, 7.10426396500003], [124.03765144400006, 7.096199836000039], [124.02608059900001, 7.082701490000033], [124.06116296900007, 7.074907611000071]]]}}, {"type": "Feature", "properties": {"province": "Maguindanao del Norte", "municipality": "Datu Blah Sinsuat", "barangay": "Meti"}, "geometry": {"type": "Polygon", "coordinates": [[[124.04277783600003, 6.82633689200003], [124.02287183800003, 6.836799244000076], [124.01019489700003, 6.851662522000026], [124.00331882500006, 6.813891045000049], [123.99912384600007, 6.794942125000032], [124.021321897, 6.788096549000045], [124.0447982070001, 6.805422837000037], [124.04277783600003, 6.82633689200003]]]}}, {"type": "Feature", "properties": {"province": "Maguindanao del Norte", "municipality": "Datu Blah Sinsuat", "barangay": "Nalkan"}, "geometry": {"type": "Polygon", "coordinates": [[[124.04854786600002, 6.936334600000065], [123.97597179700006, 6.970144280000056], [123.96979993400011, 6.963654424000025], [123.9696050010001, 6.939734955000063], [124.03568381100001, 6.91961406400003], [124.04854786600002, 6.936334600000065]]]}}, {"type": "Feature", "properties": {"province": "Maguindanao del Norte", "municipality": "Datu Blah Sinsuat", "barangay": "Penansaran"}, "geometry": {"type": "Polygon", "coordinates": [[[124.05217550300006, 7.029436757000039], [124.01547314000004, 7.058529535000047], [124.01250163300006, 7.050464428000054], [124.00093955600006, 7.039937004000023], [124.05225537200009, 7.001675027000032], [124.05874236600005, 7.024276432000021], [124.05217550300006, 7.029436757000039]]]}}, {"type": "Feature", "properties": {"province": "Maguindanao del Norte", "municipality": "Datu Blah Sinsuat", "barangay": "Pura"}, "geometry": {"type": "Polygon", "coordinates": [[[124.06116296900007, 7.074907611000071], [124.02608059900001, 7.082701490000033], [124.01547314000004, 7.058529535000047], [124.05217550300006, 7.029436757000039], [124.0603119110001, 7.050945191000039], [124.06116296900007, 7.074907611000071]]]}}, {"type": "Feature", "properties": {"province": "Maguindanao del Norte", "municipality": "Datu Blah Sinsuat", "barangay": "Resa"}, "geometry": {"type": "Polygon", "coordinates": [[[124.01019489700003, 6.851662522000026], [124.01152261100003, 6.858229576000042], [123.95767988800003, 6.854741232000038], [123.95743405800012, 6.840958313000045], [123.96319545000006, 6.833606887000029], [123.95839464400002, 6.824678382000059], [123.94853473900002, 6.82398757900006], [123.98425463500008, 6.81720301400003], [124.00331882500006, 6.813891045000049], [124.01019489700003, 6.851662522000026]]]}}, {"type": "Feature", "properties": {"province": "Maguindanao del Norte", "municipality": "Datu Blah Sinsuat", "barangay": "Sedem"}, "geometry": {"type": "Polygon", "coordinates": [[[124.00331882500006, 6.813891045000049], [123.98425463500008, 6.81720301400003], [123.96187324400012, 6.795941368000059], [123.97072913500004, 6.797843078000027], [123.97584690700012, 6.786254511000037], [123.96978309100008, 6.775586197000053], [123.97563416300011, 6.768565259000069], [123.98750403000008, 6.771464513000068], [123.99912384600007, 6.794942125000032], [124.00331882500006, 6.813891045000049]]]}}, {"type": "Feature", "properties": {"province": "Maguindanao del Norte", "municipality": "Datu Blah Sinsuat", "barangay": "Sinipak"}, "geometry": {"type": "Polygon", "coordinates": [[[124.07666409600006, 6.782343593000064], [124.07550601900006, 6.806908408000027], [124.04277783600003, 6.82633689200003], [124.0447982070001, 6.805422837000037], [124.021321897, 6.788096549000045], [124.03567678400009, 6.769100863000063], [124.07666409600006, 6.782343593000064]]]}}, {"type": "Feature", "properties": {"province": "Maguindanao del Norte", "municipality": "Datu Blah Sinsuat", "barangay": "Tambak"}, "geometry": {"type": "Polygon", "coordinates": [[[124.03568381100001, 6.91961406400003], [123.9696050010001, 6.939734955000063], [123.97065883900008, 6.929882912000038], [123.96306817100002, 6.915214147000028], [124.02638068800002, 6.905967209000039], [124.03568381100001, 6.91961406400003]]]}}, {"type": "Feature", "properties": {"province": "Maguindanao del Norte", "municipality": "Datu Blah Sinsuat", "barangay": "Tubuan"}, "geometry": {"type": "Polygon", "coordinates": [[[124.00093955600006, 7.039937004000023], [123.99272356900009, 7.021412233000034], [123.99521327300012, 7.001625772000067], [123.97597179700006, 6.970144280000056], [124.04854786600002, 6.936334600000065], [124.05225537200009, 7.001675027000032], [124.00093955600006, 7.039937004000023]]]}}, {"type": "Feature", "properties": {"province": "Maguindanao del Norte", "municipality": "Upi", "barangay": "Nuro Poblacion"}, "geometry": {"type": "Polygon", "coordinates": [[[124.17761043800012, 7.025468939000062], [124.16794324900002, 7.030262198000059], [124.14851472700003, 7.027863932000058], [124.14940633000003, 7.023388375000025], [124.15617776800002, 7.009403206000058], [124.16257775900011, 7.003885111000046], [124.17761043800012, 7.025468939000062]]]}}, {"type": "Feature", "properties": {"province": "Maguindanao del Norte", "municipality": "Upi", "barangay": "Bayabas"}, "geometry": {"type": "Polygon", "coordinates": [[[124.1435578270001, 6.944863299000075], [124.14344124200012, 6.975331201000073], [124.09327450100012, 6.963658857000043], [124.10033300100008, 6.923242668000057], [124.1141136980001, 6.893261197000073], [124.13189720600008, 6.88739128000003], [124.14351930700002, 6.936219677000055], [124.1435578270001, 6.944863299000075]]]}}, {"type": "Feature", "properties": {"province": "Maguindanao del Norte", "municipality": "Upi", "barangay": "Bantek"}, "geometry": {"type": "Polygon", "coordinates": [[[124.10033300100008, 6.923242668000057], [124.04913186600005, 6.946716591000039], [124.027283655, 6.907281499000018], [124.09680573000003, 6.886840806000066], [124.1141136980001, 6.893261197000073], [124.10033300100008, 6.923242668000057]]]}}, {"type": "Feature", "properties": {"province": "Maguindanao del Norte", "municipality": "Upi", "barangay": "Blensong"}, "geometry": {"type": "Polygon", "coordinates": [[[124.22164546700003, 6.964718258000061], [124.22288475000005, 7.052081274000044], [124.21720185700009, 7.047511544000031], [124.17761043800012, 7.025468939000062], [124.16257775900011, 7.003885111000046], [124.19817790900004, 6.966169310000055], [124.22164546700003, 6.964718258000061]]]}}, {"type": "Feature", "properties": {"province": "Maguindanao del Norte", "municipality": "Upi", "barangay": "Borongotan"}, "geometry": {"type": "Polygon", "coordinates": [[[124.16257775900011, 7.003885111000046], [124.15617776800002, 7.009403206000058], [124.14344124200012, 6.975331201000073], [124.19817790900004, 6.966169310000055], [124.16257775900011, 7.003885111000046]]]}}, {"type": "Feature", "properties": {"province": "Maguindanao del Norte", "municipality": "Upi", "barangay": "Bugabungan"}, "geometry": {"type": "Polygon", "coordinates": [[[124.13654426700009, 7.054268055000023], [124.1061339690001, 7.100743518000058], [124.09562002700011, 7.06158477100007], [124.10632234600008, 7.046458237000024], [124.13654426700009, 7.054268055000023]]]}}, {"type": "Feature", "properties": {"province": "Maguindanao del Norte", "municipality": "Upi", "barangay": "Bungcog"}, "geometry": {"type": "Polygon", "coordinates": [[[124.11006614700013, 7.10609909200002], [124.06067378200008, 7.064765563000038], [124.07976072300006, 7.055495457000064], [124.09562002700011, 7.06158477100007], [124.1061339690001, 7.100743518000058], [124.11006614700013, 7.10609909200002]]]}}, {"type": "Feature", "properties": {"province": "Maguindanao del Norte", "municipality": "Upi", "barangay": "Darugao"}, "geometry": {"type": "Polygon", "coordinates": [[[124.14940633000003, 7.023388375000025], [124.13492811600008, 7.026564819000043], [124.09327450100012, 6.963658857000043], [124.14344124200012, 6.975331201000073], [124.15617776800002, 7.009403206000058], [124.14940633000003, 7.023388375000025]]]}}, {"type": "Feature", "properties": {"province": "Maguindanao del Norte", "municipality": "Upi", "barangay": "Ganasi"}, "geometry": {"type": "Polygon", "coordinates": [[[124.19881362500006, 6.945695366000052], [124.1435578270001, 6.944863299000075], [124.14351930700002, 6.936219677000055], [124.19881362500006, 6.945695366000052]]]}}, {"type": "Feature", "properties": {"province": "Maguindanao del Norte", "municipality": "Upi", "barangay": "Kabakaba"}, "geometry": {"type": "Polygon", "coordinates": [[[124.13936555000008, 7.041985579000027], [124.13654426700009, 7.054268055000023], [124.10632234600008, 7.046458237000024], [124.10893736500009, 7.031612576000044], [124.13492811600008, 7.026564819000043], [124.14940633000003, 7.023388375000025], [124.14851472700003, 7.027863932000058], [124.13936555000008, 7.041985579000027]]]}}, {"type": "Feature", "properties": {"province": "Maguindanao del Norte", "municipality": "Upi", "barangay": "Kibleg"}, "geometry": {"type": "Polygon", "coordinates": [[[124.2127408760001, 7.06230408700003], [124.1683810500001, 7.082686671000033], [124.13654426700009, 7.054268055000023], [124.13936555000008, 7.041985579000027], [124.15425282700005, 7.043265077000057], [124.21720185700009, 7.047511544000031], [124.22288475000005, 7.052081274000044], [124.2127408760001, 7.06230408700003]]]}}, {"type": "Feature", "properties": {"province": "Maguindanao del Norte", "municipality": "Upi", "barangay": "Kibucay"}, "geometry": {"type": "Polygon", "coordinates": [[[124.2127408760001, 7.06230408700003], [124.17705347200003, 7.107567686000039], [124.1683810500001, 7.082686671000033], [124.2127408760001, 7.06230408700003]]]}}, {"type": "Feature", "properties": {"province": "Maguindanao del Norte", "municipality": "Upi", "barangay": "Kiga"}, "geometry": {"type": "Polygon", "coordinates": [[[124.09562002700011, 7.06158477100007], [124.07976072300006, 7.055495457000064], [124.09276328700003, 7.022188283000049], [124.10893736500009, 7.031612576000044], [124.10632234600008, 7.046458237000024], [124.09562002700011, 7.06158477100007]]]}}, {"type": "Feature", "properties": {"province": "Maguindanao del Norte", "municipality": "Upi", "barangay": "Kinitan"}, "geometry": {"type": "Polygon", "coordinates": [[[124.09276328700003, 7.022188283000049], [124.07976072300006, 7.055495457000064], [124.06521798900008, 7.024305564000028], [124.09276328700003, 7.022188283000049]]]}}, {"type": "Feature", "properties": {"province": "Maguindanao del Norte", "municipality": "Upi", "barangay": "Mirab"}, "geometry": {"type": "Polygon", "coordinates": [[[124.21720185700009, 7.047511544000031], [124.15425282700005, 7.043265077000057], [124.16794324900002, 7.030262198000059], [124.17761043800012, 7.025468939000062], [124.21720185700009, 7.047511544000031]]]}}, {"type": "Feature", "properties": {"province": "Maguindanao del Norte", "municipality": "Upi", "barangay": "Nangi"}, "geometry": {"type": "Polygon", "coordinates": [[[124.19817790900004, 6.966169310000055], [124.14344124200012, 6.975331201000073], [124.1435578270001, 6.944863299000075], [124.19881362500006, 6.945695366000052], [124.22164546700003, 6.964718258000061], [124.19817790900004, 6.966169310000055]]]}}, {"type": "Feature", "properties": {"province": "Maguindanao del Norte", "municipality": "Upi", "barangay": "Ranao Pilayan"}, "geometry": {"type": "Polygon", "coordinates": [[[124.13189720600008, 6.88739128000003], [124.1141136980001, 6.893261197000073], [124.09680573000003, 6.886840806000066], [124.08739404100004, 6.86338627400005], [124.12262076000002, 6.838144271000032], [124.13189720600008, 6.88739128000003]]]}}, {"type": "Feature", "properties": {"province": "Maguindanao del Norte", "municipality": "Upi", "barangay": "Rempes"}, "geometry": {"type": "Polygon", "coordinates": [[[124.10893736500009, 7.031612576000044], [124.09276328700003, 7.022188283000049], [124.06521798900008, 7.024305564000028], [124.05874236600005, 7.024276432000021], [124.04913186600005, 6.946716591000039], [124.10033300100008, 6.923242668000057], [124.09327450100012, 6.963658857000043], [124.13492811600008, 7.026564819000043], [124.10893736500009, 7.031612576000044]]]}}, {"type": "Feature", "properties": {"province": "Maguindanao del Norte", "municipality": "Upi", "barangay": "Renede"}, "geometry": {"type": "Polygon", "coordinates": [[[124.07976072300006, 7.055495457000064], [124.06067378200008, 7.064765563000038], [124.05874236600005, 7.024276432000021], [124.06521798900008, 7.024305564000028], [124.07976072300006, 7.055495457000064]]]}}, {"type": "Feature", "properties": {"province": "Maguindanao del Norte", "municipality": "Upi", "barangay": "Renti"}, "geometry": {"type": "Polygon", "coordinates": [[[124.09680573000003, 6.886840806000066], [124.027283655, 6.907281499000018], [124.01019489700003, 6.851662522000026], [124.08739404100004, 6.86338627400005], [124.09680573000003, 6.886840806000066]]]}}, {"type": "Feature", "properties": {"province": "Maguindanao del Norte", "municipality": "Upi", "barangay": "Rifao"}, "geometry": {"type": "Polygon", "coordinates": [[[124.12262076000002, 6.838144271000032], [124.08739404100004, 6.86338627400005], [124.01019489700003, 6.851662522000026], [124.12262076000002, 6.838144271000032]]]}}, {"type": "Feature", "properties": {"province": "Maguindanao del Norte", "municipality": "Upi", "barangay": "Sefegefen"}, "geometry": {"type": "Polygon", "coordinates": [[[124.15425282700005, 7.043265077000057], [124.13936555000008, 7.041985579000027], [124.14851472700003, 7.027863932000058], [124.16794324900002, 7.030262198000059], [124.15425282700005, 7.043265077000057]]]}}, {"type": "Feature", "properties": {"province": "Maguindanao del Norte", "municipality": "Upi", "barangay": "Tinungkaan"}, "geometry": {"type": "Polygon", "coordinates": [[[124.1683810500001, 7.082686671000033], [124.17705347200003, 7.107567686000039], [124.11006614700013, 7.10609909200002], [124.1061339690001, 7.100743518000058], [124.13654426700009, 7.054268055000023], [124.1683810500001, 7.082686671000033]]]}}, {"type": "Feature", "properties": {"province": "Maguindanao del Norte", "municipality": "Sultan Kudarat", "barangay": "Dalumangcob"}, "geometry": {"type": "Polygon", "coordinates": [[[124.2936068770001, 7.284878386000059], [124.28032747000009, 7.279338514000075], [124.28983668900004, 7.244686889000037], [124.30173027400008, 7.244398954000076], [124.30575592600009, 7.244320317000074], [124.2936068770001, 7.284878386000059]]]}}, {"type": "Feature", "properties": {"province": "Maguindanao del Norte", "municipality": "Sultan Kudarat", "barangay": "Alamada"}, "geometry": {"type": "Polygon", "coordinates": [[[124.36428362100003, 7.229430925000029], [124.37455967100006, 7.275411526000028], [124.36484319200008, 7.274881294000068], [124.34419757400008, 7.234683827000028], [124.35417019400008, 7.232046957000022], [124.36428362100003, 7.229430925000029]]]}}, {"type": "Feature", "properties": {"province": "Maguindanao del Norte", "municipality": "Sultan Kudarat", "barangay": "Banatin"}, "geometry": {"type": "Polygon", "coordinates": [[[124.34419757400008, 7.234683827000028], [124.34321500800003, 7.234953069000029], [124.33813446300006, 7.22716477800003], [124.33253543900003, 7.217003978000037], [124.32442064500003, 7.200515423000071], [124.3312225090001, 7.195049392000045], [124.35417019400008, 7.232046957000022], [124.34419757400008, 7.234683827000028]]]}}, {"type": "Feature", "properties": {"province": "Maguindanao del Norte", "municipality": "Sultan Kudarat", "barangay": "Banubo"}, "geometry": {"type": "Polygon", "coordinates": [[[124.24671692400011, 7.23451839300003], [124.25611898300009, 7.251520626000059], [124.24039719900009, 7.249475947000063], [124.23625972200011, 7.238416091000032], [124.24671692400011, 7.23451839300003]]]}}, {"type": "Feature", "properties": {"province": "Maguindanao del Norte", "municipality": "Sultan Kudarat", "barangay": "Bulalo"}, "geometry": {"type": "Polygon", "coordinates": [[[124.26441982100003, 7.239259750000029], [124.25871289600002, 7.243195903000072], [124.25224268800002, 7.228263187000039], [124.25503229900006, 7.227340299000045], [124.26441982100003, 7.239259750000029]]]}}, {"type": "Feature", "properties": {"province": "Maguindanao del Norte", "municipality": "Sultan Kudarat", "barangay": "Calsada"}, "geometry": {"type": "Polygon", "coordinates": [[[124.25706044500009, 7.25139408800004], [124.25611898300009, 7.251520626000059], [124.24671692400011, 7.23451839300003], [124.24353338000003, 7.227562990000024], [124.25224268800002, 7.228263187000039], [124.25871289600002, 7.243195903000072], [124.25706044500009, 7.25139408800004]]]}}, {"type": "Feature", "properties": {"province": "Maguindanao del Norte", "municipality": "Sultan Kudarat", "barangay": "Damaniog"}, "geometry": {"type": "Polygon", "coordinates": [[[124.33010624400004, 7.238571715000032], [124.32558643700007, 7.239822599000032], [124.32371863000004, 7.230556494000039], [124.33813446300006, 7.22716477800003], [124.34321500800003, 7.234953069000029], [124.33010624400004, 7.238571715000032]]]}}, {"type": "Feature", "properties": {"province": "Maguindanao del Norte", "municipality": "Sultan Kudarat", "barangay": "Darapanan"}, "geometry": {"type": "Polygon", "coordinates": [[[124.34332655000004, 7.292919915000029], [124.3217276690001, 7.290775700000042], [124.30939516800004, 7.289525364000042], [124.31970986700004, 7.270995667000023], [124.34087698500002, 7.275399732000039], [124.34332655000004, 7.292919915000029]]]}}, {"type": "Feature", "properties": {"province": "Maguindanao del Norte", "municipality": "Sultan Kudarat", "barangay": "Gang"}, "geometry": {"type": "Polygon", "coordinates": [[[124.27219817800007, 7.253317756000057], [124.25732352800001, 7.255046017000041], [124.25611898300009, 7.251520626000059], [124.25706044500009, 7.25139408800004], [124.27266659200006, 7.245294753000053], [124.27219817800007, 7.253317756000057]]]}}, {"type": "Feature", "properties": {"province": "Maguindanao del Norte", "municipality": "Sultan Kudarat", "barangay": "Pigkelegan"}, "geometry": {"type": "Polygon", "coordinates": [[[124.33813446300006, 7.22716477800003], [124.32371863000004, 7.230556494000039], [124.31702664500006, 7.22044985800005], [124.33253543900003, 7.217003978000037], [124.33813446300006, 7.22716477800003]]]}}, {"type": "Feature", "properties": {"province": "Maguindanao del Norte", "municipality": "Sultan Kudarat", "barangay": "Kakar"}, "geometry": {"type": "Polygon", "coordinates": [[[124.34559819600008, 7.185608732000049], [124.3312225090001, 7.195049392000045], [124.32605491900006, 7.179159817000027], [124.34559819600008, 7.185608732000049]]]}}, {"type": "Feature", "properties": {"province": "Maguindanao del Norte", "municipality": "Sultan Kudarat", "barangay": "Katidtuan"}, "geometry": {"type": "Polygon", "coordinates": [[[124.32442064500003, 7.200515423000071], [124.31100056300009, 7.211026268000067], [124.30432760200006, 7.199199204000025], [124.2996078990001, 7.193188337000039], [124.3195438040001, 7.173672914000064], [124.32605491900006, 7.179159817000027], [124.3312225090001, 7.195049392000045], [124.32442064500003, 7.200515423000071]]]}}, {"type": "Feature", "properties": {"province": "Maguindanao del Norte", "municipality": "Sultan Kudarat", "barangay": "Katuli"}, "geometry": {"type": "Polygon", "coordinates": [[[124.24671692400011, 7.23451839300003], [124.23625972200011, 7.238416091000032], [124.24353338000003, 7.227562990000024], [124.24671692400011, 7.23451839300003]]]}}, {"type": "Feature", "properties": {"province": "Maguindanao del Norte", "municipality": "Sultan Kudarat", "barangay": "Ladia"}, "geometry": {"type": "Polygon", "coordinates": [[[124.33010624400004, 7.238571715000032], [124.34087698500002, 7.275399732000039], [124.31970986700004, 7.270995667000023], [124.31259528100009, 7.244130946000042], [124.32558643700007, 7.239822599000032], [124.33010624400004, 7.238571715000032]]]}}, {"type": "Feature", "properties": {"province": "Maguindanao del Norte", "municipality": "Sultan Kudarat", "barangay": "Limbo"}, "geometry": {"type": "Polygon", "coordinates": [[[124.27266659200006, 7.245294753000053], [124.25706044500009, 7.25139408800004], [124.25871289600002, 7.243195903000072], [124.26441982100003, 7.239259750000029], [124.26954165300003, 7.236387910000077], [124.27266659200006, 7.245294753000053]]]}}, {"type": "Feature", "properties": {"province": "Maguindanao del Norte", "municipality": "Sultan Kudarat", "barangay": "Makaguiling"}, "geometry": {"type": "Polygon", "coordinates": [[[124.27219817800007, 7.253317756000057], [124.27556860500012, 7.275397623000063], [124.26384813700008, 7.265660542000034], [124.25732352800001, 7.255046017000041], [124.27219817800007, 7.253317756000057]]]}}, {"type": "Feature", "properties": {"province": "Maguindanao del Norte", "municipality": "Sultan Kudarat", "barangay": "Maidapa"}, "geometry": {"type": "Polygon", "coordinates": [[[124.31233315900012, 7.213383815000044], [124.29307490200006, 7.217496019000064], [124.30432760200006, 7.199199204000025], [124.31100056300009, 7.211026268000067], [124.31233315900012, 7.213383815000044]]]}}, {"type": "Feature", "properties": {"province": "Maguindanao del Norte", "municipality": "Sultan Kudarat", "barangay": "Matengen"}, "geometry": {"type": "Polygon", "coordinates": [[[124.37455967100006, 7.275411526000028], [124.39627597800006, 7.356161175000066], [124.37954127700004, 7.35559326400005], [124.36314093000009, 7.311919209000053], [124.3536420680001, 7.311974974000066], [124.34811692900008, 7.303491984000064], [124.34332655000004, 7.292919915000029], [124.34087698500002, 7.275399732000039], [124.36484319200008, 7.274881294000068], [124.37455967100006, 7.275411526000028]]]}}, {"type": "Feature", "properties": {"province": "Maguindanao del Norte", "municipality": "Sultan Kudarat", "barangay": "Mulaug"}, "geometry": {"type": "Polygon", "coordinates": [[[124.25732352800001, 7.255046017000041], [124.24551104600005, 7.262076629000035], [124.24039719900009, 7.249475947000063], [124.25611898300009, 7.251520626000059], [124.25732352800001, 7.255046017000041]]]}}, {"type": "Feature", "properties": {"province": "Maguindanao del Norte", "municipality": "Sultan Kudarat", "barangay": "Nara"}, "geometry": {"type": "Polygon", "coordinates": [[[124.33253543900003, 7.217003978000037], [124.31702664500006, 7.22044985800005], [124.31233315900012, 7.213383815000044], [124.31100056300009, 7.211026268000067], [124.32442064500003, 7.200515423000071], [124.33253543900003, 7.217003978000037]]]}}, {"type": "Feature", "properties": {"province": "Maguindanao del Norte", "municipality": "Sultan Kudarat", "barangay": "Nekitan"}, "geometry": {"type": "Polygon", "coordinates": [[[124.34811692900008, 7.303491984000064], [124.3376634550001, 7.310527426000021], [124.3217276690001, 7.290775700000042], [124.34332655000004, 7.292919915000029], [124.34811692900008, 7.303491984000064]]]}}, {"type": "Feature", "properties": {"province": "Maguindanao del Norte", "municipality": "Sultan Kudarat", "barangay": "Olas"}, "geometry": {"type": "Polygon", "coordinates": [[[124.35131676300011, 7.32748433700004], [124.3376634550001, 7.310527426000021], [124.34811692900008, 7.303491984000064], [124.3536420680001, 7.311974974000066], [124.35131676300011, 7.32748433700004]]]}}, {"type": "Feature", "properties": {"province": "Maguindanao del Norte", "municipality": "Sultan Kudarat", "barangay": "Panatan"}, "geometry": {"type": "Polygon", "coordinates": [[[124.36428362100003, 7.229430925000029], [124.35417019400008, 7.232046957000022], [124.3312225090001, 7.195049392000045], [124.34559819600008, 7.185608732000049], [124.36428362100003, 7.229430925000029]]]}}, {"type": "Feature", "properties": {"province": "Maguindanao del Norte", "municipality": "Sultan Kudarat", "barangay": "Pigcalagan"}, "geometry": {"type": "Polygon", "coordinates": [[[124.36484319200008, 7.274881294000068], [124.34087698500002, 7.275399732000039], [124.33010624400004, 7.238571715000032], [124.34321500800003, 7.234953069000029], [124.34419757400008, 7.234683827000028], [124.36484319200008, 7.274881294000068]]]}}, {"type": "Feature", "properties": {"province": "Maguindanao del Norte", "municipality": "Sultan Kudarat", "barangay": "Pinaring"}, "geometry": {"type": "Polygon", "coordinates": [[[124.30575592600009, 7.244320317000074], [124.30173027400008, 7.244398954000076], [124.28741067300007, 7.221569319000024], [124.29307490200006, 7.217496019000064], [124.31233315900012, 7.213383815000044], [124.31702664500006, 7.22044985800005], [124.32371863000004, 7.230556494000039], [124.32558643700007, 7.239822599000032], [124.31259528100009, 7.244130946000042], [124.30575592600009, 7.244320317000074]]]}}, {"type": "Feature", "properties": {"province": "Maguindanao del Norte", "municipality": "Sultan Kudarat", "barangay": "Pingping"}, "geometry": {"type": "Polygon", "coordinates": [[[124.3536420680001, 7.311974974000066], [124.36314093000009, 7.311919209000053], [124.37954127700004, 7.35559326400005], [124.35212302500007, 7.35073236900007], [124.35131676300011, 7.32748433700004], [124.3536420680001, 7.311974974000066]]]}}, {"type": "Feature", "properties": {"province": "Maguindanao del Norte", "municipality": "Sultan Kudarat", "barangay": "Raguisi"}, "geometry": {"type": "Polygon", "coordinates": [[[124.28983668900004, 7.244686889000037], [124.28558634300008, 7.244857427000055], [124.27820778800005, 7.225663482000071], [124.28208766400009, 7.224301938000052], [124.28741067300007, 7.221569319000024], [124.30173027400008, 7.244398954000076], [124.28983668900004, 7.244686889000037]]]}}, {"type": "Feature", "properties": {"province": "Maguindanao del Norte", "municipality": "Sultan Kudarat", "barangay": "Rebuken"}, "geometry": {"type": "Polygon", "coordinates": [[[124.28983668900004, 7.244686889000037], [124.28032747000009, 7.279338514000075], [124.27556860500012, 7.275397623000063], [124.27219817800007, 7.253317756000057], [124.27266659200006, 7.245294753000053], [124.28558634300008, 7.244857427000055], [124.28983668900004, 7.244686889000037]]]}}, {"type": "Feature", "properties": {"province": "Maguindanao del Norte", "municipality": "Sultan Kudarat", "barangay": "Salimbao"}, "geometry": {"type": "Polygon", "coordinates": [[[124.26954165300003, 7.236387910000077], [124.26441982100003, 7.239259750000029], [124.25503229900006, 7.227340299000045], [124.26299592600004, 7.224836556000069], [124.26484637600004, 7.223870597000031], [124.26954165300003, 7.236387910000077]]]}}, {"type": "Feature", "properties": {"province": "Maguindanao del Norte", "municipality": "Sultan Kudarat", "barangay": "Senditan"}, "geometry": {"type": "Polygon", "coordinates": [[[124.26384813700008, 7.265660542000034], [124.24551104600005, 7.262076629000035], [124.25732352800001, 7.255046017000041], [124.26384813700008, 7.265660542000034]]]}}, {"type": "Feature", "properties": {"province": "Maguindanao del Norte", "municipality": "Sultan Kudarat", "barangay": "Crossing Simuay"}, "geometry": {"type": "Polygon", "coordinates": [[[124.30939516800004, 7.289525364000042], [124.2936068770001, 7.284878386000059], [124.30575592600009, 7.244320317000074], [124.31259528100009, 7.244130946000042], [124.31970986700004, 7.270995667000023], [124.30939516800004, 7.289525364000042]]]}}, {"type": "Feature", "properties": {"province": "Maguindanao del Norte", "municipality": "Sultan Kudarat", "barangay": "Ungap"}, "geometry": {"type": "Polygon", "coordinates": [[[124.28558634300008, 7.244857427000055], [124.27266659200006, 7.245294753000053], [124.26954165300003, 7.236387910000077], [124.26484637600004, 7.223870597000031], [124.27820778800005, 7.225663482000071], [124.28558634300008, 7.244857427000055]]]}}, {"type": "Feature", "properties": {"province": "Maguindanao del Norte", "municipality": "Sultan Mastura", "barangay": "Balut"}, "geometry": {"type": "Polygon", "coordinates": [[[124.30763020600013, 7.289952854000037], [124.30898029800005, 7.317319855000052], [124.29326855700003, 7.31244111500007], [124.28860216400005, 7.29745273100002], [124.29928558200004, 7.287308139000061], [124.30763020600013, 7.289952854000037]]]}}, {"type": "Feature", "properties": {"province": "Maguindanao del Norte", "municipality": "Sultan Mastura", "barangay": "Boliok"}, "geometry": {"type": "Polygon", "coordinates": [[[124.25128809000012, 7.30542271200005], [124.25662017800005, 7.326046532000021], [124.21654281300006, 7.306939888000044], [124.24031240300009, 7.305266084000039], [124.25128809000012, 7.30542271200005]]]}}, {"type": "Feature", "properties": {"province": "Maguindanao del Norte", "municipality": "Sultan Mastura", "barangay": "Dagurongan"}, "geometry": {"type": "Polygon", "coordinates": [[[124.25128809000012, 7.30542271200005], [124.24031240300009, 7.305266084000039], [124.24032864600008, 7.300226145000067], [124.25101728700008, 7.299554019000025], [124.25128809000012, 7.30542271200005]]]}}, {"type": "Feature", "properties": {"province": "Maguindanao del Norte", "municipality": "Sultan Mastura", "barangay": "Kirkir"}, "geometry": {"type": "Polygon", "coordinates": [[[124.25101728700008, 7.299554019000025], [124.24032864600008, 7.300226145000067], [124.22051993500007, 7.295134725000025], [124.22936418000008, 7.288716698000029], [124.25079185900006, 7.294314043000043], [124.25101728700008, 7.299554019000025]]]}}, {"type": "Feature", "properties": {"province": "Maguindanao del Norte", "municipality": "Sultan Mastura", "barangay": "Macabico"}, "geometry": {"type": "Polygon", "coordinates": [[[124.29928558200004, 7.287308139000061], [124.28860216400005, 7.29745273100002], [124.26016775800008, 7.289450182000049], [124.25851622100005, 7.288055123000052], [124.259994031, 7.280093857000054], [124.2675953600001, 7.267436133000046], [124.29928558200004, 7.287308139000061]]]}}, {"type": "Feature", "properties": {"province": "Maguindanao del Norte", "municipality": "Sultan Mastura", "barangay": "Namuken"}, "geometry": {"type": "Polygon", "coordinates": [[[124.25079185900006, 7.294314043000043], [124.22936418000008, 7.288716698000029], [124.23356058500008, 7.283355444000052], [124.25851622100005, 7.288055123000052], [124.26016775800008, 7.289450182000049], [124.26135660500007, 7.293339281000045], [124.25079185900006, 7.294314043000043]]]}}, {"type": "Feature", "properties": {"province": "Maguindanao del Norte", "municipality": "Sultan Mastura", "barangay": "Simuay/Seashore"}, "geometry": {"type": "Polygon", "coordinates": [[[124.24031240300009, 7.305266084000039], [124.21654281300006, 7.306939888000044], [124.22051993500007, 7.295134725000025], [124.24032864600008, 7.300226145000067], [124.24031240300009, 7.305266084000039]]]}}, {"type": "Feature", "properties": {"province": "Maguindanao del Norte", "municipality": "Sultan Mastura", "barangay": "Solon"}, "geometry": {"type": "Polygon", "coordinates": [[[124.2675953600001, 7.267436133000046], [124.259994031, 7.280093857000054], [124.23979118600005, 7.275383357000067], [124.2675953600001, 7.267436133000046]]]}}, {"type": "Feature", "properties": {"province": "Maguindanao del Norte", "municipality": "Sultan Mastura", "barangay": "Tambo"}, "geometry": {"type": "Polygon", "coordinates": [[[124.27868531200012, 7.317489134000028], [124.25662017800005, 7.326046532000021], [124.25128809000012, 7.30542271200005], [124.2612581530001, 7.300802521000037], [124.27868531200012, 7.317489134000028]]]}}, {"type": "Feature", "properties": {"province": "Maguindanao del Norte", "municipality": "Sultan Mastura", "barangay": "Tapayan"}, "geometry": {"type": "Polygon", "coordinates": [[[124.29326855700003, 7.31244111500007], [124.27868531200012, 7.317489134000028], [124.2612581530001, 7.300802521000037], [124.26135660500007, 7.293339281000045], [124.26016775800008, 7.289450182000049], [124.28860216400005, 7.29745273100002], [124.29326855700003, 7.31244111500007]]]}}, {"type": "Feature", "properties": {"province": "Maguindanao del Norte", "municipality": "Sultan Mastura", "barangay": "Tariken"}, "geometry": {"type": "Polygon", "coordinates": [[[124.25851622100005, 7.288055123000052], [124.23356058500008, 7.283355444000052], [124.23979118600005, 7.275383357000067], [124.259994031, 7.280093857000054], [124.25851622100005, 7.288055123000052]]]}}, {"type": "Feature", "properties": {"province": "Maguindanao del Norte", "municipality": "Sultan Mastura", "barangay": "Tuka"}, "geometry": {"type": "Polygon", "coordinates": [[[124.2612581530001, 7.300802521000037], [124.25128809000012, 7.30542271200005], [124.25101728700008, 7.299554019000025], [124.25079185900006, 7.294314043000043], [124.26135660500007, 7.293339281000045], [124.2612581530001, 7.300802521000037]]]}}, {"type": "Feature", "properties": {"province": "Maguindanao del Sur", "municipality": "Datu Anggal Midtimbang", "barangay": "Midtimbang"}, "geometry": {"type": "Polygon", "coordinates": [[[124.33801426800007, 6.998208341000067], [124.3313442430001, 7.00196760400007], [124.32167382200008, 6.98520723300004], [124.36839082200005, 6.990936806000035], [124.36290085800012, 6.998734301000069], [124.33801426800007, 6.998208341000067]]]}}, {"type": "Feature", "properties": {"province": "Maguindanao del Sur", "municipality": "Datu Anggal Midtimbang", "barangay": "Adaon"}, "geometry": {"type": "Polygon", "coordinates": [[[124.36756000600008, 7.000491819000046], [124.35158480100006, 7.00999330700006], [124.33801426800007, 6.998208341000067], [124.36290085800012, 6.998734301000069], [124.36756000600008, 7.000491819000046]]]}}, {"type": "Feature", "properties": {"province": "Maguindanao del Sur", "municipality": "Datu Anggal Midtimbang", "barangay": "Brar"}, "geometry": {"type": "Polygon", "coordinates": [[[124.34081419600012, 7.009131247000027], [124.316209952, 6.999375143000067], [124.32167382200008, 6.98520723300004], [124.3313442430001, 7.00196760400007], [124.34081419600012, 7.009131247000027]]]}}, {"type": "Feature", "properties": {"province": "Maguindanao del Sur", "municipality": "Datu Anggal Midtimbang", "barangay": "Mapayag"}, "geometry": {"type": "Polygon", "coordinates": [[[124.35158480100006, 7.00999330700006], [124.34081419600012, 7.009131247000027], [124.3313442430001, 7.00196760400007], [124.33801426800007, 6.998208341000067], [124.35158480100006, 7.00999330700006]]]}}, {"type": "Feature", "properties": {"province": "Maguindanao del Sur", "municipality": "Datu Anggal Midtimbang", "barangay": "Nunangan"}, "geometry": {"type": "Polygon", "coordinates": [[[124.38795537900012, 7.01002680700003], [124.41981625900009, 7.048119067000071], [124.39513403300008, 7.03769920600007], [124.38459411500003, 7.011943], [124.38795537900012, 7.01002680700003]]]}}, {"type": "Feature", "properties": {"province": "Maguindanao del Sur", "municipality": "Datu Anggal Midtimbang", "barangay": "Tulunan"}, "geometry": {"type": "Polygon", "coordinates": [[[124.38795537900012, 7.01002680700003], [124.38459411500003, 7.011943], [124.36756000600008, 7.000491819000046], [124.36290085800012, 6.998734301000069], [124.36839082200005, 6.990936806000035], [124.38795537900012, 7.01002680700003]]]}}, {"type": "Feature", "properties": {"province": "Maguindanao del Sur", "municipality": "Talayan", "barangay": "Talayan"}, "geometry": {"type": "Polygon", "coordinates": [[[124.36011008900005, 6.98921468100002], [124.33635777200006, 6.980825933000061], [124.34542352500011, 6.967923104000021], [124.35378907200004, 6.970610866000071], [124.36011008900005, 6.98921468100002]]]}}, {"type": "Feature", "properties": {"province": "Maguindanao del Sur", "municipality": "Talayan", "barangay": "Boboguiron"}, "geometry": {"type": "Polygon", "coordinates": [[[124.30786528600004, 6.864040638000062], [124.31005749600003, 6.91716855900006], [124.28476730600005, 6.915994652000052], [124.28303808800003, 6.847215849000064], [124.30786528600004, 6.864040638000062]]]}}, {"type": "Feature", "properties": {"province": "Maguindanao del Sur", "municipality": "Talayan", "barangay": "Damablac"}, "geometry": {"type": "Polygon", "coordinates": [[[124.42594421500006, 7.029350956000029], [124.42218495400006, 7.032037839000052], [124.39650211600008, 7.012342555000032], [124.42594421500006, 7.029350956000029]]]}}, {"type": "Feature", "properties": {"province": "Maguindanao del Sur", "municipality": "Talayan", "barangay": "Fukol"}, "geometry": {"type": "Polygon", "coordinates": [[[124.32981196000004, 6.935633210000048], [124.30729855300002, 6.938900912000063], [124.28353936600001, 6.935529322000036], [124.28476730600005, 6.915994652000052], [124.31005749600003, 6.91716855900006], [124.32981196000004, 6.935633210000048]]]}}, {"type": "Feature", "properties": {"province": "Maguindanao del Sur", "municipality": "Talayan", "barangay": "Katibpuan"}, "geometry": {"type": "Polygon", "coordinates": [[[124.40407847000007, 6.99473577200007], [124.42594421500006, 7.029350956000029], [124.39650211600008, 7.012342555000032], [124.3913494100001, 7.016194392000045], [124.39163690000008, 7.004639239000027], [124.40407847000007, 6.99473577200007]]]}}, {"type": "Feature", "properties": {"province": "Maguindanao del Sur", "municipality": "Talayan", "barangay": "Kedati"}, "geometry": {"type": "Polygon", "coordinates": [[[124.32167382200008, 6.98520723300004], [124.22164342100007, 6.968502340000042], [124.31713762200002, 6.972433948000059], [124.32167382200008, 6.98520723300004]]]}}, {"type": "Feature", "properties": {"province": "Maguindanao del Sur", "municipality": "Talayan", "barangay": "Lanting"}, "geometry": {"type": "Polygon", "coordinates": [[[124.30729855300002, 6.938900912000063], [124.20795425100005, 6.953539230000048], [124.28353936600001, 6.935529322000036], [124.30729855300002, 6.938900912000063]]]}}, {"type": "Feature", "properties": {"province": "Maguindanao del Sur", "municipality": "Talayan", "barangay": "Linamunan"}, "geometry": {"type": "Polygon", "coordinates": [[[124.42218495400006, 7.032037839000052], [124.3913494100001, 7.016194392000045], [124.39650211600008, 7.012342555000032], [124.42218495400006, 7.032037839000052]]]}}, {"type": "Feature", "properties": {"province": "Maguindanao del Sur", "municipality": "Talayan", "barangay": "Marader"}, "geometry": {"type": "Polygon", "coordinates": [[[124.33171966300006, 6.950833473000046], [124.21600039400006, 6.960035832000073], [124.20795425100005, 6.953539230000048], [124.30729855300002, 6.938900912000063], [124.32981196000004, 6.935633210000048], [124.33171966300006, 6.950833473000046]]]}}, {"type": "Feature", "properties": {"province": "Maguindanao del Sur", "municipality": "Talayan", "barangay": "Binangga North"}, "geometry": {"type": "Polygon", "coordinates": [[[124.40407847000007, 6.99473577200007], [124.39163690000008, 7.004639239000027], [124.38957827500008, 7.004052357000034], [124.40110714500008, 6.99204819800002], [124.40407847000007, 6.99473577200007]]]}}, {"type": "Feature", "properties": {"province": "Maguindanao del Sur", "municipality": "Talayan", "barangay": "Binangga South"}, "geometry": {"type": "Polygon", "coordinates": [[[124.40110714500008, 6.99204819800002], [124.38957827500008, 7.004052357000034], [124.36356127100008, 6.987951403000067], [124.3839981110001, 6.978513546000045], [124.40110714500008, 6.99204819800002]]]}}, {"type": "Feature", "properties": {"province": "Maguindanao del Sur", "municipality": "Talayan", "barangay": "Tamar"}, "geometry": {"type": "Polygon", "coordinates": [[[124.31713762200002, 6.972433948000059], [124.22164342100007, 6.968502340000042], [124.21600039400006, 6.960035832000073], [124.33171966300006, 6.950833473000046], [124.33871074100013, 6.961398276000068], [124.31713762200002, 6.972433948000059]]]}}, {"type": "Feature", "properties": {"province": "Maguindanao del Sur", "municipality": "Talayan", "barangay": "Tambunan I"}, "geometry": {"type": "Polygon", "coordinates": [[[124.36356127100008, 6.987951403000067], [124.36011008900005, 6.98921468100002], [124.35378907200004, 6.970610866000071], [124.3839981110001, 6.978513546000045], [124.36356127100008, 6.987951403000067]]]}}, {"type": "Feature", "properties": {"province": "Maguindanao del Sur", "municipality": "Talayan", "barangay": "Timbaluan"}, "geometry": {"type": "Polygon", "coordinates": [[[124.33635777200006, 6.980825933000061], [124.32167382200008, 6.98520723300004], [124.31713762200002, 6.972433948000059], [124.33871074100013, 6.961398276000068], [124.34542352500011, 6.967923104000021], [124.33635777200006, 6.980825933000061]]]}}, {"type": "Feature", "properties": {"province": "Maguindanao del Sur", "municipality": "Guindulungan", "barangay": "Tambunan II"}, "geometry": {"type": "Polygon", "coordinates": [[[124.40631991300008, 6.981908216000022], [124.39501161500006, 6.986561726000047], [124.38200343200005, 6.977275090000035], [124.37894663600002, 6.952545191000069], [124.40399529900004, 6.976068020000072], [124.40631991300008, 6.981908216000022]]]}}, {"type": "Feature", "properties": {"province": "Maguindanao del Sur", "municipality": "Guindulungan", "barangay": "Ahan"}, "geometry": {"type": "Polygon", "coordinates": [[[124.33415901400008, 6.950744544000029], [124.31005749600003, 6.91716855900006], [124.33070350500009, 6.904440990000068], [124.35303679900007, 6.90591100100005], [124.34847424800012, 6.924784104000025], [124.33415901400008, 6.950744544000029]]]}}, {"type": "Feature", "properties": {"province": "Maguindanao del Sur", "municipality": "Guindulungan", "barangay": "Bagan"}, "geometry": {"type": "Polygon", "coordinates": [[[124.38802276800006, 6.908312149000039], [124.4173401470001, 6.963200958000072], [124.37995039300006, 6.927065713000047], [124.38802276800006, 6.908312149000039]]]}}, {"type": "Feature", "properties": {"province": "Maguindanao del Sur", "municipality": "Guindulungan", "barangay": "Kalumamis"}, "geometry": {"type": "Polygon", "coordinates": [[[124.40776585400012, 6.972430064000037], [124.44710373200007, 7.013347805000024], [124.41108532400007, 6.98577901300007], [124.40631991300008, 6.981908216000022], [124.40399529900004, 6.976068020000072], [124.40776585400012, 6.972430064000037]]]}}, {"type": "Feature", "properties": {"province": "Maguindanao del Sur", "municipality": "Guindulungan", "barangay": "Kateman"}, "geometry": {"type": "Polygon", "coordinates": [[[124.38802276800006, 6.908312149000039], [124.37995039300006, 6.927065713000047], [124.36572659500007, 6.92598995000003], [124.34847424800012, 6.924784104000025], [124.35303679900007, 6.90591100100005], [124.38802276800006, 6.908312149000039]]]}}, {"type": "Feature", "properties": {"province": "Maguindanao del Sur", "municipality": "Guindulungan", "barangay": "Lambayao"}, "geometry": {"type": "Polygon", "coordinates": [[[124.35816184100008, 6.970697140000026], [124.33415901400008, 6.950744544000029], [124.34847424800012, 6.924784104000025], [124.36572659500007, 6.92598995000003], [124.35816184100008, 6.970697140000026]]]}}, {"type": "Feature", "properties": {"province": "Maguindanao del Sur", "municipality": "Guindulungan", "barangay": "Macasampen"}, "geometry": {"type": "Polygon", "coordinates": [[[124.40776585400012, 6.972430064000037], [124.40399529900004, 6.976068020000072], [124.37894663600002, 6.952545191000069], [124.37995039300006, 6.927065713000047], [124.4173401470001, 6.963200958000072], [124.40776585400012, 6.972430064000037]]]}}, {"type": "Feature", "properties": {"province": "Maguindanao del Sur", "municipality": "Guindulungan", "barangay": "Muslim"}, "geometry": {"type": "Polygon", "coordinates": [[[124.44710373200007, 7.013347805000024], [124.40407847000007, 6.99473577200007], [124.41108532400007, 6.98577901300007], [124.44710373200007, 7.013347805000024]]]}}, {"type": "Feature", "properties": {"province": "Maguindanao del Sur", "municipality": "Guindulungan", "barangay": "Muti"}, "geometry": {"type": "Polygon", "coordinates": [[[124.37894663600002, 6.952545191000069], [124.38200343200005, 6.977275090000035], [124.35816184100008, 6.970697140000026], [124.36572659500007, 6.92598995000003], [124.37995039300006, 6.927065713000047], [124.37894663600002, 6.952545191000069]]]}}, {"type": "Feature", "properties": {"province": "Maguindanao del Sur", "municipality": "Guindulungan", "barangay": "Sampao"}, "geometry": {"type": "Polygon", "coordinates": [[[124.41108532400007, 6.98577901300007], [124.40407847000007, 6.99473577200007], [124.39501161500006, 6.986561726000047], [124.40631991300008, 6.981908216000022], [124.41108532400007, 6.98577901300007]]]}}, {"type": "Feature", "properties": {"province": "Maguindanao del Sur", "municipality": "Datu Hoffer", "barangay": "Limpongo"}, "geometry": {"type": "Polygon", "coordinates": [[[124.41524680000009, 6.875144626000066], [124.3943519380001, 6.875170567000054], [124.39418146000003, 6.861103600000035], [124.41388234600002, 6.861465653000038], [124.43166965800003, 6.861824886000023], [124.41524680000009, 6.875144626000066]]]}}, {"type": "Feature", "properties": {"province": "Maguindanao del Sur", "municipality": "Datu Hoffer", "barangay": "Kubentong"}, "geometry": {"type": "Polygon", "coordinates": [[[124.4150512110001, 6.885792349000042], [124.37928147400011, 6.886738704000036], [124.37936978300002, 6.875146563000044], [124.3943519380001, 6.875170567000054], [124.41524680000009, 6.875144626000066], [124.4150512110001, 6.885792349000042]]]}}, {"type": "Feature", "properties": {"province": "Maguindanao del Sur", "municipality": "Datu Hoffer", "barangay": "Labu-Labu II"}, "geometry": {"type": "Polygon", "coordinates": [[[124.45878159900008, 6.847868430000061], [124.45433742300008, 6.850738024000067], [124.44351828300012, 6.840642992000029], [124.44715980800005, 6.833707954000032], [124.45878159900008, 6.847868430000061]]]}}, {"type": "Feature", "properties": {"province": "Maguindanao del Sur", "municipality": "Datu Hoffer", "barangay": "Sayap"}, "geometry": {"type": "Polygon", "coordinates": [[[124.39418146000003, 6.861103600000035], [124.3943519380001, 6.875170567000054], [124.37936978300002, 6.875146563000044], [124.37948297100003, 6.860875890000043], [124.38749440300013, 6.861002018000023], [124.39418146000003, 6.861103600000035]]]}}, {"type": "Feature", "properties": {"province": "Maguindanao del Sur", "municipality": "Datu Hoffer", "barangay": "Taib"}, "geometry": {"type": "Polygon", "coordinates": [[[124.37928147400011, 6.886738704000036], [124.36895195300008, 6.887209407000058], [124.35874895400003, 6.858513100000039], [124.37948297100003, 6.860875890000043], [124.37936978300002, 6.875146563000044], [124.37928147400011, 6.886738704000036]]]}}, {"type": "Feature", "properties": {"province": "Maguindanao del Sur", "municipality": "Datu Hoffer", "barangay": "Tuayan"}, "geometry": {"type": "Polygon", "coordinates": [[[124.41124500800005, 6.830515891000061], [124.41388234600002, 6.861465653000038], [124.39418146000003, 6.861103600000035], [124.38749440300013, 6.861002018000023], [124.39068549100013, 6.842911518000049], [124.39269619800005, 6.83120361300007], [124.41124500800005, 6.830515891000061]]]}}, {"type": "Feature", "properties": {"province": "Maguindanao del Sur", "municipality": "Datu Hoffer", "barangay": "Tuayan I"}, "geometry": {"type": "Polygon", "coordinates": [[[124.44351828300012, 6.840642992000029], [124.43166965800003, 6.861824886000023], [124.41388234600002, 6.861465653000038], [124.41124500800005, 6.830515891000061], [124.44715980800005, 6.833707954000032], [124.44351828300012, 6.840642992000029]]]}}, {"type": "Feature", "properties": {"province": "Maguindanao del Sur", "municipality": "Datu Hoffer", "barangay": "Macalag"}, "geometry": {"type": "Polygon", "coordinates": [[[124.39269619800005, 6.83120361300007], [124.39068549100013, 6.842911518000049], [124.37122097100007, 6.840809778000051], [124.37127905500006, 6.830001172000038], [124.39269619800005, 6.83120361300007]]]}}, {"type": "Feature", "properties": {"province": "Maguindanao del Sur", "municipality": "South Upi", "barangay": "Romangaob"}, "geometry": {"type": "Polygon", "coordinates": [[[124.22064468000008, 6.876371877000053], [124.13339522000001, 6.894024252000065], [124.12372892700012, 6.812812333000068], [124.21394209600011, 6.794365121000055], [124.22064468000008, 6.876371877000053]]]}}, {"type": "Feature", "properties": {"province": "Maguindanao del Sur", "municipality": "South Upi", "barangay": "Biarong"}, "geometry": {"type": "Polygon", "coordinates": [[[124.28588498900001, 6.897560639000063], [124.2624330320001, 6.931764408000049], [124.25759822400005, 6.904351845000065], [124.28588498900001, 6.897560639000063]]]}}, {"type": "Feature", "properties": {"province": "Maguindanao del Sur", "municipality": "South Upi", "barangay": "Bongo"}, "geometry": {"type": "Polygon", "coordinates": [[[124.25487945700002, 6.906678287000035], [124.18639361600003, 6.923260995000021], [124.22193802100001, 6.882522170000072], [124.25487945700002, 6.906678287000035]]]}}, {"type": "Feature", "properties": {"province": "Maguindanao del Sur", "municipality": "South Upi", "barangay": "Itaw"}, "geometry": {"type": "Polygon", "coordinates": [[[124.33722838300004, 6.766429309000045], [124.29888961100006, 6.830811071000028], [124.28697769800011, 6.775742824000075], [124.33722838300004, 6.766429309000045]]]}}, {"type": "Feature", "properties": {"province": "Maguindanao del Sur", "municipality": "South Upi", "barangay": "Kigan"}, "geometry": {"type": "Polygon", "coordinates": [[[124.25487945700002, 6.906678287000035], [124.22193802100001, 6.882522170000072], [124.22064525100008, 6.876371987000027], [124.27578486500012, 6.875666693000028], [124.28588498900001, 6.897560639000063], [124.25759822400005, 6.904351845000065], [124.25487945700002, 6.906678287000035]]]}}, {"type": "Feature", "properties": {"province": "Maguindanao del Sur", "municipality": "South Upi", "barangay": "Kuya"}, "geometry": {"type": "Polygon", "coordinates": [[[124.21394209600011, 6.794365121000055], [124.12372892700012, 6.812812333000068], [124.12713724600007, 6.746921562000068], [124.21014178100008, 6.743249806000051], [124.22981333400003, 6.784106851000047], [124.21394209600011, 6.794365121000055]]]}}, {"type": "Feature", "properties": {"province": "Maguindanao del Sur", "municipality": "South Upi", "barangay": "Lamud"}, "geometry": {"type": "Polygon", "coordinates": [[[124.2624330320001, 6.931764408000049], [124.18639361600003, 6.923260995000021], [124.25487945700002, 6.906678287000035], [124.25759822400005, 6.904351845000065], [124.2624330320001, 6.931764408000049]]]}}, {"type": "Feature", "properties": {"province": "Maguindanao del Sur", "municipality": "South Upi", "barangay": "Looy"}, "geometry": {"type": "Polygon", "coordinates": [[[124.18639361600003, 6.923260995000021], [124.13339522000001, 6.894024252000065], [124.22064468000008, 6.876371877000053], [124.22064525100008, 6.876371987000027], [124.22193802100001, 6.882522170000072], [124.18639361600003, 6.923260995000021]]]}}, {"type": "Feature", "properties": {"province": "Maguindanao del Sur", "municipality": "South Upi", "barangay": "Pandan"}, "geometry": {"type": "Polygon", "coordinates": [[[124.27578486500012, 6.875666693000028], [124.22064525100008, 6.876371987000027], [124.22064468000008, 6.876371877000053], [124.21394209600011, 6.794365121000055], [124.22981333400003, 6.784106851000047], [124.28303808800003, 6.847215849000064], [124.27578486500012, 6.875666693000028]]]}}, {"type": "Feature", "properties": {"province": "Maguindanao del Sur", "municipality": "South Upi", "barangay": "Pilar"}, "geometry": {"type": "Polygon", "coordinates": [[[124.29888961100006, 6.830811071000028], [124.28303808800003, 6.847215849000064], [124.22981333400003, 6.784106851000047], [124.21014178100008, 6.743249806000051], [124.28391654000006, 6.754070688000069], [124.28697769800011, 6.775742824000075], [124.29888961100006, 6.830811071000028]]]}}, {"type": "Feature", "properties": {"province": "Maguindanao del Sur", "municipality": "South Upi", "barangay": "San Jose"}, "geometry": {"type": "Polygon", "coordinates": [[[124.33722838300004, 6.766429309000045], [124.28697769800011, 6.775742824000075], [124.28391654000006, 6.754070688000069], [124.33722838300004, 6.766429309000045]]]}}, {"type": "Feature", "properties": {"province": "Maguindanao del Sur", "municipality": "Datu Piang", "barangay": "Poblacion"}, "geometry": {"type": "Polygon", "coordinates": [[[124.50630393600012, 7.028775723000023], [124.5027515500001, 7.029630608000048], [124.498752974, 7.020070734000057], [124.503924093, 7.019868439000048], [124.50613100900011, 7.026217695000071], [124.50630393600012, 7.028775723000023]]]}}, {"type": "Feature", "properties": {"province": "Maguindanao del Sur", "municipality": "Datu Piang", "barangay": "Alonganan"}, "geometry": {"type": "Polygon", "coordinates": [[[124.4711168560001, 7.047594961000072], [124.46655459100009, 7.053489636000052], [124.45384009500003, 7.019305185000064], [124.45788990500012, 7.015917352000031], [124.4711168560001, 7.047594961000072]]]}}, {"type": "Feature", "properties": {"province": "Maguindanao del Sur", "municipality": "Datu Piang", "barangay": "Ambadao"}, "geometry": {"type": "Polygon", "coordinates": [[[124.45129245900011, 7.084196081000073], [124.4467546740001, 7.088018001000023], [124.42309407100005, 7.044778317000065], [124.42759672400007, 7.04160945800004], [124.45129245900011, 7.084196081000073]]]}}, {"type": "Feature", "properties": {"province": "Maguindanao del Sur", "municipality": "Datu Piang", "barangay": "Balanakan"}, "geometry": {"type": "Polygon", "coordinates": [[[124.49332570500007, 7.035967586000026], [124.47731381900009, 7.044638812000073], [124.46357899200007, 7.013507143000026], [124.47693424400008, 7.014181637000036], [124.49332570500007, 7.035967586000026]]]}}, {"type": "Feature", "properties": {"province": "Maguindanao del Sur", "municipality": "Datu Piang", "barangay": "Buayan"}, "geometry": {"type": "Polygon", "coordinates": [[[124.50067111400006, 7.033089828000072], [124.49332570500007, 7.035967586000026], [124.47693424400008, 7.014181637000036], [124.49026963000006, 7.012817916000073], [124.49567458800004, 7.022810158000026], [124.50067111400006, 7.033089828000072]]]}}, {"type": "Feature", "properties": {"province": "Maguindanao del Sur", "municipality": "Datu Piang", "barangay": "Dado"}, "geometry": {"type": "Polygon", "coordinates": [[[124.4594889980001, 7.056220719000065], [124.45619250800007, 7.060902179000037], [124.44004106300008, 7.030994579000036], [124.44807615400009, 7.02420142300002], [124.4594889980001, 7.056220719000065]]]}}, {"type": "Feature", "properties": {"province": "Maguindanao del Sur", "municipality": "Datu Piang", "barangay": "Damabalas"}, "geometry": {"type": "Polygon", "coordinates": [[[124.52018376500007, 7.005151794000029], [124.50613100900011, 7.026217695000071], [124.503924093, 7.019868439000048], [124.50153396300004, 7.008415467000018], [124.52018376500007, 7.005151794000029]]]}}, {"type": "Feature", "properties": {"province": "Maguindanao del Sur", "municipality": "Datu Piang", "barangay": "Duaminanga"}, "geometry": {"type": "Polygon", "coordinates": [[[124.45635226800005, 7.066377288000067], [124.45129245900011, 7.084196081000073], [124.42759672400007, 7.04160945800004], [124.43694232200006, 7.033617122000067], [124.45635226800005, 7.066377288000067]]]}}, {"type": "Feature", "properties": {"province": "Maguindanao del Sur", "municipality": "Datu Piang", "barangay": "Kalipapa"}, "geometry": {"type": "Polygon", "coordinates": [[[124.45619250800007, 7.060902179000037], [124.45635226800005, 7.066377288000067], [124.43694232200006, 7.033617122000067], [124.44004106300008, 7.030994579000036], [124.45619250800007, 7.060902179000037]]]}}, {"type": "Feature", "properties": {"province": "Maguindanao del Sur", "municipality": "Datu Piang", "barangay": "Kanguan"}, "geometry": {"type": "Polygon", "coordinates": [[[124.5027515500001, 7.029630608000048], [124.50067111400006, 7.033089828000072], [124.49567458800004, 7.022810158000026], [124.498752974, 7.020070734000057], [124.5027515500001, 7.029630608000048]]]}}, {"type": "Feature", "properties": {"province": "Maguindanao del Sur", "municipality": "Datu Piang", "barangay": "Liong"}, "geometry": {"type": "Polygon", "coordinates": [[[124.47731381900009, 7.044638812000073], [124.4711168560001, 7.047594961000072], [124.45788990500012, 7.015917352000031], [124.46357899200007, 7.013507143000026], [124.47731381900009, 7.044638812000073]]]}}, {"type": "Feature", "properties": {"province": "Maguindanao del Sur", "municipality": "Datu Piang", "barangay": "Magaslong"}, "geometry": {"type": "Polygon", "coordinates": [[[124.498752974, 7.020070734000057], [124.49567458800004, 7.022810158000026], [124.49026963000006, 7.012817916000073], [124.50153396300004, 7.008415467000018], [124.503924093, 7.019868439000048], [124.498752974, 7.020070734000057]]]}}, {"type": "Feature", "properties": {"province": "Maguindanao del Sur", "municipality": "Datu Piang", "barangay": "Masigay"}, "geometry": {"type": "Polygon", "coordinates": [[[124.46655459100009, 7.053489636000052], [124.4594889980001, 7.056220719000065], [124.44807615400009, 7.02420142300002], [124.45384009500003, 7.019305185000064], [124.46655459100009, 7.053489636000052]]]}}, {"type": "Feature", "properties": {"province": "Maguindanao del Sur", "municipality": "Datu Piang", "barangay": "Montay"}, "geometry": {"type": "Polygon", "coordinates": [[[124.4467546740001, 7.088018001000023], [124.44162470900004, 7.091078330000072], [124.41981625900009, 7.048119067000071], [124.42309407100005, 7.044778317000065], [124.4467546740001, 7.088018001000023]]]}}, {"type": "Feature", "properties": {"province": "Maguindanao del Sur", "municipality": "Datu Piang", "barangay": "Reina Regente"}, "geometry": {"type": "Polygon", "coordinates": [[[124.52018376500007, 7.005151794000029], [124.50630393600012, 7.028775723000023], [124.50613100900011, 7.026217695000071], [124.52018376500007, 7.005151794000029]]]}}, {"type": "Feature", "properties": {"province": "Maguindanao del Sur", "municipality": "Datu Salibo", "barangay": "Alonganan"}, "geometry": {"type": "Polygon", "coordinates": [[[124.45788990500012, 7.015917352000031], [124.45384009500003, 7.019305185000064], [124.45059497000013, 7.010693971000023], [124.45455781500003, 7.007540580000068], [124.45788990500012, 7.015917352000031]]]}}, {"type": "Feature", "properties": {"province": "Maguindanao del Sur", "municipality": "Datu Salibo", "barangay": "Andavit"}, "geometry": {"type": "Polygon", "coordinates": [[[124.46744629000013, 6.996504293000045], [124.45580271900006, 7.000905410000027], [124.4632782880001, 6.988654501000042], [124.46744629000013, 6.996504293000045]]]}}, {"type": "Feature", "properties": {"province": "Maguindanao del Sur", "municipality": "Datu Salibo", "barangay": "Balanakan"}, "geometry": {"type": "Polygon", "coordinates": [[[124.46979320000004, 7.003276216000074], [124.47693424400008, 7.014181637000036], [124.462788251, 7.011730644000068], [124.46026941900006, 7.005976254000075], [124.46979320000004, 7.003276216000074]]]}}, {"type": "Feature", "properties": {"province": "Maguindanao del Sur", "municipality": "Datu Salibo", "barangay": "Buayan"}, "geometry": {"type": "Polygon", "coordinates": [[[124.488528426, 7.009642300000052], [124.47693424400008, 7.014181637000036], [124.46979320000004, 7.003276216000074], [124.48521227000002, 6.997979638000061], [124.488528426, 7.009642300000052]]]}}, {"type": "Feature", "properties": {"province": "Maguindanao del Sur", "municipality": "Datu Salibo", "barangay": "Butilen"}, "geometry": {"type": "Polygon", "coordinates": [[[124.48521227000002, 6.997979638000061], [124.46979320000004, 7.003276216000074], [124.46830543000011, 6.99695476100004], [124.48296329800006, 6.988433121000071], [124.48462521700002, 6.99590125900005], [124.48521227000002, 6.997979638000061]]]}}, {"type": "Feature", "properties": {"province": "Maguindanao del Sur", "municipality": "Datu Salibo", "barangay": "Dado"}, "geometry": {"type": "Polygon", "coordinates": [[[124.44807615400009, 7.02420142300002], [124.44004106300008, 7.030994579000036], [124.43565039900012, 7.022122661000026], [124.44486624000002, 7.015048399000023], [124.44807615400009, 7.02420142300002]]]}}, {"type": "Feature", "properties": {"province": "Maguindanao del Sur", "municipality": "Datu Salibo", "barangay": "Damabalas"}, "geometry": {"type": "Polygon", "coordinates": [[[124.51584618100003, 7.004163135000054], [124.50153396300004, 7.008415467000018], [124.49588939700004, 6.995457007000027], [124.51201393900011, 6.995559318000063], [124.51584618100003, 7.004163135000054]]]}}, {"type": "Feature", "properties": {"province": "Maguindanao del Sur", "municipality": "Datu Salibo", "barangay": "Kalipapa"}, "geometry": {"type": "Polygon", "coordinates": [[[124.44004106300008, 7.030994579000036], [124.43694232200006, 7.033617122000067], [124.43168763200003, 7.025246826000058], [124.43565039900012, 7.022122661000026], [124.44004106300008, 7.030994579000036]]]}}, {"type": "Feature", "properties": {"province": "Maguindanao del Sur", "municipality": "Datu Salibo", "barangay": "Liong"}, "geometry": {"type": "Polygon", "coordinates": [[[124.462788251, 7.011730644000068], [124.45788990500012, 7.015917352000031], [124.45455781500003, 7.007540580000068], [124.46026941900006, 7.005976254000075], [124.462788251, 7.011730644000068]]]}}, {"type": "Feature", "properties": {"province": "Maguindanao del Sur", "municipality": "Datu Salibo", "barangay": "Magaslong"}, "geometry": {"type": "Polygon", "coordinates": [[[124.50153396300004, 7.008415467000018], [124.488528426, 7.009642300000052], [124.48521227000002, 6.997979638000061], [124.48462521700002, 6.99590125900005], [124.49588939700004, 6.995457007000027], [124.50153396300004, 7.008415467000018]]]}}, {"type": "Feature", "properties": {"province": "Maguindanao del Sur", "municipality": "Datu Salibo", "barangay": "Masigay"}, "geometry": {"type": "Polygon", "coordinates": [[[124.45384009500003, 7.019305185000064], [124.44807615400009, 7.02420142300002], [124.44486624000002, 7.015048399000023], [124.45059497000013, 7.010693971000023], [124.45384009500003, 7.019305185000064]]]}}, {"type": "Feature", "properties": {"province": "Maguindanao del Sur", "municipality": "Datu Salibo", "barangay": "Pagatin"}, "geometry": {"type": "Polygon", "coordinates": [[[124.49588939700004, 6.995457007000027], [124.48462521700002, 6.99590125900005], [124.48296329800006, 6.988433121000071], [124.48098448300004, 6.974930813000071], [124.50230167600012, 6.981177183000058], [124.49588939700004, 6.995457007000027]]]}}, {"type": "Feature", "properties": {"province": "Maguindanao del Sur", "municipality": "Datu Salibo", "barangay": "Pandi"}, "geometry": {"type": "Polygon", "coordinates": [[[124.52456772900005, 6.987720797000065], [124.51584618100003, 7.004163135000054], [124.51201393900011, 6.995559318000063], [124.52456772900005, 6.987720797000065]]]}}, {"type": "Feature", "properties": {"province": "Maguindanao del Sur", "municipality": "Datu Salibo", "barangay": "Penditen"}, "geometry": {"type": "Polygon", "coordinates": [[[124.52456772900005, 6.987720797000065], [124.51201393900011, 6.995559318000063], [124.49588939700004, 6.995457007000027], [124.50230167600012, 6.981177183000058], [124.52456772900005, 6.987720797000065]]]}}, {"type": "Feature", "properties": {"province": "Maguindanao del Sur", "municipality": "Datu Salibo", "barangay": "Tee"}, "geometry": {"type": "Polygon", "coordinates": [[[124.45455781500003, 7.007540580000068], [124.45059497000013, 7.010693971000023], [124.45580271900006, 7.000905410000027], [124.46744629000013, 6.996504293000045], [124.46830543000011, 6.99695476100004], [124.46979320000004, 7.003276216000074], [124.46026941900006, 7.005976254000075], [124.45455781500003, 7.007540580000068]]]}}, {"type": "Feature", "properties": {"province": "Maguindanao del Sur", "municipality": "Datu Saudi Ampatuan", "barangay": "Dapiawan"}, "geometry": {"type": "Polygon", "coordinates": [[[124.45974450500013, 6.948973701000056], [124.46890707700003, 6.96610030100004], [124.46670814900006, 6.964515789000073], [124.45245863400011, 6.954243757000029], [124.45974450500013, 6.948973701000056]]]}}, {"type": "Feature", "properties": {"province": "Maguindanao del Sur", "municipality": "Datu Saudi Ampatuan", "barangay": "Elian"}, "geometry": {"type": "Polygon", "coordinates": [[[124.46670814900006, 6.964515789000073], [124.45409392900002, 6.978730744000074], [124.44151242500004, 6.970009965000029], [124.44191086800002, 6.962297427000067], [124.45245863400011, 6.954243757000029], [124.46670814900006, 6.964515789000073]]]}}, {"type": "Feature", "properties": {"province": "Maguindanao del Sur", "municipality": "Datu Saudi Ampatuan", "barangay": "Gawang"}, "geometry": {"type": "Polygon", "coordinates": [[[124.46106247100012, 6.986401573000022], [124.42931402500005, 6.982578218000072], [124.44151242500004, 6.970009965000029], [124.45409392900002, 6.978730744000074], [124.46106247100012, 6.986401573000022]]]}}, {"type": "Feature", "properties": {"province": "Maguindanao del Sur", "municipality": "Datu Saudi Ampatuan", "barangay": "Kitapok"}, "geometry": {"type": "Polygon", "coordinates": [[[124.44151242500004, 6.970009965000029], [124.42931402500005, 6.982578218000072], [124.4213629740001, 6.948253162000072], [124.43280652100009, 6.95034636100007], [124.44191086800002, 6.962297427000067], [124.44151242500004, 6.970009965000029]]]}}, {"type": "Feature", "properties": {"province": "Maguindanao del Sur", "municipality": "Datu Saudi Ampatuan", "barangay": "Kitango"}, "geometry": {"type": "Polygon", "coordinates": [[[124.45245863400011, 6.954243757000029], [124.44191086800002, 6.962297427000067], [124.43280652100009, 6.95034636100007], [124.44406131000007, 6.935383556000035], [124.45974450500013, 6.948973701000056], [124.45245863400011, 6.954243757000029]]]}}, {"type": "Feature", "properties": {"province": "Maguindanao del Sur", "municipality": "Datu Saudi Ampatuan", "barangay": "Madia"}, "geometry": {"type": "Polygon", "coordinates": [[[124.46890707700003, 6.96610030100004], [124.46106247100012, 6.986401573000022], [124.45409392900002, 6.978730744000074], [124.46670814900006, 6.964515789000073], [124.46890707700003, 6.96610030100004]]]}}, {"type": "Feature", "properties": {"province": "Maguindanao del Sur", "municipality": "Datu Saudi Ampatuan", "barangay": "Salbu"}, "geometry": {"type": "Polygon", "coordinates": [[[124.44406131000007, 6.935383556000035], [124.43280652100009, 6.95034636100007], [124.4213629740001, 6.948253162000072], [124.40801320000003, 6.939542152000056], [124.41860329400004, 6.916817640000034], [124.44406131000007, 6.935383556000035]]]}}, {"type": "Feature", "properties": {"province": "Maguindanao del Sur", "municipality": "Datu Unsay", "barangay": "Meta"}, "geometry": {"type": "Polygon", "coordinates": [[[124.44673499200007, 6.904543090000061], [124.43125966500008, 6.906209957000044], [124.41502924100007, 6.893967932000067], [124.42916302100002, 6.887255220000043], [124.44673499200007, 6.904543090000061]]]}}, {"type": "Feature", "properties": {"province": "Maguindanao del Sur", "municipality": "Datu Unsay", "barangay": "Bulayan"}, "geometry": {"type": "Polygon", "coordinates": [[[124.35874895400003, 6.858513100000039], [124.36895195300008, 6.887209407000058], [124.33555387900003, 6.886853846000063], [124.34733070100003, 6.857112214000042], [124.35874895400003, 6.858513100000039]]]}}, {"type": "Feature", "properties": {"province": "Maguindanao del Sur", "municipality": "Datu Unsay", "barangay": "Iganagampong"}, "geometry": {"type": "Polygon", "coordinates": [[[124.46914480500004, 6.918840523000027], [124.43324418400005, 6.918841153000073], [124.43125966500008, 6.906209957000044], [124.44673499200007, 6.904543090000061], [124.46914480500004, 6.918840523000027]]]}}, {"type": "Feature", "properties": {"province": "Maguindanao del Sur", "municipality": "Datu Unsay", "barangay": "Maitumaig"}, "geometry": {"type": "Polygon", "coordinates": [[[124.43324418400005, 6.918841153000073], [124.43322906900006, 6.924628175000065], [124.39940707200005, 6.908542807000059], [124.41502924100007, 6.893967932000067], [124.43125966500008, 6.906209957000044], [124.43324418400005, 6.918841153000073]]]}}, {"type": "Feature", "properties": {"province": "Maguindanao del Sur", "municipality": "Datu Unsay", "barangay": "Panangeti"}, "geometry": {"type": "Polygon", "coordinates": [[[124.39940707200005, 6.908542807000059], [124.33555387900003, 6.886853846000063], [124.36895195300008, 6.887209407000058], [124.42916302100002, 6.887255220000043], [124.41502924100007, 6.893967932000067], [124.39940707200005, 6.908542807000059]]]}}, {"type": "Feature", "properties": {"province": "Maguindanao del Sur", "municipality": "Datu Unsay", "barangay": "Tuntungan"}, "geometry": {"type": "Polygon", "coordinates": [[[124.37134420500003, 6.840818618000072], [124.37158903000011, 6.859840635000068], [124.35874895400003, 6.858513100000039], [124.34733070100003, 6.857112214000042], [124.37134420500003, 6.840818618000072]]]}}, {"type": "Feature", "properties": {"province": "Maguindanao del Sur", "municipality": "Shariff Saydona Mustapha", "barangay": "Datu Bakal"}, "geometry": {"type": "Polygon", "coordinates": [[[124.48773259900008, 6.895436360000077], [124.47622504600008, 6.895636704000024], [124.47980920600003, 6.881091470000058], [124.4878318220001, 6.892133964000038], [124.48773259900008, 6.895436360000077]]]}}, {"type": "Feature", "properties": {"province": "Maguindanao del Sur", "municipality": "Shariff Saydona Mustapha", "barangay": "Bakat"}, "geometry": {"type": "Polygon", "coordinates": [[[124.55519752400005, 6.96908833300006], [124.54273503700007, 6.981830933000027], [124.52786831500008, 6.970379102000036], [124.52626090600008, 6.965381502000069], [124.55519752400005, 6.96908833300006]]]}}, {"type": "Feature", "properties": {"province": "Maguindanao del Sur", "municipality": "Shariff Saydona Mustapha", "barangay": "Datu Kilay"}, "geometry": {"type": "Polygon", "coordinates": [[[124.49145312100006, 6.901515626000048], [124.47622504600008, 6.895636704000024], [124.48773259900008, 6.895436360000077], [124.49145312100006, 6.901515626000048]]]}}, {"type": "Feature", "properties": {"province": "Maguindanao del Sur", "municipality": "Shariff Saydona Mustapha", "barangay": "Dasawao"}, "geometry": {"type": "Polygon", "coordinates": [[[124.55519752400005, 6.96908833300006], [124.57161356200005, 6.991723222000076], [124.54307123700005, 7.021218850000023], [124.53198129100008, 6.992082553000044], [124.54273503700007, 6.981830933000027], [124.55519752400005, 6.96908833300006]]]}}, {"type": "Feature", "properties": {"province": "Maguindanao del Sur", "municipality": "Shariff Saydona Mustapha", "barangay": "Dale-Bong"}, "geometry": {"type": "Polygon", "coordinates": [[[124.502916862, 6.914366759000073], [124.49481402300012, 6.919237725000072], [124.49145312100006, 6.901515626000048], [124.48773259900008, 6.895436360000077], [124.4878318220001, 6.892133964000038], [124.4913763290001, 6.892117718000066], [124.502916862, 6.914366759000073]]]}}, {"type": "Feature", "properties": {"province": "Maguindanao del Sur", "municipality": "Shariff Saydona Mustapha", "barangay": "Duguengen"}, "geometry": {"type": "Polygon", "coordinates": [[[124.502916862, 6.914366759000073], [124.50899502400011, 6.930122697000057], [124.49357854200002, 6.922948023000058], [124.49481402300012, 6.919237725000072], [124.502916862, 6.914366759000073]]]}}, {"type": "Feature", "properties": {"province": "Maguindanao del Sur", "municipality": "Shariff Saydona Mustapha", "barangay": "Ganta"}, "geometry": {"type": "Polygon", "coordinates": [[[124.54273503700007, 6.981830933000027], [124.53198129100008, 6.992082553000044], [124.5167832950001, 6.982052351000051], [124.52786831500008, 6.970379102000036], [124.54273503700007, 6.981830933000027]]]}}, {"type": "Feature", "properties": {"province": "Maguindanao del Sur", "municipality": "Shariff Saydona Mustapha", "barangay": "Inaladan"}, "geometry": {"type": "Polygon", "coordinates": [[[124.5167832950001, 6.982052351000051], [124.49746202800009, 6.974365008000063], [124.50336983200009, 6.965381895000063], [124.52626090600008, 6.965381502000069], [124.52786831500008, 6.970379102000036], [124.5167832950001, 6.982052351000051]]]}}, {"type": "Feature", "properties": {"province": "Maguindanao del Sur", "municipality": "Shariff Saydona Mustapha", "barangay": "Linantangan"}, "geometry": {"type": "Polygon", "coordinates": [[[124.50899502400011, 6.930122697000057], [124.50077069100007, 6.942522326000073], [124.49243601900002, 6.939009053000064], [124.49357854200002, 6.922948023000058], [124.50899502400011, 6.930122697000057]]]}}, {"type": "Feature", "properties": {"province": "Maguindanao del Sur", "municipality": "Shariff Saydona Mustapha", "barangay": "Nabundas"}, "geometry": {"type": "Polygon", "coordinates": [[[124.4913763290001, 6.892117718000066], [124.4878318220001, 6.892133964000038], [124.47980920600003, 6.881091470000058], [124.4913763290001, 6.892117718000066]]]}}, {"type": "Feature", "properties": {"province": "Maguindanao del Sur", "municipality": "Shariff Saydona Mustapha", "barangay": "Pagatin"}, "geometry": {"type": "Polygon", "coordinates": [[[124.49746202800009, 6.974365008000063], [124.49594659800005, 6.977578604000028], [124.47376771000006, 6.960858898000026], [124.47173400900012, 6.947016731000074], [124.4870836120001, 6.963722443000051], [124.50336983200009, 6.965381895000063], [124.49746202800009, 6.974365008000063]]]}}, {"type": "Feature", "properties": {"province": "Maguindanao del Sur", "municipality": "Shariff Saydona Mustapha", "barangay": "Pagatin (Pagatin I)"}, "geometry": {"type": "Polygon", "coordinates": [[[124.49746202800009, 6.974365008000063], [124.49594659800005, 6.977578604000028], [124.47376771000006, 6.960858898000026], [124.47173400900012, 6.947016731000074], [124.4870836120001, 6.963722443000051], [124.50336983200009, 6.965381895000063], [124.49746202800009, 6.974365008000063]]]}}, {"type": "Feature", "properties": {"province": "Maguindanao del Sur", "municipality": "Shariff Saydona Mustapha", "barangay": "Pamalian"}, "geometry": {"type": "Polygon", "coordinates": [[[124.47173400900012, 6.947016731000074], [124.47376771000006, 6.960858898000026], [124.45044784200003, 6.940923945000064], [124.47196105000012, 6.942686709000041], [124.47155525900008, 6.945830256000021], [124.47173400900012, 6.947016731000074]]]}}, {"type": "Feature", "properties": {"province": "Maguindanao del Sur", "municipality": "Shariff Saydona Mustapha", "barangay": "Pusao"}, "geometry": {"type": "Polygon", "coordinates": [[[124.4917442220001, 6.956188240000073], [124.4870836120001, 6.963722443000051], [124.47173400900012, 6.947016731000074], [124.47155525900008, 6.945830256000021], [124.48753809900006, 6.947998793000067], [124.4917442220001, 6.956188240000073]]]}}, {"type": "Feature", "properties": {"province": "Maguindanao del Sur", "municipality": "Shariff Saydona Mustapha", "barangay": "Libutan"}, "geometry": {"type": "Polygon", "coordinates": [[[124.50077069100007, 6.942522326000073], [124.4917442220001, 6.956188240000073], [124.48753809900006, 6.947998793000067], [124.49243601900002, 6.939009053000064], [124.50077069100007, 6.942522326000073]]]}}, {"type": "Feature", "properties": {"province": "Maguindanao del Sur", "municipality": "Ampatuan", "barangay": "Dicalongan"}, "geometry": {"type": "Polygon", "coordinates": [[[124.46749334100002, 6.853411497000025], [124.45351539700005, 6.843381366000073], [124.46369037900001, 6.813468582000043], [124.48394967000002, 6.833514643000057], [124.46749334100002, 6.853411497000025]]]}}, {"type": "Feature", "properties": {"province": "Maguindanao del Sur", "municipality": "Ampatuan", "barangay": "Kakal"}, "geometry": {"type": "Polygon", "coordinates": [[[124.51348564600005, 6.85623309300007], [124.49008389100004, 6.868219632000033], [124.49015759300005, 6.85102570500004], [124.51348564600005, 6.85623309300007]]]}}, {"type": "Feature", "properties": {"province": "Maguindanao del Sur", "municipality": "Ampatuan", "barangay": "Kapinpilan"}, "geometry": {"type": "Polygon", "coordinates": [[[124.49008389100004, 6.868219632000033], [124.46749334100002, 6.853411497000025], [124.48394967000002, 6.833514643000057], [124.48746743000002, 6.834920109000053], [124.49015759300005, 6.85102570500004], [124.49008389100004, 6.868219632000033]]]}}, {"type": "Feature", "properties": {"province": "Maguindanao del Sur", "municipality": "Ampatuan", "barangay": "Kauran"}, "geometry": {"type": "Polygon", "coordinates": [[[124.46126663400003, 6.750501541000062], [124.50177514500002, 6.806226552000055], [124.4700826500001, 6.796919057000027], [124.45146474600004, 6.789642515000025], [124.44955731000003, 6.767077222000069], [124.46126663400003, 6.750501541000062]]]}}, {"type": "Feature", "properties": {"province": "Maguindanao del Sur", "municipality": "Ampatuan", "barangay": "Malatimon"}, "geometry": {"type": "Polygon", "coordinates": [[[124.4955676510001, 6.839325818000019], [124.51348564600005, 6.85623309300007], [124.49015759300005, 6.85102570500004], [124.48746743000002, 6.834920109000053], [124.4955676510001, 6.839325818000019]]]}}, {"type": "Feature", "properties": {"province": "Maguindanao del Sur", "municipality": "Ampatuan", "barangay": "Matagabong"}, "geometry": {"type": "Polygon", "coordinates": [[[124.50177514500002, 6.806226552000055], [124.4955676510001, 6.839325818000019], [124.48746743000002, 6.834920109000053], [124.48394967000002, 6.833514643000057], [124.46369037900001, 6.813468582000043], [124.4700826500001, 6.796919057000027], [124.50177514500002, 6.806226552000055]]]}}, {"type": "Feature", "properties": {"province": "Maguindanao del Sur", "municipality": "Ampatuan", "barangay": "Salman"}, "geometry": {"type": "Polygon", "coordinates": [[[124.46369037900001, 6.813468582000043], [124.45351539700005, 6.843381366000073], [124.33926618200006, 6.794382383000026], [124.3999212110001, 6.790291094000054], [124.45146474600004, 6.789642515000025], [124.4700826500001, 6.796919057000027], [124.46369037900001, 6.813468582000043]]]}}, {"type": "Feature", "properties": {"province": "Maguindanao del Sur", "municipality": "Ampatuan", "barangay": "Saniag"}, "geometry": {"type": "Polygon", "coordinates": [[[124.45146474600004, 6.789642515000025], [124.3999212110001, 6.790291094000054], [124.41288041400004, 6.754864915000042], [124.44955731000003, 6.767077222000069], [124.45146474600004, 6.789642515000025]]]}}, {"type": "Feature", "properties": {"province": "Maguindanao del Sur", "municipality": "Ampatuan", "barangay": "Tomicor"}, "geometry": {"type": "Polygon", "coordinates": [[[124.46126663400003, 6.750501541000062], [124.44955731000003, 6.767077222000069], [124.41288041400004, 6.754864915000042], [124.42151313400008, 6.728186268000058], [124.47795575400005, 6.729534949000025], [124.47174842600009, 6.736091935000047], [124.46126663400003, 6.750501541000062]]]}}, {"type": "Feature", "properties": {"province": "Maguindanao del Sur", "municipality": "Ampatuan", "barangay": "Tubak"}, "geometry": {"type": "Polygon", "coordinates": [[[124.3999212110001, 6.790291094000054], [124.33926618200006, 6.794382383000026], [124.42151313400008, 6.728186268000058], [124.41288041400004, 6.754864915000042], [124.3999212110001, 6.790291094000054]]]}}, {"type": "Feature", "properties": {"province": "Maguindanao del Sur", "municipality": "Datu Abdullah Sangki", "barangay": "Banaba"}, "geometry": {"type": "Polygon", "coordinates": [[[124.52004989600005, 6.809212230000072], [124.50421449900011, 6.809399534000022], [124.50467149500001, 6.781089827000072], [124.50933588600003, 6.772818659000051], [124.53763876100004, 6.78112027100002], [124.54357310400009, 6.793889317000037], [124.54160571400007, 6.808718076000049], [124.52004989600005, 6.809212230000072]]]}}, {"type": "Feature", "properties": {"province": "Maguindanao del Sur", "municipality": "Datu Abdullah Sangki", "barangay": "Dimampao"}, "geometry": {"type": "Polygon", "coordinates": [[[124.55659245700008, 6.861446406000026], [124.53614807500003, 6.89404791000004], [124.54074143900004, 6.856843869000046], [124.55659245700008, 6.861446406000026]]]}}, {"type": "Feature", "properties": {"province": "Maguindanao del Sur", "municipality": "Datu Abdullah Sangki", "barangay": "Guinibon"}, "geometry": {"type": "Polygon", "coordinates": [[[124.51663249700005, 6.846534993000034], [124.5134833620001, 6.847320244000058], [124.50421449900011, 6.809399534000022], [124.52004989600005, 6.809212230000072], [124.51663249700005, 6.846534993000034]]]}}, {"type": "Feature", "properties": {"province": "Maguindanao del Sur", "municipality": "Datu Abdullah Sangki", "barangay": "Kaya-Kaya"}, "geometry": {"type": "Polygon", "coordinates": [[[124.58385799400003, 6.823438676000023], [124.55659245700008, 6.861446406000026], [124.54074143900004, 6.856843869000046], [124.54115976100002, 6.832617808000067], [124.58385799400003, 6.823438676000023]]]}}, {"type": "Feature", "properties": {"province": "Maguindanao del Sur", "municipality": "Datu Abdullah Sangki", "barangay": "Maganoy"}, "geometry": {"type": "Polygon", "coordinates": [[[124.53614807500003, 6.89404791000004], [124.5134833620001, 6.847320244000058], [124.51663249700005, 6.846534993000034], [124.54074143900004, 6.856843869000046], [124.53614807500003, 6.89404791000004]]]}}, {"type": "Feature", "properties": {"province": "Maguindanao del Sur", "municipality": "Datu Abdullah Sangki", "barangay": "Maranding"}, "geometry": {"type": "Polygon", "coordinates": [[[124.58360232900009, 6.799082353000074], [124.54357310400009, 6.793889317000037], [124.53763876100004, 6.78112027100002], [124.58360232900009, 6.799082353000074]]]}}, {"type": "Feature", "properties": {"province": "Maguindanao del Sur", "municipality": "Datu Abdullah Sangki", "barangay": "Mao"}, "geometry": {"type": "Polygon", "coordinates": [[[124.50933588600003, 6.772818659000051], [124.50467149500001, 6.781089827000072], [124.49386633200005, 6.775357937000024], [124.49861008000005, 6.752255241000057], [124.50933588600003, 6.772818659000051]]]}}, {"type": "Feature", "properties": {"province": "Maguindanao del Sur", "municipality": "Datu Abdullah Sangki", "barangay": "Sugadol"}, "geometry": {"type": "Polygon", "coordinates": [[[124.54115976100002, 6.832617808000067], [124.54074143900004, 6.856843869000046], [124.51663249700005, 6.846534993000034], [124.52004989600005, 6.809212230000072], [124.54160571400007, 6.808718076000049], [124.54115976100002, 6.832617808000067]]]}}, {"type": "Feature", "properties": {"province": "Maguindanao del Sur", "municipality": "Datu Abdullah Sangki", "barangay": "Tukanolocong"}, "geometry": {"type": "Polygon", "coordinates": [[[124.58385799400003, 6.823438676000023], [124.54115976100002, 6.832617808000067], [124.54160571400007, 6.808718076000049], [124.54357310400009, 6.793889317000037], [124.58360232900009, 6.799082353000074], [124.58385799400003, 6.823438676000023]]]}}, {"type": "Feature", "properties": {"province": "Maguindanao del Sur", "municipality": "Mamasapano", "barangay": "Bagumbong"}, "geometry": {"type": "Polygon", "coordinates": [[[124.52522804300008, 6.956288520000044], [124.52057941500004, 6.964050751000059], [124.50565680700004, 6.954352391000043], [124.5091373350001, 6.948046070000032], [124.51072506100002, 6.946085572000071], [124.52522804300008, 6.956288520000044]]]}}, {"type": "Feature", "properties": {"province": "Maguindanao del Sur", "municipality": "Mamasapano", "barangay": "Dabenayan"}, "geometry": {"type": "Polygon", "coordinates": [[[124.5006816560001, 6.96020351200002], [124.50336983200009, 6.965381895000063], [124.4917442220001, 6.956188240000073], [124.5006816560001, 6.96020351200002]]]}}, {"type": "Feature", "properties": {"province": "Maguindanao del Sur", "municipality": "Mamasapano", "barangay": "Daladap"}, "geometry": {"type": "Polygon", "coordinates": [[[124.52984487800006, 6.949457908000056], [124.52522804300008, 6.956288520000044], [124.51072506100002, 6.946085572000071], [124.51525622200006, 6.939741273000038], [124.52260386700004, 6.941522683000074], [124.52984487800006, 6.949457908000056]]]}}, {"type": "Feature", "properties": {"province": "Maguindanao del Sur", "municipality": "Mamasapano", "barangay": "Dasikil"}, "geometry": {"type": "Polygon", "coordinates": [[[124.5371078720001, 6.953639391000023], [124.52233411700001, 6.965375482000069], [124.52057941500004, 6.964050751000059], [124.52522804300008, 6.956288520000044], [124.52984487800006, 6.949457908000056], [124.5371078720001, 6.953639391000023]]]}}, {"type": "Feature", "properties": {"province": "Maguindanao del Sur", "municipality": "Mamasapano", "barangay": "Liab"}, "geometry": {"type": "Polygon", "coordinates": [[[124.52233411700001, 6.965375482000069], [124.50336983200009, 6.965381895000063], [124.5006816560001, 6.96020351200002], [124.50565680700004, 6.954352391000043], [124.52057941500004, 6.964050751000059], [124.52233411700001, 6.965375482000069]]]}}, {"type": "Feature", "properties": {"province": "Maguindanao del Sur", "municipality": "Mamasapano", "barangay": "Libutan"}, "geometry": {"type": "Polygon", "coordinates": [[[124.50565680700004, 6.954352391000043], [124.5006816560001, 6.96020351200002], [124.4917442220001, 6.956188240000073], [124.5091373350001, 6.948046070000032], [124.50565680700004, 6.954352391000043]]]}}, {"type": "Feature", "properties": {"province": "Maguindanao del Sur", "municipality": "Mamasapano", "barangay": "Lusay"}, "geometry": {"type": "Polygon", "coordinates": [[[124.52980591000006, 6.935754299000053], [124.5371078720001, 6.953639391000023], [124.52984487800006, 6.949457908000056], [124.52260386700004, 6.941522683000074], [124.52572778300008, 6.936089036000054], [124.52980591000006, 6.935754299000053]]]}}, {"type": "Feature", "properties": {"province": "Maguindanao del Sur", "municipality": "Mamasapano", "barangay": "Mamasapano"}, "geometry": {"type": "Polygon", "coordinates": [[[124.51940073500009, 6.909985832000073], [124.51275142300005, 6.916592132000062], [124.50541343200008, 6.915076560000044], [124.51156495700002, 6.88729164600005], [124.52999713100007, 6.898296574000028], [124.51940073500009, 6.909985832000073]]]}}, {"type": "Feature", "properties": {"province": "Maguindanao del Sur", "municipality": "Mamasapano", "barangay": "Pidsandawan"}, "geometry": {"type": "Polygon", "coordinates": [[[124.52980591000006, 6.935754299000053], [124.52572778300008, 6.936089036000054], [124.52029468300007, 6.930251724000072], [124.5239273520001, 6.920714668000073], [124.53876204600012, 6.919144380000033], [124.52980591000006, 6.935754299000053]]]}}, {"type": "Feature", "properties": {"province": "Maguindanao del Sur", "municipality": "Mamasapano", "barangay": "Pimbalakan"}, "geometry": {"type": "Polygon", "coordinates": [[[124.52572778300008, 6.936089036000054], [124.52260386700004, 6.941522683000074], [124.51525622200006, 6.939741273000038], [124.50946106700009, 6.928586958000039], [124.52029468300007, 6.930251724000072], [124.52572778300008, 6.936089036000054]]]}}, {"type": "Feature", "properties": {"province": "Maguindanao del Sur", "municipality": "Mamasapano", "barangay": "Sapakan"}, "geometry": {"type": "Polygon", "coordinates": [[[124.53876204600012, 6.919144380000033], [124.5239273520001, 6.920714668000073], [124.52308185100003, 6.914948245000061], [124.54400574400006, 6.904737296000063], [124.53876204600012, 6.919144380000033]]]}}, {"type": "Feature", "properties": {"province": "Maguindanao del Sur", "municipality": "Mamasapano", "barangay": "Tuka"}, "geometry": {"type": "Polygon", "coordinates": [[[124.54400574400006, 6.904737296000063], [124.52308185100003, 6.914948245000061], [124.51940073500009, 6.909985832000073], [124.52999713100007, 6.898296574000028], [124.54400574400006, 6.904737296000063]]]}}, {"type": "Feature", "properties": {"province": "Maguindanao del Sur", "municipality": "Mamasapano", "barangay": "Tukanalipao"}, "geometry": {"type": "Polygon", "coordinates": [[[124.5239273520001, 6.920714668000073], [124.52029468300007, 6.930251724000072], [124.50946106700009, 6.928586958000039], [124.51275142300005, 6.916592132000062], [124.51940073500009, 6.909985832000073], [124.52308185100003, 6.914948245000061], [124.5239273520001, 6.920714668000073]]]}}, {"type": "Feature", "properties": {"province": "Maguindanao del Sur", "municipality": "Shariff Aguak", "barangay": "Poblacion"}, "geometry": {"type": "Polygon", "coordinates": [[[124.45809195900006, 6.868652341000029], [124.45584540100003, 6.872267673000068], [124.43013807400007, 6.86474538600004], [124.43243545700011, 6.860536141000069], [124.45809195900006, 6.868652341000029]]]}}, {"type": "Feature", "properties": {"province": "Maguindanao del Sur", "municipality": "Shariff Aguak", "barangay": "Poblacion I"}, "geometry": {"type": "Polygon", "coordinates": [[[124.45852979900008, 6.867959820000066], [124.45809195900006, 6.868652341000029], [124.43243545700011, 6.860536141000069], [124.43631371700008, 6.854157110000075], [124.45175073100006, 6.858461274000035], [124.46187135600009, 6.863782894000053], [124.45852979900008, 6.867959820000066]]]}}, {"type": "Feature", "properties": {"province": "Maguindanao del Sur", "municipality": "Shariff Aguak", "barangay": "Poblacion II"}, "geometry": {"type": "Polygon", "coordinates": [[[124.45584540100003, 6.872267673000068], [124.45325486000002, 6.876436781000052], [124.44716473400001, 6.872720045000051], [124.42613673400002, 6.869130010000048], [124.43013807400007, 6.86474538600004], [124.45584540100003, 6.872267673000068]]]}}, {"type": "Feature", "properties": {"province": "Maguindanao del Sur", "municipality": "Shariff Aguak", "barangay": "Bagong"}, "geometry": {"type": "Polygon", "coordinates": [[[124.4585933100001, 6.89764512100004], [124.4597173210001, 6.912822595000022], [124.44689322300009, 6.876994901000046], [124.44716473400001, 6.872720045000051], [124.45325486000002, 6.876436781000052], [124.45741823300013, 6.888072140000077], [124.4585933100001, 6.89764512100004]]]}}, {"type": "Feature", "properties": {"province": "Maguindanao del Sur", "municipality": "Shariff Aguak", "barangay": "Bialong"}, "geometry": {"type": "Polygon", "coordinates": [[[124.476128248, 6.901519386000075], [124.49147532300003, 6.918109428000037], [124.46926688800012, 6.912083150000059], [124.46948889500005, 6.900240274000056], [124.476128248, 6.901519386000075]]]}}, {"type": "Feature", "properties": {"province": "Maguindanao del Sur", "municipality": "Shariff Aguak", "barangay": "Kuloy"}, "geometry": {"type": "Polygon", "coordinates": [[[124.46919939500003, 6.877151193000033], [124.46918045600013, 6.887040745000036], [124.45325486000002, 6.876436781000052], [124.45584540100003, 6.872267673000068], [124.45809195900006, 6.868652341000029], [124.45852979900008, 6.867959820000066], [124.46919939500003, 6.877151193000033]]]}}, {"type": "Feature", "properties": {"province": "Maguindanao del Sur", "municipality": "Shariff Aguak", "barangay": "Lapok"}, "geometry": {"type": "Polygon", "coordinates": [[[124.47625201400002, 6.895178261000068], [124.476128248, 6.901519386000075], [124.46948889500005, 6.900240274000056], [124.4585933100001, 6.89764512100004], [124.45741823300013, 6.888072140000077], [124.47625201400002, 6.895178261000068]]]}}, {"type": "Feature", "properties": {"province": "Maguindanao del Sur", "municipality": "Shariff Aguak", "barangay": "Malingao"}, "geometry": {"type": "Polygon", "coordinates": [[[124.46926688800012, 6.912083150000059], [124.46914480500004, 6.918840523000027], [124.4597173210001, 6.912822595000022], [124.4585933100001, 6.89764512100004], [124.46948889500005, 6.900240274000056], [124.46926688800012, 6.912083150000059]]]}}, {"type": "Feature", "properties": {"province": "Maguindanao del Sur", "municipality": "Shariff Aguak", "barangay": "Satan"}, "geometry": {"type": "Polygon", "coordinates": [[[124.44689322300009, 6.876994901000046], [124.42613673400002, 6.869130010000048], [124.44716473400001, 6.872720045000051], [124.44689322300009, 6.876994901000046]]]}}, {"type": "Feature", "properties": {"province": "Maguindanao del Sur", "municipality": "Shariff Aguak", "barangay": "Tapikan"}, "geometry": {"type": "Polygon", "coordinates": [[[124.46918045600013, 6.887040745000036], [124.47625201400002, 6.895178261000068], [124.45741823300013, 6.888072140000077], [124.45325486000002, 6.876436781000052], [124.46918045600013, 6.887040745000036]]]}}, {"type": "Feature", "properties": {"province": "Maguindanao del Sur", "municipality": "Shariff Aguak", "barangay": "Timbangan"}, "geometry": {"type": "Polygon", "coordinates": [[[124.46187135600009, 6.863782894000053], [124.46919939500003, 6.877151193000033], [124.45852979900008, 6.867959820000066], [124.46187135600009, 6.863782894000053]]]}}, {"type": "Feature", "properties": {"province": "Maguindanao del Sur", "municipality": "Shariff Aguak", "barangay": "Tina"}, "geometry": {"type": "Polygon", "coordinates": [[[124.49147532300003, 6.918109428000037], [124.46914480500004, 6.918840523000027], [124.46926688800012, 6.912083150000059], [124.49147532300003, 6.918109428000037]]]}}, {"type": "Feature", "properties": {"province": "Maguindanao del Sur", "municipality": "Buluan", "barangay": "Poblacion"}, "geometry": {"type": "Polygon", "coordinates": [[[124.80500339600009, 6.732551727000043], [124.78228651000006, 6.706536547000041], [124.80061160700008, 6.711523683000052], [124.80220106500008, 6.713547963000052], [124.80500339600009, 6.732551727000043]]]}}, {"type": "Feature", "properties": {"province": "Maguindanao del Sur", "municipality": "Buluan", "barangay": "Digal"}, "geometry": {"type": "Polygon", "coordinates": [[[124.8343533620001, 6.733204394000039], [124.80500339600009, 6.732551727000043], [124.80220106500008, 6.713547963000052], [124.82079690600004, 6.724382676000062], [124.8343533620001, 6.733204394000039]]]}}, {"type": "Feature", "properties": {"province": "Maguindanao del Sur", "municipality": "Buluan", "barangay": "Maslabeng"}, "geometry": {"type": "Polygon", "coordinates": [[[124.82295328400004, 6.684714756000063], [124.81289735400004, 6.689431993000027], [124.79527765800002, 6.683772659000056], [124.78709570600004, 6.67697144300007], [124.79712055200004, 6.669826907000072], [124.82295328400004, 6.684714756000063]]]}}, {"type": "Feature", "properties": {"province": "Maguindanao del Sur", "municipality": "Buluan", "barangay": "Popol"}, "geometry": {"type": "Polygon", "coordinates": [[[124.81289735400004, 6.689431993000027], [124.80061160700008, 6.711523683000052], [124.78228651000006, 6.706536547000041], [124.79527765800002, 6.683772659000056], [124.81289735400004, 6.689431993000027]]]}}, {"type": "Feature", "properties": {"province": "Maguindanao del Sur", "municipality": "Buluan", "barangay": "Lower Siling"}, "geometry": {"type": "Polygon", "coordinates": [[[124.83496548500013, 6.706981652000024], [124.82079690600004, 6.724382676000062], [124.80220106500008, 6.713547963000052], [124.80061160700008, 6.711523683000052], [124.81289735400004, 6.689431993000027], [124.82295328400004, 6.684714756000063], [124.83496548500013, 6.706981652000024]]]}}, {"type": "Feature", "properties": {"province": "Maguindanao del Sur", "municipality": "Buluan", "barangay": "Upper Siling"}, "geometry": {"type": "Polygon", "coordinates": [[[124.83496548500013, 6.706981652000024], [124.8343533620001, 6.733204394000039], [124.82079690600004, 6.724382676000062], [124.83496548500013, 6.706981652000024]]]}}, {"type": "Feature", "properties": {"province": "Maguindanao del Sur", "municipality": "Datu Paglas", "barangay": "Poblacion"}, "geometry": {"type": "Polygon", "coordinates": [[[124.87695629200005, 6.756430375000035], [124.87473823600011, 6.757322733000023], [124.8630231510001, 6.744611810000037], [124.86457263700005, 6.73429993600007], [124.87472265100007, 6.735113566000052], [124.87695629200005, 6.756430375000035]]]}}, {"type": "Feature", "properties": {"province": "Maguindanao del Sur", "municipality": "Datu Paglas", "barangay": "Alip"}, "geometry": {"type": "Polygon", "coordinates": [[[124.87473823600011, 6.757322733000023], [124.85801336900012, 6.766471479000074], [124.85130277200007, 6.760286992000032], [124.84082331700004, 6.750628531000074], [124.8630231510001, 6.744611810000037], [124.87473823600011, 6.757322733000023]]]}}, {"type": "Feature", "properties": {"province": "Maguindanao del Sur", "municipality": "Datu Paglas", "barangay": "Lipao"}, "geometry": {"type": "Polygon", "coordinates": [[[124.85130277200007, 6.760286992000032], [124.8374827460001, 6.772358502000031], [124.82843125900003, 6.769617647000074], [124.84082331700004, 6.750628531000074], [124.85130277200007, 6.760286992000032]]]}}, {"type": "Feature", "properties": {"province": "Maguindanao del Sur", "municipality": "Datu Paglas", "barangay": "Palao sa Buto"}, "geometry": {"type": "Polygon", "coordinates": [[[124.83927662600001, 6.79035201000005], [124.82843125900003, 6.769617647000074], [124.8374827460001, 6.772358502000031], [124.84170786000006, 6.780692492000071], [124.83927662600001, 6.79035201000005]]]}}, {"type": "Feature", "properties": {"province": "Maguindanao del Sur", "municipality": "Datu Paglas", "barangay": "Malala"}, "geometry": {"type": "Polygon", "coordinates": [[[124.85275284800004, 6.778444949000059], [124.84170786000006, 6.780692492000071], [124.8374827460001, 6.772358502000031], [124.85130277200007, 6.760286992000032], [124.85801336900012, 6.766471479000074], [124.85275284800004, 6.778444949000059]]]}}, {"type": "Feature", "properties": {"province": "Maguindanao del Sur", "municipality": "Datu Paglas", "barangay": "Bulod"}, "geometry": {"type": "Polygon", "coordinates": [[[124.85390046400005, 6.790241958000023], [124.83927662600001, 6.79035201000005], [124.84170786000006, 6.780692492000071], [124.85275284800004, 6.778444949000059], [124.85390046400005, 6.790241958000023]]]}}, {"type": "Feature", "properties": {"province": "Maguindanao del Sur", "municipality": "Datu Paglas", "barangay": "Sepaka"}, "geometry": {"type": "Polygon", "coordinates": [[[124.87122930400005, 6.79764153900004], [124.85390046400005, 6.790241958000023], [124.85275284800004, 6.778444949000059], [124.8670019220001, 6.77062878700002], [124.87122930400005, 6.79764153900004]]]}}, {"type": "Feature", "properties": {"province": "Maguindanao del Sur", "municipality": "Datu Paglas", "barangay": "Madidis"}, "geometry": {"type": "Polygon", "coordinates": [[[124.89157921300011, 6.786608878000039], [124.87122930400005, 6.79764153900004], [124.8670019220001, 6.77062878700002], [124.8823585330001, 6.769150420000072], [124.89157921300011, 6.786608878000039]]]}}, {"type": "Feature", "properties": {"province": "Maguindanao del Sur", "municipality": "Datu Paglas", "barangay": "Damawato"}, "geometry": {"type": "Polygon", "coordinates": [[[124.92484778700009, 6.764068045000045], [124.92754386900002, 6.789520780000031], [124.89157921300011, 6.786608878000039], [124.8823585330001, 6.769150420000072], [124.88534562600012, 6.768581832000053], [124.90723958400008, 6.76613206500002], [124.92293429100006, 6.75976941600004], [124.92484778700009, 6.764068045000045]]]}}, {"type": "Feature", "properties": {"province": "Maguindanao del Sur", "municipality": "Datu Paglas", "barangay": "Damalusay"}, "geometry": {"type": "Polygon", "coordinates": [[[124.8670019220001, 6.77062878700002], [124.85275284800004, 6.778444949000059], [124.85801336900012, 6.766471479000074], [124.87473823600011, 6.757322733000023], [124.87695629200005, 6.756430375000035], [124.88467274500009, 6.757532996000066], [124.88534562600012, 6.768581832000053], [124.8823585330001, 6.769150420000072], [124.8670019220001, 6.77062878700002]]]}}, {"type": "Feature", "properties": {"province": "Maguindanao del Sur", "municipality": "Datu Paglas", "barangay": "Datang"}, "geometry": {"type": "Polygon", "coordinates": [[[124.90723958400008, 6.76613206500002], [124.88534562600012, 6.768581832000053], [124.88467274500009, 6.757532996000066], [124.89753459100007, 6.752764090000027], [124.90723958400008, 6.76613206500002]]]}}, {"type": "Feature", "properties": {"province": "Maguindanao del Sur", "municipality": "Datu Paglas", "barangay": "Napok"}, "geometry": {"type": "Polygon", "coordinates": [[[124.92293429100006, 6.75976941600004], [124.90723958400008, 6.76613206500002], [124.89753459100007, 6.752764090000027], [124.92538482300006, 6.744681882000064], [124.92293429100006, 6.75976941600004]]]}}, {"type": "Feature", "properties": {"province": "Maguindanao del Sur", "municipality": "Datu Paglas", "barangay": "Bonawan"}, "geometry": {"type": "Polygon", "coordinates": [[[124.94576108, 6.755852288000028], [124.92754386900002, 6.789520780000031], [124.92484778700009, 6.764068045000045], [124.94576108, 6.755852288000028]]]}}, {"type": "Feature", "properties": {"province": "Maguindanao del Sur", "municipality": "Datu Paglas", "barangay": "Elbebe"}, "geometry": {"type": "Polygon", "coordinates": [[[124.96918503100005, 6.709965978000071], [124.95910045200004, 6.736808297000039], [124.94526372900009, 6.729294588000073], [124.96918503100005, 6.709965978000071]]]}}, {"type": "Feature", "properties": {"province": "Maguindanao del Sur", "municipality": "Datu Paglas", "barangay": "Kalumenga"}, "geometry": {"type": "Polygon", "coordinates": [[[124.94576108, 6.755852288000028], [124.92484778700009, 6.764068045000045], [124.92293429100006, 6.75976941600004], [124.92538482300006, 6.744681882000064], [124.94526372900009, 6.729294588000073], [124.95910045200004, 6.736808297000039], [124.94576108, 6.755852288000028]]]}}, {"type": "Feature", "properties": {"province": "Maguindanao del Sur", "municipality": "Datu Paglas", "barangay": "Lomoyon"}, "geometry": {"type": "Polygon", "coordinates": [[[124.96918503100005, 6.709965978000071], [124.94526372900009, 6.729294588000073], [124.91660453500003, 6.717278170000043], [124.92761969500009, 6.694087297000066], [124.96918503100005, 6.709965978000071]]]}}, {"type": "Feature", "properties": {"province": "Maguindanao del Sur", "municipality": "Datu Paglas", "barangay": "Makat"}, "geometry": {"type": "Polygon", "coordinates": [[[124.92761969500009, 6.694087297000066], [124.91660453500003, 6.717278170000043], [124.87975145900009, 6.689759474000027], [124.92761969500009, 6.694087297000066]]]}}, {"type": "Feature", "properties": {"province": "Maguindanao del Sur", "municipality": "Datu Paglas", "barangay": "Salendab"}, "geometry": {"type": "Polygon", "coordinates": [[[124.94526372900009, 6.729294588000073], [124.92538482300006, 6.744681882000064], [124.909443312, 6.727438560000053], [124.91660453500003, 6.717278170000043], [124.94526372900009, 6.729294588000073]]]}}, {"type": "Feature", "properties": {"province": "Maguindanao del Sur", "municipality": "Datu Paglas", "barangay": "Mao"}, "geometry": {"type": "Polygon", "coordinates": [[[124.909443312, 6.727438560000053], [124.90657297400004, 6.731523449000065], [124.86630336300004, 6.702262109000059], [124.87975145900009, 6.689759474000027], [124.91660453500003, 6.717278170000043], [124.909443312, 6.727438560000053]]]}}, {"type": "Feature", "properties": {"province": "Maguindanao del Sur", "municipality": "Datu Paglas", "barangay": "Manindolo"}, "geometry": {"type": "Polygon", "coordinates": [[[124.92538482300006, 6.744681882000064], [124.89753459100007, 6.752764090000027], [124.90164946500009, 6.73710126800006], [124.90657297400004, 6.731523449000065], [124.909443312, 6.727438560000053], [124.92538482300006, 6.744681882000064]]]}}, {"type": "Feature", "properties": {"province": "Maguindanao del Sur", "municipality": "Datu Paglas", "barangay": "Puya"}, "geometry": {"type": "Polygon", "coordinates": [[[124.90657297400004, 6.731523449000065], [124.90164946500009, 6.73710126800006], [124.88695940700006, 6.736022887000046], [124.86536581400003, 6.717451461000054], [124.86630336300004, 6.702262109000059], [124.90657297400004, 6.731523449000065]]]}}, {"type": "Feature", "properties": {"province": "Maguindanao del Sur", "municipality": "Datu Paglas", "barangay": "Katil"}, "geometry": {"type": "Polygon", "coordinates": [[[124.89753459100007, 6.752764090000027], [124.88467274500009, 6.757532996000066], [124.87695629200005, 6.756430375000035], [124.87472265100007, 6.735113566000052], [124.88695940700006, 6.736022887000046], [124.90164946500009, 6.73710126800006], [124.89753459100007, 6.752764090000027]]]}}, {"type": "Feature", "properties": {"province": "Maguindanao del Sur", "municipality": "Datu Paglas", "barangay": "Mangadeg"}, "geometry": {"type": "Polygon", "coordinates": [[[124.86536581400003, 6.717451461000054], [124.88695940700006, 6.736022887000046], [124.87472265100007, 6.735113566000052], [124.86457263700005, 6.73429993600007], [124.86536581400003, 6.717451461000054]]]}}, {"type": "Feature", "properties": {"province": "Maguindanao del Sur", "municipality": "Mangundadatu", "barangay": "Tumbao"}, "geometry": {"type": "Polygon", "coordinates": [[[124.82615990700002, 6.648936787000024], [124.79712055200004, 6.669826907000072], [124.78498767200006, 6.639034584000059], [124.82615990700002, 6.648936787000024]]]}}, {"type": "Feature", "properties": {"province": "Maguindanao del Sur", "municipality": "Mangundadatu", "barangay": "Daladagan"}, "geometry": {"type": "Polygon", "coordinates": [[[124.86611808300007, 6.704668792000062], [124.86485365200006, 6.728784663000056], [124.83496548500013, 6.706981652000024], [124.83757893200004, 6.677227783000033], [124.84251591100009, 6.700312515000063], [124.86611808300007, 6.704668792000062]]]}}, {"type": "Feature", "properties": {"province": "Maguindanao del Sur", "municipality": "Mangundadatu", "barangay": "Kalian"}, "geometry": {"type": "Polygon", "coordinates": [[[124.86611808300007, 6.704668792000062], [124.84251591100009, 6.700312515000063], [124.83757893200004, 6.677227783000033], [124.84337709700004, 6.67517218000006], [124.86686037600008, 6.691883172000075], [124.86611808300007, 6.704668792000062]]]}}, {"type": "Feature", "properties": {"province": "Maguindanao del Sur", "municipality": "Mangundadatu", "barangay": "Luayan"}, "geometry": {"type": "Polygon", "coordinates": [[[124.81486817300005, 6.62696094000006], [124.77892310100003, 6.623288442000046], [124.78550368600008, 6.606117920000031], [124.81166105500006, 6.612097773000073], [124.81486817300005, 6.62696094000006]]]}}, {"type": "Feature", "properties": {"province": "Maguindanao del Sur", "municipality": "Mangundadatu", "barangay": "Paitan"}, "geometry": {"type": "Polygon", "coordinates": [[[124.8651447960001, 6.609584961000053], [124.86844955800007, 6.643072075000019], [124.90200884800004, 6.655854541000053], [124.88680814300004, 6.677562946000023], [124.84573473400009, 6.656097162000036], [124.82615990700002, 6.648936787000024], [124.8651447960001, 6.609584961000053]]]}}, {"type": "Feature", "properties": {"province": "Maguindanao del Sur", "municipality": "Mangundadatu", "barangay": "Panapan"}, "geometry": {"type": "Polygon", "coordinates": [[[124.81486817300005, 6.62696094000006], [124.82615990700002, 6.648936787000024], [124.78498767200006, 6.639034584000059], [124.77892310100003, 6.623288442000046], [124.81486817300005, 6.62696094000006]]]}}, {"type": "Feature", "properties": {"province": "Maguindanao del Sur", "municipality": "Mangundadatu", "barangay": "Tenok"}, "geometry": {"type": "Polygon", "coordinates": [[[124.88680814300004, 6.677562946000023], [124.86686037600008, 6.691883172000075], [124.84337709700004, 6.67517218000006], [124.84573473400009, 6.656097162000036], [124.88680814300004, 6.677562946000023]]]}}, {"type": "Feature", "properties": {"province": "Maguindanao del Sur", "municipality": "Mangundadatu", "barangay": "Tinambulan"}, "geometry": {"type": "Polygon", "coordinates": [[[124.8651447960001, 6.609584961000053], [124.82615990700002, 6.648936787000024], [124.81486817300005, 6.62696094000006], [124.81166105500006, 6.612097773000073], [124.8651447960001, 6.609584961000053]]]}}, {"type": "Feature", "properties": {"province": "Maguindanao del Sur", "municipality": "Pandag", "barangay": "Pandag"}, "geometry": {"type": "Polygon", "coordinates": [[[124.80389051300004, 6.770817022000073], [124.79971426600002, 6.783135893000065], [124.76675474500007, 6.760128947000056], [124.7722636540001, 6.747060644000044], [124.77677697100012, 6.74432315100006], [124.77659480600005, 6.752942972000026], [124.80389051300004, 6.770817022000073]]]}}, {"type": "Feature", "properties": {"province": "Maguindanao del Sur", "municipality": "Pandag", "barangay": "Kabuling"}, "geometry": {"type": "Polygon", "coordinates": [[[124.84254620600007, 6.747994392000066], [124.82782318600005, 6.770924408000041], [124.80389051300004, 6.770817022000073], [124.79871178200007, 6.754106810000053], [124.80015886700006, 6.743469290000063], [124.80376206400003, 6.733990014000028], [124.8289177600001, 6.753783552000073], [124.84254620600007, 6.747994392000066]]]}}, {"type": "Feature", "properties": {"province": "Maguindanao del Sur", "municipality": "Pandag", "barangay": "Kayupo"}, "geometry": {"type": "Polygon", "coordinates": [[[124.7722636540001, 6.747060644000044], [124.76675474500007, 6.760128947000056], [124.753953711, 6.73485987500004], [124.7722636540001, 6.747060644000044]]]}}, {"type": "Feature", "properties": {"province": "Maguindanao del Sur", "municipality": "Pandag", "barangay": "Lepak"}, "geometry": {"type": "Polygon", "coordinates": [[[124.82782318600005, 6.770924408000041], [124.79971426600002, 6.783135893000065], [124.80389051300004, 6.770817022000073], [124.82782318600005, 6.770924408000041]]]}}, {"type": "Feature", "properties": {"province": "Maguindanao del Sur", "municipality": "Pandag", "barangay": "Lower Dilag"}, "geometry": {"type": "Polygon", "coordinates": [[[124.79871178200007, 6.754106810000053], [124.80389051300004, 6.770817022000073], [124.77659480600005, 6.752942972000026], [124.79871178200007, 6.754106810000053]]]}}, {"type": "Feature", "properties": {"province": "Maguindanao del Sur", "municipality": "Pandag", "barangay": "Malangit"}, "geometry": {"type": "Polygon", "coordinates": [[[124.77677697100012, 6.74432315100006], [124.7722636540001, 6.747060644000044], [124.753953711, 6.73485987500004], [124.80376206400003, 6.733990014000028], [124.80015886700006, 6.743469290000063], [124.77677697100012, 6.74432315100006]]]}}, {"type": "Feature", "properties": {"province": "Maguindanao del Sur", "municipality": "Pandag", "barangay": "Upper Dilag"}, "geometry": {"type": "Polygon", "coordinates": [[[124.79871178200007, 6.754106810000053], [124.77659480600005, 6.752942972000026], [124.77677697100012, 6.74432315100006], [124.80015886700006, 6.743469290000063], [124.79871178200007, 6.754106810000053]]]}}, {"type": "Feature", "properties": {"province": "Maguindanao del Sur", "municipality": "Datu Montawal", "barangay": "Tunggol"}, "geometry": {"type": "Polygon", "coordinates": [[[124.77202680600011, 7.087155556000027], [124.75017336100008, 7.094701656000041], [124.74082014900011, 7.089795379000065], [124.7463003370001, 7.06053768700002], [124.7719886320001, 7.075949368000067], [124.77202680600011, 7.087155556000027]]]}}, {"type": "Feature", "properties": {"province": "Maguindanao del Sur", "municipality": "Datu Montawal", "barangay": "Bulit"}, "geometry": {"type": "Polygon", "coordinates": [[[124.7818702200001, 7.130729846000064], [124.7491552350001, 7.12748825500006], [124.74803615700012, 7.12208569200004], [124.7855462550001, 7.101408897000056], [124.7818702200001, 7.130729846000064]]]}}, {"type": "Feature", "properties": {"province": "Maguindanao del Sur", "municipality": "Datu Montawal", "barangay": "Bulod"}, "geometry": {"type": "Polygon", "coordinates": [[[124.82196366300003, 7.044487835000041], [124.77969718300005, 7.03415947700006], [124.74884975400006, 7.050961008000058], [124.75699965900003, 7.020886677000021], [124.75348680000003, 7.003738637000028], [124.7813111800001, 7.006017243000029], [124.82196366300003, 7.044487835000041]]]}}, {"type": "Feature", "properties": {"province": "Maguindanao del Sur", "municipality": "Datu Montawal", "barangay": "Balatungkayo"}, "geometry": {"type": "Polygon", "coordinates": [[[124.74916821600004, 7.117454657000053], [124.73503045200005, 7.107425306000039], [124.74082014900011, 7.089795379000065], [124.75017336100008, 7.094701656000041], [124.74916821600004, 7.117454657000053]]]}}, {"type": "Feature", "properties": {"province": "Maguindanao del Sur", "municipality": "Datu Montawal", "barangay": "Dungguan"}, "geometry": {"type": "Polygon", "coordinates": [[[124.74884975400006, 7.050961008000058], [124.7463003370001, 7.06053768700002], [124.73675476100004, 7.023981868000019], [124.75699965900003, 7.020886677000021], [124.74884975400006, 7.050961008000058]]]}}, {"type": "Feature", "properties": {"province": "Maguindanao del Sur", "municipality": "Datu Montawal", "barangay": "Limbalud"}, "geometry": {"type": "Polygon", "coordinates": [[[124.7818702200001, 7.130729846000064], [124.75741127900005, 7.152870980000044], [124.7491552350001, 7.12748825500006], [124.7818702200001, 7.130729846000064]]]}}, {"type": "Feature", "properties": {"province": "Maguindanao del Sur", "municipality": "Datu Montawal", "barangay": "Nabundas"}, "geometry": {"type": "Polygon", "coordinates": [[[124.75741127900005, 7.152870980000044], [124.72775273800005, 7.176627422000022], [124.72622112100011, 7.147536368000033], [124.73503045200005, 7.107425306000039], [124.74916821600004, 7.117454657000053], [124.74803615700012, 7.12208569200004], [124.7491552350001, 7.12748825500006], [124.75741127900005, 7.152870980000044]]]}}, {"type": "Feature", "properties": {"province": "Maguindanao del Sur", "municipality": "Datu Montawal", "barangay": "Pagagawan"}, "geometry": {"type": "Polygon", "coordinates": [[[124.7855462550001, 7.101408897000056], [124.74803615700012, 7.12208569200004], [124.74916821600004, 7.117454657000053], [124.75017336100008, 7.094701656000041], [124.77202680600011, 7.087155556000027], [124.7855462550001, 7.101408897000056]]]}}, {"type": "Feature", "properties": {"province": "Maguindanao del Sur", "municipality": "Datu Montawal", "barangay": "Talapas"}, "geometry": {"type": "Polygon", "coordinates": [[[124.82196366300003, 7.044487835000041], [124.7719886320001, 7.075949368000067], [124.7463003370001, 7.06053768700002], [124.74884975400006, 7.050961008000058], [124.77969718300005, 7.03415947700006], [124.82196366300003, 7.044487835000041]]]}}, {"type": "Feature", "properties": {"province": "Maguindanao del Sur", "municipality": "General Salipada K Pendatun", "barangay": "Badak"}, "geometry": {"type": "Polygon", "coordinates": [[[124.78393092400006, 6.882197587000064], [124.7558954220001, 6.882372806000034], [124.72913524400009, 6.832503884000061], [124.75608082700012, 6.821171660000061], [124.78393092400006, 6.882197587000064]]]}}, {"type": "Feature", "properties": {"province": "Maguindanao del Sur", "municipality": "General Salipada K Pendatun", "barangay": "Bulod"}, "geometry": {"type": "Polygon", "coordinates": [[[124.78162231200007, 6.812124055000027], [124.78393092400006, 6.882197587000064], [124.75608082700012, 6.821171660000061], [124.75655402200003, 6.818342345000075], [124.75778244700007, 6.811121777000039], [124.75842923200004, 6.805937120000065], [124.78162231200007, 6.812124055000027]]]}}, {"type": "Feature", "properties": {"province": "Maguindanao del Sur", "municipality": "General Salipada K Pendatun", "barangay": "Kaladturan"}, "geometry": {"type": "Polygon", "coordinates": [[[124.75778244700007, 6.811121777000039], [124.75655402200003, 6.818342345000075], [124.73675338800003, 6.814408729000036], [124.728649882, 6.811181242000032], [124.74432538300006, 6.804896781000025], [124.75778244700007, 6.811121777000039]]]}}, {"type": "Feature", "properties": {"province": "Maguindanao del Sur", "municipality": "General Salipada K Pendatun", "barangay": "Kulasi"}, "geometry": {"type": "Polygon", "coordinates": [[[124.73675338800003, 6.814408729000036], [124.73199450200002, 6.820576327000025], [124.71803962600006, 6.812961764000021], [124.71708527800003, 6.810847400000056], [124.71932430000004, 6.800424115000054], [124.728649882, 6.811181242000032], [124.73675338800003, 6.814408729000036]]]}}, {"type": "Feature", "properties": {"province": "Maguindanao del Sur", "municipality": "General Salipada K Pendatun", "barangay": "Lao-Lao"}, "geometry": {"type": "Polygon", "coordinates": [[[124.74245859800011, 6.882243553000023], [124.73337786200011, 6.882352037000032], [124.70166729800006, 6.863534190000053], [124.68766101500013, 6.860819899000034], [124.69899103000012, 6.841805480000062], [124.70141199700004, 6.836643274000038], [124.70533471700003, 6.838146352000024], [124.74245859800011, 6.882243553000023]]]}}, {"type": "Feature", "properties": {"province": "Maguindanao del Sur", "municipality": "General Salipada K Pendatun", "barangay": "Lasangan"}, "geometry": {"type": "Polygon", "coordinates": [[[124.71626608400005, 6.836703851000038], [124.74741576200007, 6.882294109000042], [124.74245859800011, 6.882243553000023], [124.70533471700003, 6.838146352000024], [124.71626608400005, 6.836703851000038]]]}}, {"type": "Feature", "properties": {"province": "Maguindanao del Sur", "municipality": "General Salipada K Pendatun", "barangay": "Lower Idtig"}, "geometry": {"type": "Polygon", "coordinates": [[[124.78162231200007, 6.812124055000027], [124.75842923200004, 6.805937120000065], [124.75956440200004, 6.798322839000036], [124.76909645800004, 6.78635147600005], [124.78162231200007, 6.812124055000027]]]}}, {"type": "Feature", "properties": {"province": "Maguindanao del Sur", "municipality": "General Salipada K Pendatun", "barangay": "Lumabao"}, "geometry": {"type": "Polygon", "coordinates": [[[124.70141199700004, 6.836643274000038], [124.69899103000012, 6.841805480000062], [124.67974772600007, 6.830266858000073], [124.71708527800003, 6.810847400000056], [124.71803962600006, 6.812961764000021], [124.70141199700004, 6.836643274000038]]]}}, {"type": "Feature", "properties": {"province": "Maguindanao del Sur", "municipality": "General Salipada K Pendatun", "barangay": "Makainis"}, "geometry": {"type": "Polygon", "coordinates": [[[124.72913524400009, 6.832503884000061], [124.7558954220001, 6.882372806000034], [124.74741576200007, 6.882294109000042], [124.71626608400005, 6.836703851000038], [124.72913524400009, 6.832503884000061]]]}}, {"type": "Feature", "properties": {"province": "Maguindanao del Sur", "municipality": "General Salipada K Pendatun", "barangay": "Midconding"}, "geometry": {"type": "Polygon", "coordinates": [[[124.75842923200004, 6.805937120000065], [124.75778244700007, 6.811121777000039], [124.74432538300006, 6.804896781000025], [124.73575752000009, 6.80231225600005], [124.7388919230001, 6.791099731000031], [124.75956440200004, 6.798322839000036], [124.75842923200004, 6.805937120000065]]]}}, {"type": "Feature", "properties": {"province": "Maguindanao del Sur", "municipality": "General Salipada K Pendatun", "barangay": "Midpandacan"}, "geometry": {"type": "Polygon", "coordinates": [[[124.72012856800006, 6.884954766000022], [124.69320338600005, 6.878258482000034], [124.70061847800002, 6.871581920000039], [124.72012856800006, 6.884954766000022]]]}}, {"type": "Feature", "properties": {"province": "Maguindanao del Sur", "municipality": "General Salipada K Pendatun", "barangay": "Panosolen"}, "geometry": {"type": "Polygon", "coordinates": [[[124.70061847800002, 6.871581920000039], [124.69320338600005, 6.878258482000034], [124.6700260360001, 6.855474266000045], [124.68766101500013, 6.860819899000034], [124.70166729800006, 6.863534190000053], [124.70061847800002, 6.871581920000039]]]}}, {"type": "Feature", "properties": {"province": "Maguindanao del Sur", "municipality": "General Salipada K Pendatun", "barangay": "Quipolot"}, "geometry": {"type": "Polygon", "coordinates": [[[124.7388919230001, 6.791099731000031], [124.73575752000009, 6.80231225600005], [124.722925453, 6.790389819000041], [124.7388919230001, 6.791099731000031]]]}}, {"type": "Feature", "properties": {"province": "Maguindanao del Sur", "municipality": "General Salipada K Pendatun", "barangay": "Ramcor"}, "geometry": {"type": "Polygon", "coordinates": [[[124.75956440200004, 6.798322839000036], [124.7388919230001, 6.791099731000031], [124.76909645800004, 6.78635147600005], [124.75956440200004, 6.798322839000036]]]}}, {"type": "Feature", "properties": {"province": "Maguindanao del Sur", "municipality": "General Salipada K Pendatun", "barangay": "Sadangen"}, "geometry": {"type": "Polygon", "coordinates": [[[124.73337786200011, 6.882352037000032], [124.72012856800006, 6.884954766000022], [124.70061847800002, 6.871581920000039], [124.70166729800006, 6.863534190000053], [124.73337786200011, 6.882352037000032]]]}}, {"type": "Feature", "properties": {"province": "Maguindanao del Sur", "municipality": "General Salipada K Pendatun", "barangay": "Sumakubay"}, "geometry": {"type": "Polygon", "coordinates": [[[124.72913524400009, 6.832503884000061], [124.71626608400005, 6.836703851000038], [124.73199450200002, 6.820576327000025], [124.73675338800003, 6.814408729000036], [124.75655402200003, 6.818342345000075], [124.75608082700012, 6.821171660000061], [124.72913524400009, 6.832503884000061]]]}}, {"type": "Feature", "properties": {"province": "Maguindanao del Sur", "municipality": "General Salipada K Pendatun", "barangay": "Tonggol"}, "geometry": {"type": "Polygon", "coordinates": [[[124.74432538300006, 6.804896781000025], [124.728649882, 6.811181242000032], [124.71932430000004, 6.800424115000054], [124.722925453, 6.790389819000041], [124.73575752000009, 6.80231225600005], [124.74432538300006, 6.804896781000025]]]}}, {"type": "Feature", "properties": {"province": "Maguindanao del Sur", "municipality": "General Salipada K Pendatun", "barangay": "Upper Lasangan"}, "geometry": {"type": "Polygon", "coordinates": [[[124.71626608400005, 6.836703851000038], [124.70533471700003, 6.838146352000024], [124.70141199700004, 6.836643274000038], [124.71803962600006, 6.812961764000021], [124.73199450200002, 6.820576327000025], [124.71626608400005, 6.836703851000038]]]}}, {"type": "Feature", "properties": {"province": "Maguindanao del Sur", "municipality": "Pagalungan", "barangay": "Poblacion"}, "geometry": {"type": "Polygon", "coordinates": [[[124.71089123200011, 7.041289255000038], [124.70934447300012, 7.063996688000031], [124.6880904630001, 7.059370269000055], [124.70998247700004, 7.034920075000059], [124.71089123200011, 7.041289255000038]]]}}, {"type": "Feature", "properties": {"province": "Maguindanao del Sur", "municipality": "Pagalungan", "barangay": "Buliok"}, "geometry": {"type": "Polygon", "coordinates": [[[124.77640116600004, 6.97764633500003], [124.68982415900007, 6.958857574000034], [124.80352730300002, 6.949101654000061], [124.80244409900003, 6.977796117000026], [124.77640116600004, 6.97764633500003]]]}}, {"type": "Feature", "properties": {"province": "Maguindanao del Sur", "municipality": "Pagalungan", "barangay": "Damalasak"}, "geometry": {"type": "Polygon", "coordinates": [[[124.70934447300012, 7.063996688000031], [124.70771447300001, 7.074398415000076], [124.6880904630001, 7.059370269000055], [124.70934447300012, 7.063996688000031]]]}}, {"type": "Feature", "properties": {"province": "Maguindanao del Sur", "municipality": "Pagalungan", "barangay": "Galakit"}, "geometry": {"type": "Polygon", "coordinates": [[[124.71723214500004, 7.080570283000042], [124.7124569360001, 7.080727804000047], [124.70771447300001, 7.074398415000076], [124.70934447300012, 7.063996688000031], [124.71089123200011, 7.041289255000038], [124.73275565900008, 7.046115360000045], [124.73319174300002, 7.055397179000066], [124.71723214500004, 7.080570283000042]]]}}, {"type": "Feature", "properties": {"province": "Maguindanao del Sur", "municipality": "Pagalungan", "barangay": "Inug-ug"}, "geometry": {"type": "Polygon", "coordinates": [[[124.73675476100004, 7.023981868000019], [124.73275565900008, 7.046115360000045], [124.71089123200011, 7.041289255000038], [124.70998247700004, 7.034920075000059], [124.71662410500005, 7.019548900000073], [124.73675476100004, 7.023981868000019]]]}}, {"type": "Feature", "properties": {"province": "Maguindanao del Sur", "municipality": "Pagalungan", "barangay": "Kudal"}, "geometry": {"type": "Polygon", "coordinates": [[[124.75502370100001, 7.011254883000047], [124.73675476100004, 7.023981868000019], [124.71662410500005, 7.019548900000073], [124.70593703000009, 7.006701242000077], [124.75502370100001, 7.011254883000047]]]}}, {"type": "Feature", "properties": {"province": "Maguindanao del Sur", "municipality": "Pagalungan", "barangay": "Layog"}, "geometry": {"type": "Polygon", "coordinates": [[[124.73319174300002, 7.055397179000066], [124.71676929700004, 7.086585624000064], [124.71723214500004, 7.080570283000042], [124.73319174300002, 7.055397179000066]]]}}, {"type": "Feature", "properties": {"province": "Maguindanao del Sur", "municipality": "Pagalungan", "barangay": "Linandangan"}, "geometry": {"type": "Polygon", "coordinates": [[[124.71676929700004, 7.086585624000064], [124.7124569360001, 7.080727804000047], [124.71723214500004, 7.080570283000042], [124.71676929700004, 7.086585624000064]]]}}, {"type": "Feature", "properties": {"province": "Maguindanao del Sur", "municipality": "Rajah Buayan", "barangay": "Baital"}, "geometry": {"type": "Polygon", "coordinates": [[[124.56935787500005, 6.895184053000036], [124.55588787700002, 6.884449979000068], [124.55912445000003, 6.879893022000034], [124.56220746500003, 6.875622931000064], [124.57621551500006, 6.875132471000029], [124.56935787500005, 6.895184053000036]]]}}, {"type": "Feature", "properties": {"province": "Maguindanao del Sur", "municipality": "Rajah Buayan", "barangay": "Bakat"}, "geometry": {"type": "Polygon", "coordinates": [[[124.57622777300003, 6.962319020000052], [124.53682645600007, 6.949188468000046], [124.56747562700002, 6.94393702800005], [124.57622777300003, 6.962319020000052]]]}}, {"type": "Feature", "properties": {"province": "Maguindanao del Sur", "municipality": "Rajah Buayan", "barangay": "Dapantis"}, "geometry": {"type": "Polygon", "coordinates": [[[124.55912445000003, 6.879893022000034], [124.544198488, 6.880659543000036], [124.56349009500003, 6.862933992000023], [124.56220746500003, 6.875622931000064], [124.55912445000003, 6.879893022000034]]]}}, {"type": "Feature", "properties": {"province": "Maguindanao del Sur", "municipality": "Rajah Buayan", "barangay": "Gaunan"}, "geometry": {"type": "Polygon", "coordinates": [[[124.57907804300008, 6.911812112000062], [124.55520326200008, 6.913081752000038], [124.55588787700002, 6.884449979000068], [124.56935787500005, 6.895184053000036], [124.58084191900004, 6.904871021000076], [124.58229435700004, 6.910361800000032], [124.57907804300008, 6.911812112000062]]]}}, {"type": "Feature", "properties": {"province": "Maguindanao del Sur", "municipality": "Rajah Buayan", "barangay": "Malibpolok"}, "geometry": {"type": "Polygon", "coordinates": [[[124.57907804300008, 6.911812112000062], [124.56631657500009, 6.929222452000031], [124.55852070300013, 6.916435385000056], [124.55520326200008, 6.913081752000038], [124.57907804300008, 6.911812112000062]]]}}, {"type": "Feature", "properties": {"province": "Maguindanao del Sur", "municipality": "Rajah Buayan", "barangay": "Mileb"}, "geometry": {"type": "Polygon", "coordinates": [[[124.59181806300012, 6.907016243000045], [124.58084191900004, 6.904871021000076], [124.56935787500005, 6.895184053000036], [124.57621551500006, 6.875132471000029], [124.58928767900012, 6.871144579000031], [124.59181806300012, 6.907016243000045]]]}}, {"type": "Feature", "properties": {"province": "Maguindanao del Sur", "municipality": "Rajah Buayan", "barangay": "Pidsandawan"}, "geometry": {"type": "Polygon", "coordinates": [[[124.56747562700002, 6.94393702800005], [124.53682645600007, 6.949188468000046], [124.53876204600012, 6.919144380000033], [124.55852070300013, 6.916435385000056], [124.56631657500009, 6.929222452000031], [124.56747562700002, 6.94393702800005]]]}}, {"type": "Feature", "properties": {"province": "Maguindanao del Sur", "municipality": "Rajah Buayan", "barangay": "Sampao"}, "geometry": {"type": "Polygon", "coordinates": [[[124.58928767900012, 6.871144579000031], [124.57621551500006, 6.875132471000029], [124.56220746500003, 6.875622931000064], [124.56349009500003, 6.862933992000023], [124.58928767900012, 6.871144579000031]]]}}, {"type": "Feature", "properties": {"province": "Maguindanao del Sur", "municipality": "Rajah Buayan", "barangay": "Sapakan"}, "geometry": {"type": "Polygon", "coordinates": [[[124.55852070300013, 6.916435385000056], [124.53876204600012, 6.919144380000033], [124.544198488, 6.880659543000036], [124.55912445000003, 6.879893022000034], [124.55588787700002, 6.884449979000068], [124.55520326200008, 6.913081752000038], [124.55852070300013, 6.916435385000056]]]}}, {"type": "Feature", "properties": {"province": "Maguindanao del Sur", "municipality": "Rajah Buayan", "barangay": "Tabungao"}, "geometry": {"type": "Polygon", "coordinates": [[[124.58947091800006, 6.932460105000076], [124.57622777300003, 6.962319020000052], [124.56747562700002, 6.94393702800005], [124.56631657500009, 6.929222452000031], [124.57907804300008, 6.911812112000062], [124.58229435700004, 6.910361800000032], [124.58947091800006, 6.932460105000076]]]}}, {"type": "Feature", "properties": {"province": "Maguindanao del Sur", "municipality": "SULTAN SA BARONGIS", "barangay": "Barurao"}, "geometry": {"type": "Polygon", "coordinates": [[[124.61291850600004, 6.876545647000057], [124.61446963400012, 6.894846817000029], [124.59178158300006, 6.893093156000019], [124.59359705800013, 6.873944728000025], [124.59753774300009, 6.864944532000037], [124.61291850600004, 6.876545647000057]]]}}, {"type": "Feature", "properties": {"province": "Maguindanao del Sur", "municipality": "SULTAN SA BARONGIS", "barangay": "Angkayamat"}, "geometry": {"type": "Polygon", "coordinates": [[[124.69551499400005, 6.880510879000043], [124.68652187100008, 6.91358506900002], [124.66924075300007, 6.889064941000071], [124.67580666500011, 6.883390428000041], [124.69551499400005, 6.880510879000043]]]}}, {"type": "Feature", "properties": {"province": "Maguindanao del Sur", "municipality": "SULTAN SA BARONGIS", "barangay": "Bulod"}, "geometry": {"type": "Polygon", "coordinates": [[[124.66924075300007, 6.889064941000071], [124.65856456100005, 6.907841346000054], [124.64962451900011, 6.876553408000063], [124.67700975400008, 6.871405709000042], [124.67580666500011, 6.883390428000041], [124.66924075300007, 6.889064941000071]]]}}, {"type": "Feature", "properties": {"province": "Maguindanao del Sur", "municipality": "SULTAN SA BARONGIS", "barangay": "Darampua"}, "geometry": {"type": "Polygon", "coordinates": [[[124.64930272800005, 6.955593896000038], [124.59977600700006, 6.968305545000023], [124.61447292500009, 6.930593113000044], [124.64930272800005, 6.955593896000038]]]}}, {"type": "Feature", "properties": {"province": "Maguindanao del Sur", "municipality": "SULTAN SA BARONGIS", "barangay": "Gadungan"}, "geometry": {"type": "Polygon", "coordinates": [[[124.63723914600006, 6.913243059000024], [124.62370496200003, 6.916665380000041], [124.61446963400012, 6.894846817000029], [124.61291850600004, 6.876545647000057], [124.63377918500011, 6.888110593000022], [124.63723914600006, 6.913243059000024]]]}}, {"type": "Feature", "properties": {"province": "Maguindanao del Sur", "municipality": "SULTAN SA BARONGIS", "barangay": "Kulambog"}, "geometry": {"type": "Polygon", "coordinates": [[[124.62370496200003, 6.916665380000041], [124.6215765930001, 6.921004126000073], [124.59178158300006, 6.893093156000019], [124.61446963400012, 6.894846817000029], [124.62370496200003, 6.916665380000041]]]}}, {"type": "Feature", "properties": {"province": "Maguindanao del Sur", "municipality": "SULTAN SA BARONGIS", "barangay": "Langgapanan"}, "geometry": {"type": "Polygon", "coordinates": [[[124.69551499400005, 6.880510879000043], [124.67580666500011, 6.883390428000041], [124.67700975400008, 6.871405709000042], [124.69551499400005, 6.880510879000043]]]}}, {"type": "Feature", "properties": {"province": "Maguindanao del Sur", "municipality": "SULTAN SA BARONGIS", "barangay": "Papakan"}, "geometry": {"type": "Polygon", "coordinates": [[[124.6692144880001, 6.92852740400002], [124.64930272800005, 6.955593896000038], [124.61447292500009, 6.930593113000044], [124.6215765930001, 6.921004126000073], [124.62370496200003, 6.916665380000041], [124.63723914600006, 6.913243059000024], [124.65856456100005, 6.907841346000054], [124.6692144880001, 6.92852740400002]]]}}, {"type": "Feature", "properties": {"province": "Maguindanao del Sur", "municipality": "SULTAN SA BARONGIS", "barangay": "Tugal"}, "geometry": {"type": "Polygon", "coordinates": [[[124.68652187100008, 6.91358506900002], [124.6692144880001, 6.92852740400002], [124.65856456100005, 6.907841346000054], [124.66924075300007, 6.889064941000071], [124.68652187100008, 6.91358506900002]]]}}, {"type": "Feature", "properties": {"province": "Maguindanao del Sur", "municipality": "SULTAN SA BARONGIS", "barangay": "Tukanakuden"}, "geometry": {"type": "Polygon", "coordinates": [[[124.65856456100005, 6.907841346000054], [124.63723914600006, 6.913243059000024], [124.63377918500011, 6.888110593000022], [124.64962451900011, 6.876553408000063], [124.65856456100005, 6.907841346000054]]]}}, {"type": "Feature", "properties": {"province": "Maguindanao del Sur", "municipality": "Paglat", "barangay": "Paglat"}, "geometry": {"type": "Polygon", "coordinates": [[[124.79958275400007, 6.78462409100007], [124.7944175130001, 6.792585185000064], [124.77361921300007, 6.780083137000076], [124.78156392800008, 6.769270522000055], [124.79958275400007, 6.78462409100007]]]}}, {"type": "Feature", "properties": {"province": "Maguindanao del Sur", "municipality": "Paglat", "barangay": "Campo"}, "geometry": {"type": "Polygon", "coordinates": [[[124.77463007900008, 6.765065989000051], [124.75973808900004, 6.783137273000023], [124.74930172200004, 6.776724184000045], [124.76774972000011, 6.760800550000054], [124.77463007900008, 6.765065989000051]]]}}, {"type": "Feature", "properties": {"province": "Maguindanao del Sur", "municipality": "Paglat", "barangay": "Damakling"}, "geometry": {"type": "Polygon", "coordinates": [[[124.79958275400007, 6.78462409100007], [124.82249612600003, 6.794133661000046], [124.804196208, 6.816775648000032], [124.78267245000008, 6.804461088000039], [124.79115055000011, 6.798566307000043], [124.7944175130001, 6.792585185000064], [124.79958275400007, 6.78462409100007]]]}}, {"type": "Feature", "properties": {"province": "Maguindanao del Sur", "municipality": "Paglat", "barangay": "Damalusay"}, "geometry": {"type": "Polygon", "coordinates": [[[124.77361921300007, 6.780083137000076], [124.76909645800004, 6.78635147600005], [124.75973808900004, 6.783137273000023], [124.77463007900008, 6.765065989000051], [124.78156392800008, 6.769270522000055], [124.77361921300007, 6.780083137000076]]]}}, {"type": "Feature", "properties": {"province": "Maguindanao del Sur", "municipality": "Paglat", "barangay": "Salam"}, "geometry": {"type": "Polygon", "coordinates": [[[124.76774972000011, 6.760800550000054], [124.74930172200004, 6.776724184000045], [124.74616079400003, 6.774236116000053], [124.73342753600002, 6.767384307000043], [124.76774972000011, 6.760800550000054]]]}}, {"type": "Feature", "properties": {"province": "Maguindanao del Sur", "municipality": "Paglat", "barangay": "Tual"}, "geometry": {"type": "Polygon", "coordinates": [[[124.79115055000011, 6.798566307000043], [124.78267245000008, 6.804461088000039], [124.77262395700006, 6.791887401000054], [124.79115055000011, 6.798566307000043]]]}}, {"type": "Feature", "properties": {"province": "Maguindanao del Sur", "municipality": "Paglat", "barangay": "Upper Idtig"}, "geometry": {"type": "Polygon", "coordinates": [[[124.7944175130001, 6.792585185000064], [124.79115055000011, 6.798566307000043], [124.77262395700006, 6.791887401000054], [124.76909645800004, 6.78635147600005], [124.77361921300007, 6.780083137000076], [124.7944175130001, 6.792585185000064]]]}}, {"type": "Feature", "properties": {"province": "Tawi-Tawi", "municipality": "Bongao", "barangay": "Bongao\u00a0Poblacion"}, "geometry": {"type": "Polygon", "coordinates": [[[119.77351416400006, 5.030038942000033], [119.76737948200004, 5.031130457000075], [119.77140833800001, 5.025653637000062], [119.77351416400006, 5.030038942000033]]]}}, {"type": "Feature", "properties": {"province": "Tawi-Tawi", "municipality": "Bongao", "barangay": "Kamagong"}, "geometry": {"type": "Polygon", "coordinates": [[[119.85584871000002, 5.125433249000023], [119.85839404400008, 5.118165736000036], [119.87151986300013, 5.115917977000038], [119.90374898900008, 5.123327078000044], [119.9045260160001, 5.140052286000071], [119.87677225900006, 5.129649448000067], [119.86605868800007, 5.139587570000058], [119.85584871000002, 5.125433249000023]]]}}, {"type": "Feature", "properties": {"province": "Tawi-Tawi", "municipality": "Bongao", "barangay": "Lagasan"}, "geometry": {"type": "Polygon", "coordinates": [[[119.7994930530001, 5.029948179000032], [119.79020230700007, 5.03643594500005], [119.78778269100007, 5.031970437000041], [119.7994930530001, 5.029948179000032]]]}}, {"type": "Feature", "properties": {"province": "Tawi-Tawi", "municipality": "Bongao", "barangay": "Lamion"}, "geometry": {"type": "Polygon", "coordinates": [[[119.77986652400011, 5.025623275000044], [119.77459970200005, 5.029196418000024], [119.77478463500007, 5.025535455000066], [119.77986652400011, 5.025623275000044]]]}}, {"type": "Feature", "properties": {"province": "Tawi-Tawi", "municipality": "Bongao", "barangay": "Lato-Lato"}, "geometry": {"type": "Polygon", "coordinates": [[[119.79158129300005, 5.066066424000041], [119.7742191750001, 5.069257653000022], [119.77418235200003, 5.068642683000065], [119.77803891300006, 5.054187737000063], [119.7896099840001, 5.049652847000061], [119.79167609000002, 5.065849589000039], [119.79158129300005, 5.066066424000041]]]}}, {"type": "Feature", "properties": {"province": "Tawi-Tawi", "municipality": "Bongao", "barangay": "Luuk Tulay"}, "geometry": {"type": "Polygon", "coordinates": [[[119.83833808700003, 5.126192786000047], [119.82611245300006, 5.14558874000005], [119.81096164300006, 5.124197681000055], [119.8213827070001, 5.119041794000053], [119.83454068000003, 5.11862727500005], [119.83833808700003, 5.126192786000047]]]}}, {"type": "Feature", "properties": {"province": "Tawi-Tawi", "municipality": "Bongao", "barangay": "Mandulan"}, "geometry": {"type": "MultiPolygon", "coordinates": [[[[119.81814636800004, 5.097203323000031], [119.81775786400011, 5.097112068000058], [119.81791346600006, 5.096535988000027], [119.81792085100004, 5.096594841000069], [119.81814636800004, 5.097203323000031]]], [[[119.80900945200005, 5.104685391000032], [119.80574823500002, 5.096152689000064], [119.81521540100005, 5.094179755000027], [119.81640283800006, 5.101744070000051], [119.80900945200005, 5.104685391000032]]], [[[119.81258267200008, 5.09255538700006], [119.80419242000005, 5.096912748000023], [119.80855723000003, 5.105453415000056], [119.80661176900001, 5.116848929000072], [119.79802791900012, 5.118926039000029], [119.79291876600007, 5.111786621000022], [119.77181562900012, 5.102140440000027], [119.76477750900006, 5.093106240000054], [119.77219225000009, 5.091074184000036], [119.78206166000007, 5.081753327000057], [119.7936177900001, 5.08704481500007], [119.81258267200008, 5.09255538700006]]]]}}, {"type": "Feature", "properties": {"province": "Tawi-Tawi", "municipality": "Bongao", "barangay": "Montay-Montay"}, "geometry": {"type": "MultiPolygon", "coordinates": [[[[119.81792085100004, 5.096594841000069], [119.81791346600006, 5.096535988000027], [119.8190205420001, 5.096512035000045], [119.81792085100004, 5.096594841000069]]], [[[119.85271459500007, 5.090209870000023], [119.8436055750001, 5.098041111000044], [119.83569241900011, 5.097879958000021], [119.8192519060001, 5.096494613000061], [119.81626301600011, 5.081245457000023], [119.81923992900009, 5.075283677000074], [119.84227128600003, 5.084795709000048], [119.85271459500007, 5.090209870000023]]]]}}, {"type": "Feature", "properties": {"province": "Tawi-Tawi", "municipality": "Bongao", "barangay": "Pababag"}, "geometry": {"type": "Polygon", "coordinates": [[[119.7994930530001, 5.029948179000032], [119.79189703300005, 5.039075306000028], [119.79020230700007, 5.03643594500005], [119.7994930530001, 5.029948179000032]]]}}, {"type": "Feature", "properties": {"province": "Tawi-Tawi", "municipality": "Bongao", "barangay": "Pagasinan"}, "geometry": {"type": "Polygon", "coordinates": [[[119.75207550400013, 5.041846180000049], [119.74757518700007, 5.043754897000041], [119.74369717800005, 5.035803136000027], [119.74941617100002, 5.034261038000066], [119.75207550400013, 5.041846180000049]]]}}, {"type": "Feature", "properties": {"province": "Tawi-Tawi", "municipality": "Bongao", "barangay": "Pahut"}, "geometry": {"type": "Polygon", "coordinates": [[[119.75119602600012, 5.032877014000063], [119.74110614200004, 5.034094252000045], [119.73778451500004, 5.028411256000027], [119.73716012600003, 5.013890259000048], [119.75236761700013, 5.019935789000042], [119.75119602600012, 5.032877014000063]]]}}, {"type": "Feature", "properties": {"province": "Tawi-Tawi", "municipality": "Bongao", "barangay": "Paniongan"}, "geometry": {"type": "Polygon", "coordinates": [[[119.7896099840001, 5.049652847000061], [119.77803891300006, 5.054187737000063], [119.77719337300006, 5.04687052200006], [119.78542253700003, 5.041805842000029], [119.7896099840001, 5.049652847000061]]]}}, {"type": "Feature", "properties": {"province": "Tawi-Tawi", "municipality": "Bongao", "barangay": "Sanga-Sanga"}, "geometry": {"type": "Polygon", "coordinates": [[[119.7482795420001, 5.049328225000067], [119.7427093880001, 5.052169202000073], [119.73964285500006, 5.039298295000038], [119.74369717800005, 5.035803136000027], [119.74757518700007, 5.043754897000041], [119.7482795420001, 5.049328225000067]]]}}, {"type": "Feature", "properties": {"province": "Tawi-Tawi", "municipality": "Bongao", "barangay": "Simandagit"}, "geometry": {"type": "Polygon", "coordinates": [[[119.77641798900002, 5.021215335000022], [119.77426528200012, 5.021832629000073], [119.76441241600004, 5.018324173000053], [119.76523044200007, 5.011133046000054], [119.7724709470001, 5.012804708000032], [119.77641798900002, 5.021215335000022]]]}}, {"type": "Feature", "properties": {"province": "Tawi-Tawi", "municipality": "Bongao", "barangay": "Tarawakan"}, "geometry": {"type": "Polygon", "coordinates": [[[119.9045260160001, 5.140052286000071], [119.91946163600005, 5.145124921000046], [119.89749665600006, 5.167004984000072], [119.88777682200009, 5.157400996000034], [119.87709523300009, 5.156941630000063], [119.86619215900011, 5.153126190000023], [119.86605868800007, 5.139587570000058], [119.87677225900006, 5.129649448000067], [119.9045260160001, 5.140052286000071]]]}}, {"type": "Feature", "properties": {"province": "Tawi-Tawi", "municipality": "Bongao", "barangay": "Tubig Basag"}, "geometry": {"type": "Polygon", "coordinates": [[[119.76159763400005, 5.065622308000058], [119.75087202800012, 5.069294106000028], [119.7427093880001, 5.052169202000073], [119.7482795420001, 5.049328225000067], [119.76159763400005, 5.065622308000058]]]}}, {"type": "Feature", "properties": {"province": "Tawi-Tawi", "municipality": "Bongao", "barangay": "Tubig-Boh"}, "geometry": {"type": "Polygon", "coordinates": [[[119.77053498200009, 5.024047715000052], [119.76545188800003, 5.025812733000065], [119.76376552300009, 5.022922157000039], [119.76441241600004, 5.018324173000053], [119.77426528200012, 5.021832629000073], [119.77387919500006, 5.023837207000041], [119.77053498200009, 5.024047715000052]]]}}, {"type": "Feature", "properties": {"province": "Tawi-Tawi", "municipality": "Bongao", "barangay": "Ungus-Ungus"}, "geometry": {"type": "Polygon", "coordinates": [[[119.84377695, 5.05923540200007], [119.8222635420001, 5.062407866000057], [119.82029042900001, 5.056220872000038], [119.83886625700006, 5.047331857000074], [119.86180691400011, 5.047170245000075], [119.85953228900007, 5.057850759000075], [119.84991216400009, 5.061325023000051], [119.84377695, 5.05923540200007]]]}}, {"type": "Feature", "properties": {"province": "Tawi-Tawi", "municipality": "Bongao", "barangay": "Ipil"}, "geometry": {"type": "Polygon", "coordinates": [[[119.84991216400009, 5.061325023000051], [119.86204477800005, 5.063619106000033], [119.86390025000001, 5.075495705000038], [119.85271459500007, 5.090209870000023], [119.84227128600003, 5.084795709000048], [119.84377695, 5.05923540200007], [119.84991216400009, 5.061325023000051]]]}}, {"type": "Feature", "properties": {"province": "Tawi-Tawi", "municipality": "Bongao", "barangay": "Karungdong"}, "geometry": {"type": "Polygon", "coordinates": [[[119.77803891300006, 5.054187737000063], [119.77418235200003, 5.068642683000065], [119.76430805700011, 5.056191003000038], [119.76442481900006, 5.042820699000059], [119.76489611500006, 5.040720967000029], [119.77719337300006, 5.04687052200006], [119.77803891300006, 5.054187737000063]]]}}, {"type": "Feature", "properties": {"province": "Tawi-Tawi", "municipality": "Bongao", "barangay": "Lakit Lakit"}, "geometry": {"type": "Polygon", "coordinates": [[[119.78206166000007, 5.081753327000057], [119.77219225000009, 5.091074184000036], [119.76477750900006, 5.093106240000054], [119.75087202800012, 5.069294106000028], [119.76159763400005, 5.065622308000058], [119.77112839200004, 5.073739659000069], [119.78206166000007, 5.081753327000057]]]}}, {"type": "Feature", "properties": {"province": "Tawi-Tawi", "municipality": "Bongao", "barangay": "Lapid Lapid"}, "geometry": {"type": "Polygon", "coordinates": [[[119.83454068000003, 5.11862727500005], [119.8213827070001, 5.119041794000053], [119.82542680000006, 5.109521859000039], [119.82325279500003, 5.098673251000035], [119.81814636800004, 5.097203323000031], [119.81792085100004, 5.096594841000069], [119.8190205420001, 5.096512035000045], [119.8192519060001, 5.096494613000061], [119.83569241900011, 5.097879958000021], [119.83454068000003, 5.11862727500005]]]}}, {"type": "Feature", "properties": {"province": "Tawi-Tawi", "municipality": "Bongao", "barangay": "Luuk Pandan"}, "geometry": {"type": "Polygon", "coordinates": [[[119.77112839200004, 5.073739659000069], [119.76159763400005, 5.065622308000058], [119.7482795420001, 5.049328225000067], [119.74757518700007, 5.043754897000041], [119.75207550400013, 5.041846180000049], [119.76442481900006, 5.042820699000059], [119.76430805700011, 5.056191003000038], [119.77418235200003, 5.068642683000065], [119.7742191750001, 5.069257653000022], [119.77112839200004, 5.073739659000069]]]}}, {"type": "Feature", "properties": {"province": "Tawi-Tawi", "municipality": "Bongao", "barangay": "Malassa"}, "geometry": {"type": "Polygon", "coordinates": [[[119.79191640200007, 5.065766472000064], [119.80202960800011, 5.051697412000067], [119.81777611200003, 5.060974021000049], [119.82035383700008, 5.067271689000051], [119.81449642000008, 5.072309859000029], [119.81058464400009, 5.069148579000057], [119.79158129300005, 5.066066424000041], [119.79191640200007, 5.065766472000064]]]}}, {"type": "Feature", "properties": {"province": "Tawi-Tawi", "municipality": "Bongao", "barangay": "Nalil"}, "geometry": {"type": "Polygon", "coordinates": [[[119.765534343, 5.030742109000073], [119.7583982310001, 5.035497039000062], [119.75119602600012, 5.032877014000063], [119.75236761700013, 5.019935789000042], [119.76376552300009, 5.022922157000039], [119.76545188800003, 5.025812733000065], [119.765534343, 5.030742109000073]]]}}, {"type": "Feature", "properties": {"province": "Tawi-Tawi", "municipality": "Bongao", "barangay": "Pag asa"}, "geometry": {"type": "Polygon", "coordinates": [[[119.76737948200004, 5.031130457000075], [119.765534343, 5.030742109000073], [119.76545188800003, 5.025812733000065], [119.77053498200009, 5.024047715000052], [119.77140833800001, 5.025653637000062], [119.76737948200004, 5.031130457000075]]]}}, {"type": "Feature", "properties": {"province": "Tawi-Tawi", "municipality": "Bongao", "barangay": "Pakias"}, "geometry": {"type": "Polygon", "coordinates": [[[119.76489611500006, 5.040720967000029], [119.76442481900006, 5.042820699000059], [119.75207550400013, 5.041846180000049], [119.74941617100002, 5.034261038000066], [119.76489611500006, 5.040720967000029]]]}}, {"type": "Feature", "properties": {"province": "Tawi-Tawi", "municipality": "Bongao", "barangay": "Sumangat"}, "geometry": {"type": "Polygon", "coordinates": [[[119.84499521300008, 5.151956187000053], [119.83392211500006, 5.151337885000032], [119.82611245300006, 5.14558874000005], [119.83833808700003, 5.126192786000047], [119.8503401490001, 5.125678579000067], [119.84401006100006, 5.145632018000071], [119.84499521300008, 5.151956187000053]]]}}, {"type": "Feature", "properties": {"province": "Tawi-Tawi", "municipality": "Bongao", "barangay": "Tongsinah"}, "geometry": {"type": "Polygon", "coordinates": [[[119.79189703300005, 5.039075306000028], [119.78774170800013, 5.039828276000035], [119.779515693, 5.034486989000072], [119.78778269100007, 5.031970437000041], [119.79020230700007, 5.03643594500005], [119.79189703300005, 5.039075306000028]]]}}, {"type": "Feature", "properties": {"province": "Tawi-Tawi", "municipality": "Bongao", "barangay": "Tubig Mampallam"}, "geometry": {"type": "Polygon", "coordinates": [[[119.77351416400006, 5.030038942000033], [119.77140833800001, 5.025653637000062], [119.77053498200009, 5.024047715000052], [119.77387919500006, 5.023837207000041], [119.77478463500007, 5.025535455000066], [119.77459970200005, 5.029196418000024], [119.77351416400006, 5.030038942000033]]]}}, {"type": "Feature", "properties": {"province": "Tawi-Tawi", "municipality": "Linguyan", "barangay": "Adnin"}, "geometry": {"type": "MultiPolygon", "coordinates": [[[[120.32342953000011, 5.367336651000073], [120.3342187180001, 5.373755472000027], [120.32201641000006, 5.386575592000043], [120.3125556240001, 5.382455973000048], [120.32342953000011, 5.367336651000073]]], [[[120.39172597800008, 5.404842822000036], [120.3770278510001, 5.402630089000069], [120.36668832100008, 5.391206736000072], [120.38391113200011, 5.390319824000072], [120.39331054700007, 5.392272950000063], [120.40350341800003, 5.398498535000045], [120.40190574300003, 5.402972678000027], [120.39172597800008, 5.404842822000036]]]]}}, {"type": "Feature", "properties": {"province": "Tawi-Tawi", "municipality": "Linguyan", "barangay": "Bakong"}, "geometry": {"type": "Polygon", "coordinates": [[[120.00537481500011, 5.230116982000027], [119.99226346200011, 5.231821323000077], [119.97888421100004, 5.236282030000039], [119.95837124000002, 5.222730766000041], [119.95139969600007, 5.203321947000064], [119.94062036300012, 5.187903506000055], [119.95778953900003, 5.169054742000071], [119.963655721, 5.160432346000048], [120.01631817700002, 5.189442038000039], [120.00537481500011, 5.230116982000027]]]}}, {"type": "Feature", "properties": {"province": "Tawi-Tawi", "municipality": "Linguyan", "barangay": "Baslikud"}, "geometry": {"type": "Polygon", "coordinates": [[[120.24281485800007, 5.34728482500003], [120.23716035400003, 5.354733482000029], [120.22769472900008, 5.358564978000062], [120.2241190090001, 5.348905935000061], [120.22570553900005, 5.337540126000023], [120.23298004300011, 5.333110827000041], [120.24281485800007, 5.34728482500003]]]}}, {"type": "Feature", "properties": {"province": "Tawi-Tawi", "municipality": "Linguyan", "barangay": "Darussalam"}, "geometry": {"type": "Polygon", "coordinates": [[[120.10777393600006, 5.23863424900003], [120.10424722700009, 5.243368492000059], [120.11748135800008, 5.258488901000022], [120.08868183700008, 5.277472823000038], [120.08437615300011, 5.275530138000022], [120.07910357000003, 5.260751696000056], [120.07489212500002, 5.262178363000032], [120.06997232100002, 5.269564414000058], [120.05660401500008, 5.257429749000039], [120.05647327100006, 5.253031762000036], [120.06485756400004, 5.243109476000029], [120.06599194900002, 5.237473474000069], [120.078828455, 5.223733921000075], [120.08998467100001, 5.229668242000059], [120.09740164900006, 5.223994717000038], [120.10866760800003, 5.232233892000067], [120.10777393600006, 5.23863424900003]]]}}, {"type": "Feature", "properties": {"province": "Tawi-Tawi", "municipality": "Linguyan", "barangay": "Kalupag"}, "geometry": {"type": "Polygon", "coordinates": [[[120.22065473100008, 5.332656162000036], [120.2147963540001, 5.345236310000074], [120.20938479800009, 5.348966045000054], [120.19896708100009, 5.343252016000066], [120.20902915200008, 5.327464620000058], [120.22065473100008, 5.332656162000036]]]}}, {"type": "Feature", "properties": {"province": "Tawi-Tawi", "municipality": "Linguyan", "barangay": "Languyan Proper"}, "geometry": {"type": "Polygon", "coordinates": [[[120.08712612000011, 5.282344209000031], [120.07808995200003, 5.28064626400004], [120.07489212500002, 5.262178363000032], [120.07910357000003, 5.260751696000056], [120.08437615300011, 5.275530138000022], [120.08868183700008, 5.277472823000038], [120.08712612000011, 5.282344209000031]]]}}, {"type": "Feature", "properties": {"province": "Tawi-Tawi", "municipality": "Linguyan", "barangay": "Maraning"}, "geometry": {"type": "Polygon", "coordinates": [[[120.03369892200011, 5.242048927000042], [120.01615533200004, 5.23114223500005], [120.00537481500011, 5.230116982000027], [120.01631817700002, 5.189442038000039], [120.04439103000003, 5.205037953000044], [120.03369892200011, 5.242048927000042]]]}}, {"type": "Feature", "properties": {"province": "Tawi-Tawi", "municipality": "Linguyan", "barangay": "Tubig Dakula"}, "geometry": {"type": "Polygon", "coordinates": [[[120.16483955700006, 5.332634884000072], [120.16324233800005, 5.335023974000023], [120.14329304400007, 5.319325485000036], [120.13527834900005, 5.316156037000042], [120.1487679280001, 5.302706535000026], [120.166882428, 5.27403840200003], [120.19477122, 5.290595062000022], [120.18039582000006, 5.313949066000021], [120.17167770900006, 5.325369371000023], [120.16483955700006, 5.332634884000072]]]}}, {"type": "Feature", "properties": {"province": "Tawi-Tawi", "municipality": "Linguyan", "barangay": "Tumahubong"}, "geometry": {"type": "Polygon", "coordinates": [[[119.94062036300012, 5.187903506000055], [119.92955736200007, 5.187647655000035], [119.92300600300008, 5.182961345000024], [119.93097542100008, 5.167617225000073], [119.93543629100009, 5.165396596000051], [119.94248278800002, 5.148904586000071], [119.963655721, 5.160432346000048], [119.95778953900003, 5.169054742000071], [119.94062036300012, 5.187903506000055]]]}}, {"type": "Feature", "properties": {"province": "Tawi-Tawi", "municipality": "Linguyan", "barangay": "Bakaw-Bakaw"}, "geometry": {"type": "Polygon", "coordinates": [[[120.05660401500008, 5.257429749000039], [120.04362316000002, 5.24824673300003], [120.06422587700001, 5.215732254000045], [120.078828455, 5.223733921000075], [120.06599194900002, 5.237473474000069], [120.06485756400004, 5.243109476000029], [120.05647327100006, 5.253031762000036], [120.05660401500008, 5.257429749000039]]]}}, {"type": "Feature", "properties": {"province": "Tawi-Tawi", "municipality": "Linguyan", "barangay": "Bas-Bas Proper"}, "geometry": {"type": "Polygon", "coordinates": [[[120.24281485800007, 5.34728482500003], [120.23298004300011, 5.333110827000041], [120.24418658300011, 5.323975491000055], [120.24665667600004, 5.332830314000034], [120.24281485800007, 5.34728482500003]]]}}, {"type": "Feature", "properties": {"province": "Tawi-Tawi", "municipality": "Linguyan", "barangay": "Basnunuk"}, "geometry": {"type": "Polygon", "coordinates": [[[120.166882428, 5.27403840200003], [120.1487679280001, 5.302706535000026], [120.13527834900005, 5.316156037000042], [120.11249936600005, 5.301111312000045], [120.10688154800005, 5.29557036400007], [120.11745677200008, 5.288519170000029], [120.13739327400003, 5.256421469000031], [120.166882428, 5.27403840200003]]]}}, {"type": "Feature", "properties": {"province": "Tawi-Tawi", "municipality": "Linguyan", "barangay": "Jakarta"}, "geometry": {"type": "Polygon", "coordinates": [[[120.19896708100009, 5.343252016000066], [120.18984601600005, 5.341561154000032], [120.17592999400007, 5.344557723000036], [120.16483955700006, 5.332634884000072], [120.17167770900006, 5.325369371000023], [120.18362286100012, 5.326795730000072], [120.1871817760001, 5.336146548000044], [120.20581642000003, 5.326708663000034], [120.20902915200008, 5.327464620000058], [120.19896708100009, 5.343252016000066]]]}}, {"type": "Feature", "properties": {"province": "Tawi-Tawi", "municipality": "Linguyan", "barangay": "Marang-Marang"}, "geometry": {"type": "Polygon", "coordinates": [[[119.94248278800002, 5.148904586000071], [119.93543629100009, 5.165396596000051], [119.93097542100008, 5.167617225000073], [119.92300600300008, 5.182961345000024], [119.91264694200005, 5.176246166000054], [119.90487226800008, 5.175171096000041], [119.89749665600006, 5.167004984000072], [119.9252513770001, 5.139396100000056], [119.94248278800002, 5.148904586000071]]]}}, {"type": "Feature", "properties": {"province": "Tawi-Tawi", "municipality": "Linguyan", "barangay": "Tuhog-Tuhog"}, "geometry": {"type": "Polygon", "coordinates": [[[120.06422587700001, 5.215732254000045], [120.04362316000002, 5.24824673300003], [120.03369892200011, 5.242048927000042], [120.04439103000003, 5.205037953000044], [120.06422587700001, 5.215732254000045]]]}}, {"type": "Feature", "properties": {"province": "Tawi-Tawi", "municipality": "Linguyan", "barangay": "Tumbagaan"}, "geometry": {"type": "MultiPolygon", "coordinates": [[[[120.3125556240001, 5.382455973000048], [120.29874795, 5.38239151700003], [120.2940764670001, 5.369758679000029], [120.30514597900003, 5.362466016000042], [120.32342953000011, 5.367336651000073], [120.3125556240001, 5.382455973000048]]], [[[120.1905455640001, 5.461566980000041], [120.18103336900003, 5.453283448000035], [120.18478072900008, 5.44434821900006], [120.19318423800007, 5.443199331000073], [120.19408310600012, 5.454724601000065], [120.1905455640001, 5.461566980000041]]], [[[120.23295085100007, 5.466359984000063], [120.230032, 5.456375353000055], [120.23980433700001, 5.45466276700006], [120.24582062300009, 5.45861493500007], [120.23295085100007, 5.466359984000063]]]]}}, {"type": "Feature", "properties": {"province": "Tawi-Tawi", "municipality": "Panglima Sugala", "barangay": "Balimbing Proper"}, "geometry": {"type": "MultiPolygon", "coordinates": [[[[119.99178753000001, 5.101738417000035], [119.98758827200004, 5.099603950000074], [119.9839061460001, 5.086672040000052], [119.99407885100004, 5.088149408000048], [119.99645054000007, 5.096963468000069], [119.99178753000001, 5.101738417000035]]], [[[119.97591346200011, 5.113807446000066], [119.94949211500013, 5.114737886000057], [119.94332179600009, 5.089730949000058], [119.95473912700004, 5.079114229000026], [119.96110686900009, 5.07724598200002], [119.97336788700011, 5.087628549000043], [119.98110219100012, 5.098880604000043], [119.98217289700005, 5.109102421000047], [119.97591346200011, 5.113807446000066]]]]}}, {"type": "Feature", "properties": {"province": "Tawi-Tawi", "municipality": "Panglima Sugala", "barangay": "Bauno Garing"}, "geometry": {"type": "Polygon", "coordinates": [[[119.86333937500001, 5.071908758000062], [119.86204477800005, 5.063619106000033], [119.87977015600005, 5.060200635000057], [119.87943601100004, 5.072094477000064], [119.87157514900002, 5.070250767000061], [119.86333937500001, 5.071908758000062]]]}}, {"type": "Feature", "properties": {"province": "Tawi-Tawi", "municipality": "Panglima Sugala", "barangay": "Buan"}, "geometry": {"type": "MultiPolygon", "coordinates": [[[[120.06363041800012, 5.161308666000026], [120.05172415800007, 5.158187921000036], [120.04477407100002, 5.160971688000073], [120.04062742400005, 5.155555721000042], [120.04224957200006, 5.150284910000038], [120.05208975200003, 5.15182958100007], [120.05582485700006, 5.149021218000029], [120.06363041800012, 5.161308666000026]]], [[[120.04537873400012, 5.205563948000075], [119.9622985730001, 5.159690354000076], [119.94949211500013, 5.114737886000057], [119.97591346200011, 5.113807446000066], [119.98459332700008, 5.115284578000057], [119.99162256800004, 5.12260751200006], [119.99007735600004, 5.134939595000048], [119.99843449200011, 5.130014600000038], [120.00412739500008, 5.144010725000044], [120.00244484700012, 5.151316511000062], [119.99645677000002, 5.155880312000021], [120.01957737100007, 5.160350837000066], [120.0224710970001, 5.167617837000022], [120.03110542500008, 5.171742894000034], [120.03476198100009, 5.179053212000042], [120.04880872400008, 5.181358395000075], [120.05596634400001, 5.176619298000048], [120.0589274140001, 5.163437068000065], [120.06534873700002, 5.161835831000076], [120.05913080500011, 5.183989893000046], [120.04537873400012, 5.205563948000075]]]]}}, {"type": "Feature", "properties": {"province": "Tawi-Tawi", "municipality": "Panglima Sugala", "barangay": "Karaha"}, "geometry": {"type": "Polygon", "coordinates": [[[120.09609018400009, 5.151072568000074], [120.09454282200011, 5.166287246000024], [120.09624804900012, 5.18934953200005], [120.06922989400005, 5.218504912000071], [120.04537873400012, 5.205563948000075], [120.05913080500011, 5.183989893000046], [120.06534873700002, 5.161835831000076], [120.07585477400005, 5.170381451000027], [120.07690373700007, 5.156716948000054], [120.08389405900004, 5.159786996000036], [120.08759964400006, 5.152033274000074], [120.09609018400009, 5.151072568000074]]]}}, {"type": "Feature", "properties": {"province": "Tawi-Tawi", "municipality": "Panglima Sugala", "barangay": "Liyaburan"}, "geometry": {"type": "Polygon", "coordinates": [[[120.00041718800003, 4.968713356000023], [119.99122058000013, 4.976127690000055], [119.98930730900007, 4.960299981000047], [119.99216772000011, 4.957835145000047], [120.00041718800003, 4.968713356000023]]]}}, {"type": "Feature", "properties": {"province": "Tawi-Tawi", "municipality": "Panglima Sugala", "barangay": "Magsaggaw"}, "geometry": {"type": "Polygon", "coordinates": [[[119.94949211500013, 5.114737886000057], [119.9622985730001, 5.159690354000076], [119.9252513770001, 5.139396100000056], [119.91946163600005, 5.145124921000046], [119.9045260160001, 5.140052286000071], [119.90374898900008, 5.123327078000044], [119.87151986300013, 5.115917977000038], [119.87185941300004, 5.111536287000034], [119.88622409600009, 5.112169294000068], [119.91380994400005, 5.113228945000061], [119.94949211500013, 5.114737886000057]]]}}, {"type": "Feature", "properties": {"province": "Tawi-Tawi", "municipality": "Panglima Sugala", "barangay": "Parangan"}, "geometry": {"type": "MultiPolygon", "coordinates": [[[[119.94088540300005, 5.086265295000033], [119.93214219700009, 5.077357583000036], [119.93746684700011, 5.074600709000037], [119.94461157900004, 5.08236865200007], [119.94088540300005, 5.086265295000033]]], [[[119.94949211500013, 5.114737886000057], [119.91380994400005, 5.113228945000061], [119.91933780400008, 5.086806187000036], [119.93748489900008, 5.087045632000068], [119.94332179600009, 5.089730949000058], [119.94949211500013, 5.114737886000057]]]]}}, {"type": "Feature", "properties": {"province": "Tawi-Tawi", "municipality": "Panglima Sugala", "barangay": "Tabunan"}, "geometry": {"type": "Polygon", "coordinates": [[[120.0127770570001, 4.968463292000024], [120.00041718800003, 4.968713356000023], [119.99216772000011, 4.957835145000047], [120.00149109300004, 4.952358883000045], [120.01064072600003, 4.96218570800005], [120.0127770570001, 4.968463292000024]]]}}, {"type": "Feature", "properties": {"province": "Tawi-Tawi", "municipality": "Panglima Sugala", "barangay": "Batu-Batu"}, "geometry": {"type": "Polygon", "coordinates": [[[119.88709209400007, 5.069186484000056], [119.89539241400007, 5.074683536000067], [119.88622409600009, 5.112169294000068], [119.87185941300004, 5.111536287000034], [119.87292890100002, 5.097667098000045], [119.87684514700004, 5.079418098000077], [119.88064135600005, 5.07289490200003], [119.88709209400007, 5.069186484000056]]]}}, {"type": "Feature", "properties": {"province": "Tawi-Tawi", "municipality": "Panglima Sugala", "barangay": "Belatan Halu"}, "geometry": {"type": "Polygon", "coordinates": [[[120.02231783700006, 4.992009620000032], [120.02589836300001, 5.006835968000075], [120.01666743100009, 5.014363087000048], [120.01329114300006, 5.009232725000062], [120.00666939300005, 5.012332738000054], [119.99328031300003, 5.00579404900003], [119.99823982500003, 4.994524214000023], [120.02231783700006, 4.992009620000032]]]}}, {"type": "Feature", "properties": {"province": "Tawi-Tawi", "municipality": "Panglima Sugala", "barangay": "Dungon"}, "geometry": {"type": "Polygon", "coordinates": [[[120.09609018400009, 5.151072568000074], [120.10124801900008, 5.158543403000066], [120.09969712300004, 5.166188108000027], [120.10834327100008, 5.167434839000065], [120.11505994000005, 5.185721661000058], [120.12134872700007, 5.185381552000024], [120.12281643600011, 5.204367568000065], [120.12970749800003, 5.196132133000049], [120.13585039100008, 5.196012894000035], [120.17240520100006, 5.223795555000038], [120.16624360000003, 5.242138014000033], [120.15007684100011, 5.26399692700005], [120.10777393600006, 5.23863424900003], [120.10866760800003, 5.232233892000067], [120.10279483600003, 5.225175158000068], [120.09740164900006, 5.223994717000038], [120.08998467100001, 5.229668242000059], [120.06922989400005, 5.218504912000071], [120.09624804900012, 5.18934953200005], [120.09454282200011, 5.166287246000024], [120.09609018400009, 5.151072568000074]]]}}, {"type": "Feature", "properties": {"province": "Tawi-Tawi", "municipality": "Panglima Sugala", "barangay": "Kulape"}, "geometry": {"type": "Polygon", "coordinates": [[[119.91933780400008, 5.086806187000036], [119.91380994400005, 5.113228945000061], [119.88622409600009, 5.112169294000068], [119.89539241400007, 5.074683536000067], [119.88709209400007, 5.069186484000056], [119.89386484900002, 5.066732778000071], [119.9032784970001, 5.069454409000058], [119.90676713000005, 5.075205663000077], [119.91997442100002, 5.073866574000022], [119.91933780400008, 5.086806187000036]]]}}, {"type": "Feature", "properties": {"province": "Tawi-Tawi", "municipality": "Panglima Sugala", "barangay": "Luuk Buntal"}, "geometry": {"type": "Polygon", "coordinates": [[[119.99823982500003, 4.994524214000023], [120.00031321900008, 4.990324224000061], [119.99274172800006, 4.984174947000042], [119.99122058000013, 4.976127690000055], [120.00041718800003, 4.968713356000023], [120.0127770570001, 4.968463292000024], [120.01343555900007, 4.984114091000038], [120.02231783700006, 4.992009620000032], [119.99823982500003, 4.994524214000023]]]}}, {"type": "Feature", "properties": {"province": "Tawi-Tawi", "municipality": "Panglima Sugala", "barangay": "Malacca"}, "geometry": {"type": "Polygon", "coordinates": [[[119.88064135600005, 5.07289490200003], [119.87684514700004, 5.079418098000077], [119.87292890100002, 5.097667098000045], [119.85328028400012, 5.089949962000048], [119.85806968600002, 5.086389185000031], [119.86390025000001, 5.075495705000038], [119.86333937500001, 5.071908758000062], [119.87157514900002, 5.070250767000061], [119.87943601100004, 5.072094477000064], [119.88064135600005, 5.07289490200003]]]}}, {"type": "Feature", "properties": {"province": "Tawi-Tawi", "municipality": "Panglima Sugala", "barangay": "Sumangday"}, "geometry": {"type": "Polygon", "coordinates": [[[119.87151986300013, 5.115917977000038], [119.85839404400008, 5.118165736000036], [119.85584871000002, 5.125433249000023], [119.83833808700003, 5.126192786000047], [119.83454068000003, 5.11862727500005], [119.83612305500003, 5.111267389000033], [119.83569241900011, 5.097879958000021], [119.8436055750001, 5.098041111000044], [119.85328028400012, 5.089949962000048], [119.87292890100002, 5.097667098000045], [119.87185941300004, 5.111536287000034], [119.87151986300013, 5.115917977000038]]]}}, {"type": "Feature", "properties": {"province": "Tawi-Tawi", "municipality": "South Ubian", "barangay": "Babagan"}, "geometry": {"type": "MultiPolygon", "coordinates": [[[[120.58722903800003, 5.201287168000023], [120.58600778500009, 5.201638698000067], [120.58615987200007, 5.200984156000059], [120.58758378700009, 5.200476770000024], [120.58722903800003, 5.201287168000023]]], [[[120.58597319600007, 5.201624460000062], [120.58551263400011, 5.201693451000041], [120.5848306040001, 5.201328087000037], [120.58498256000007, 5.201124509000068], [120.58612060500003, 5.20099306800006], [120.58597319600007, 5.201624460000062]]], [[[120.58549795200008, 5.201723308000055], [120.58526228300003, 5.202139971000065], [120.58486600600008, 5.201662070000055], [120.58549795200008, 5.201723308000055]]]]}}, {"type": "Feature", "properties": {"province": "Tawi-Tawi", "municipality": "South Ubian", "barangay": "Bintawlan"}, "geometry": {"type": "Polygon", "coordinates": [[[120.64914140200007, 5.230277656000056], [120.63932963300009, 5.235006615000031], [120.63126643100009, 5.226296306000052], [120.64914140200007, 5.230277656000056]]]}}, {"type": "Feature", "properties": {"province": "Tawi-Tawi", "municipality": "South Ubian", "barangay": "Bubuan"}, "geometry": {"type": "MultiPolygon", "coordinates": [[[[120.37268087300002, 5.27237978900007], [120.36846431200003, 5.268040197000061], [120.375853505, 5.258952814000053], [120.38300890900007, 5.267126234000044], [120.37268087300002, 5.27237978900007]]], [[[120.58618905700007, 5.434978955000076], [120.58532515900005, 5.42481525200003], [120.59691218600007, 5.419344084000044], [120.58550658000001, 5.412193625000042], [120.57980623000003, 5.417475031000037], [120.57246253900007, 5.415361946000074], [120.57856158600009, 5.405126259000043], [120.59224985700007, 5.398781526000048], [120.60786768000004, 5.405163734000041], [120.60814149200009, 5.411716717000045], [120.59965962900003, 5.419093644000041], [120.59155964700005, 5.432714092000026], [120.58618905700007, 5.434978955000076]]], [[[120.58718268800008, 5.467912555000054], [120.57790305100002, 5.460085599000023], [120.58001541500006, 5.445976416000065], [120.59122375700008, 5.445939312000065], [120.58987877400013, 5.46572341800004], [120.58718268800008, 5.467912555000054]]]]}}, {"type": "Feature", "properties": {"province": "Tawi-Tawi", "municipality": "South Ubian", "barangay": "Bunay Bunay Lookan"}, "geometry": {"type": "Polygon", "coordinates": [[[120.4987302940001, 5.187498182000069], [120.49735374000012, 5.187350010000046], [120.49701647700009, 5.184556831000065], [120.4987302940001, 5.187498182000069]]]}}, {"type": "Feature", "properties": {"province": "Tawi-Tawi", "municipality": "South Ubian", "barangay": "East Talisay"}, "geometry": {"type": "Polygon", "coordinates": [[[120.49459798000008, 5.18830177800004], [120.49384180400011, 5.188749619000019], [120.48894563700003, 5.181975893000071], [120.49005570700001, 5.180375231000029], [120.49459798000008, 5.18830177800004]]]}}, {"type": "Feature", "properties": {"province": "Tawi-Tawi", "municipality": "South Ubian", "barangay": "Laitan"}, "geometry": {"type": "MultiPolygon", "coordinates": [[[[120.58766227800004, 5.202810153000028], [120.58717089000005, 5.203864789000022], [120.58570861200008, 5.203239234000023], [120.58561639400011, 5.202422930000068], [120.58766227800004, 5.202810153000028]]], [[[120.60042593000001, 5.210400690000029], [120.60544409600003, 5.216431872000044], [120.60603757100013, 5.216689623000034], [120.59247200800007, 5.216922195000052], [120.58767461200011, 5.205253392000031], [120.59211964200006, 5.205011782000042], [120.60042593000001, 5.210400690000029]]]]}}, {"type": "Feature", "properties": {"province": "Tawi-Tawi", "municipality": "South Ubian", "barangay": "Laud"}, "geometry": {"type": "Polygon", "coordinates": [[[120.58455341800004, 5.201815017000058], [120.58371074800004, 5.201628202000051], [120.58458757000005, 5.201732675000073], [120.58455341800004, 5.201815017000058]]]}}, {"type": "Feature", "properties": {"province": "Tawi-Tawi", "municipality": "South Ubian", "barangay": "Likud Tabawan"}, "geometry": {"type": "Polygon", "coordinates": [[[120.59244053500004, 5.216922725000074], [120.58688084800008, 5.217074684000067], [120.5701047990001, 5.211686872000029], [120.57777435000003, 5.211674923000031], [120.59244053500004, 5.216922725000074]]]}}, {"type": "Feature", "properties": {"province": "Tawi-Tawi", "municipality": "South Ubian", "barangay": "Nusa"}, "geometry": {"type": "MultiPolygon", "coordinates": [[[[120.58439973400003, 5.199096680000025], [120.58501841400006, 5.199448566000058], [120.58497607700006, 5.199493012000061], [120.58439973400003, 5.199096680000025]]], [[[120.58708530500009, 5.198695604000022], [120.58599897300007, 5.199892298000064], [120.58504178400005, 5.199424031000036], [120.58440123900003, 5.199057111000058], [120.58442899000012, 5.197974309000075], [120.58708530500009, 5.198695604000022]]]]}}, {"type": "Feature", "properties": {"province": "Tawi-Tawi", "municipality": "South Ubian", "barangay": "Pampang"}, "geometry": {"type": "Polygon", "coordinates": [[[120.57777435000003, 5.211674923000031], [120.5701047990001, 5.211686872000029], [120.572729093, 5.206610561000046], [120.583478301, 5.205946078000067], [120.57777435000003, 5.211674923000031]]]}}, {"type": "Feature", "properties": {"province": "Tawi-Tawi", "municipality": "South Ubian", "barangay": "Sollogan"}, "geometry": {"type": "Polygon", "coordinates": [[[120.49157514700005, 5.178152251000028], [120.49087641900007, 5.179175332000056], [120.49005570700001, 5.180375231000029], [120.48894563700003, 5.181975893000071], [120.48811458600007, 5.183177286000046], [120.48717945200008, 5.184536821000051], [120.48617815600007, 5.185999632000063], [120.4845773740001, 5.188350780000064], [120.48089512100012, 5.193722023000021], [120.48160491200008, 5.184849759000031], [120.48808955000005, 5.174418796000054], [120.48771881100004, 5.166755028000067], [120.49928569100007, 5.15871910100003], [120.50146472400002, 5.163680399000042], [120.49157514700005, 5.178152251000028]]]}}, {"type": "Feature", "properties": {"province": "Tawi-Tawi", "municipality": "South Ubian", "barangay": "Tampakan Dampong"}, "geometry": {"type": "Polygon", "coordinates": [[[120.48911771000009, 5.19091144600003], [120.48670896200008, 5.192000192000021], [120.4845773740001, 5.188350780000064], [120.48617815600007, 5.185999632000063], [120.48911771000009, 5.19091144600003]]]}}, {"type": "Feature", "properties": {"province": "Tawi-Tawi", "municipality": "South Ubian", "barangay": "Tinda-Tindahan"}, "geometry": {"type": "MultiPolygon", "coordinates": [[[[120.58504178400005, 5.199424031000036], [120.58599897300007, 5.199892298000064], [120.58587144, 5.20025242600002], [120.58504178400005, 5.199424031000036]]], [[[120.58501841400006, 5.199448566000058], [120.58584695600007, 5.200287874000026], [120.58498256000007, 5.201124509000068], [120.5848306040001, 5.201328087000037], [120.58467306700005, 5.201240123000048], [120.58497607700006, 5.199493012000061], [120.58501841400006, 5.199448566000058]]]]}}, {"type": "Feature", "properties": {"province": "Tawi-Tawi", "municipality": "South Ubian", "barangay": "Tubig Dayang"}, "geometry": {"type": "Polygon", "coordinates": [[[120.49551990000009, 5.188203326000064], [120.49459798000008, 5.18830177800004], [120.49005570700001, 5.180375231000029], [120.49087641900007, 5.179175332000056], [120.49551990000009, 5.188203326000064]]]}}, {"type": "Feature", "properties": {"province": "Tawi-Tawi", "municipality": "South Ubian", "barangay": "Tubig Dayang Riverside"}, "geometry": {"type": "Polygon", "coordinates": [[[120.49735374000012, 5.187350010000046], [120.49650232600003, 5.188491083000032], [120.49157514700005, 5.178152251000028], [120.50146472400002, 5.163680399000042], [120.506026129, 5.173545942000033], [120.49747611300008, 5.182299144000068], [120.49701647700009, 5.184556831000065], [120.49735374000012, 5.187350010000046]]]}}, {"type": "Feature", "properties": {"province": "Tawi-Tawi", "municipality": "South Ubian", "barangay": "Unas Unas"}, "geometry": {"type": "MultiPolygon", "coordinates": [[[[120.5830179940001, 5.199956336000071], [120.5816533210001, 5.199857139000073], [120.58442899000012, 5.197974309000075], [120.58440123900003, 5.199057111000058], [120.5830179940001, 5.199956336000071]]], [[[120.58497607700006, 5.199493012000061], [120.58467306700005, 5.201240123000048], [120.58439973400003, 5.199096680000025], [120.58497607700006, 5.199493012000061]]]]}}, {"type": "Feature", "properties": {"province": "Tawi-Tawi", "municipality": "South Ubian", "barangay": "Bengkol"}, "geometry": {"type": "Polygon", "coordinates": [[[120.5847257580001, 5.202919944000029], [120.5838145250001, 5.205101621000041], [120.58371074800004, 5.201628202000051], [120.58455341800004, 5.201815017000058], [120.5847257580001, 5.202919944000029]]]}}, {"type": "Feature", "properties": {"province": "Tawi-Tawi", "municipality": "South Ubian", "barangay": "Bohe"}, "geometry": {"type": "Polygon", "coordinates": [[[120.58722903800003, 5.201287168000023], [120.58766227800004, 5.202810153000028], [120.58561639400011, 5.202422930000068], [120.58526228300003, 5.202139971000065], [120.58549795200008, 5.201723308000055], [120.58600778500009, 5.201638698000067], [120.58722903800003, 5.201287168000023]]]}}, {"type": "Feature", "properties": {"province": "Tawi-Tawi", "municipality": "South Ubian", "barangay": "Bunay Bunay Center"}, "geometry": {"type": "Polygon", "coordinates": [[[120.49972777900008, 5.18710206000003], [120.4987302940001, 5.187498182000069], [120.49701647700009, 5.184556831000065], [120.49747611300008, 5.182299144000068], [120.49972777900008, 5.18710206000003]]]}}, {"type": "Feature", "properties": {"province": "Tawi-Tawi", "municipality": "South Ubian", "barangay": "Lahad Dampong"}, "geometry": {"type": "Polygon", "coordinates": [[[120.49031210100009, 5.19029634100002], [120.48911771000009, 5.19091144600003], [120.48617815600007, 5.185999632000063], [120.48717945200008, 5.184536821000051], [120.49031210100009, 5.19029634100002]]]}}, {"type": "Feature", "properties": {"province": "Tawi-Tawi", "municipality": "South Ubian", "barangay": "Lambi Lambian"}, "geometry": {"type": "MultiPolygon", "coordinates": [[[[120.5847257580001, 5.202919944000029], [120.58570861200008, 5.203239234000023], [120.58717089000005, 5.203864789000022], [120.5838145250001, 5.205101621000041], [120.5847257580001, 5.202919944000029]]], [[[120.58767461200011, 5.205253392000031], [120.59247200800007, 5.216922195000052], [120.59244053500004, 5.216922725000074], [120.57777435000003, 5.211674923000031], [120.583478301, 5.205946078000067], [120.58767461200011, 5.205253392000031]]]]}}, {"type": "Feature", "properties": {"province": "Tawi-Tawi", "municipality": "South Ubian", "barangay": "Nunuk"}, "geometry": {"type": "Polygon", "coordinates": [[[120.49261424400004, 5.189219033000029], [120.49031210100009, 5.19029634100002], [120.48717945200008, 5.184536821000051], [120.48811458600007, 5.183177286000046], [120.49261424400004, 5.189219033000029]]]}}, {"type": "Feature", "properties": {"province": "Tawi-Tawi", "municipality": "South Ubian", "barangay": "Nusa Nusa"}, "geometry": {"type": "MultiPolygon", "coordinates": [[[[120.66082203100007, 5.22298956000003], [120.67270855900006, 5.209084864000031], [120.680293946, 5.213417589000073], [120.66082203100007, 5.22298956000003]]], [[[120.63126643100009, 5.226296306000052], [120.63561468600007, 5.222028280000075], [120.6479094860001, 5.222624306000056], [120.64914140200007, 5.230277656000056], [120.63126643100009, 5.226296306000052]]]]}}, {"type": "Feature", "properties": {"province": "Tawi-Tawi", "municipality": "South Ubian", "barangay": "Putat"}, "geometry": {"type": "Polygon", "coordinates": [[[120.60544409600003, 5.216431872000044], [120.60883221500002, 5.216833092000059], [120.60905808300002, 5.219036584000036], [120.606143254, 5.219870546000037], [120.59815904800007, 5.219311195000046], [120.60603757100013, 5.216689623000034], [120.60544409600003, 5.216431872000044]]]}}, {"type": "Feature", "properties": {"province": "Tawi-Tawi", "municipality": "South Ubian", "barangay": "Talisay"}, "geometry": {"type": "Polygon", "coordinates": [[[120.49384180400011, 5.188749619000019], [120.49261424400004, 5.189219033000029], [120.48811458600007, 5.183177286000046], [120.48894563700003, 5.181975893000071], [120.49384180400011, 5.188749619000019]]]}}, {"type": "Feature", "properties": {"province": "Tawi-Tawi", "municipality": "South Ubian", "barangay": "Tangngah"}, "geometry": {"type": "Polygon", "coordinates": [[[120.58561639400011, 5.202422930000068], [120.58570861200008, 5.203239234000023], [120.5847257580001, 5.202919944000029], [120.58455341800004, 5.201815017000058], [120.58458757000005, 5.201732675000073], [120.58486600600008, 5.201662070000055], [120.58526228300003, 5.202139971000065], [120.58561639400011, 5.202422930000068]]]}}, {"type": "Feature", "properties": {"province": "Tawi-Tawi", "municipality": "South Ubian", "barangay": "Tubig Dayang Center"}, "geometry": {"type": "Polygon", "coordinates": [[[120.49157514700005, 5.178152251000028], [120.49650232600003, 5.188491083000032], [120.49551990000009, 5.188203326000064], [120.49087641900007, 5.179175332000056], [120.49157514700005, 5.178152251000028]]]}}, {"type": "Feature", "properties": {"province": "Tawi-Tawi", "municipality": "South Ubian", "barangay": "Tukkai"}, "geometry": {"type": "MultiPolygon", "coordinates": [[[[120.58708530500009, 5.198695604000022], [120.58758378700009, 5.200476770000024], [120.58615987200007, 5.200984156000059], [120.58587144, 5.20025242600002], [120.58599897300007, 5.199892298000064], [120.58708530500009, 5.198695604000022]]], [[[120.58584695600007, 5.200287874000026], [120.58612060500003, 5.20099306800006], [120.58498256000007, 5.201124509000068], [120.58584695600007, 5.200287874000026]]]]}}, {"type": "Feature", "properties": {"province": "Tawi-Tawi", "municipality": "Sapa-Sapa", "barangay": "Baldatal Islam"}, "geometry": {"type": "Polygon", "coordinates": [[[120.21892427400007, 5.156234468000035], [120.19263562500011, 5.160704334000058], [120.18630878500007, 5.157196889000033], [120.17251826000005, 5.158453662000057], [120.16765095600012, 5.153568973000063], [120.1658534180001, 5.147318793000068], [120.17337631600003, 5.143119502000047], [120.17656673300009, 5.13858944900005], [120.18645102100005, 5.130871433000038], [120.19309829100008, 5.135088800000062], [120.20058246100007, 5.136097051000035], [120.20704175700006, 5.129008333000059], [120.22369955800002, 5.124309920000029], [120.22749998300003, 5.128244722000034], [120.21854321400008, 5.135880464000025], [120.21892427400007, 5.156234468000035]]]}}, {"type": "Feature", "properties": {"province": "Tawi-Tawi", "municipality": "Sapa-Sapa", "barangay": "Dalo dalo"}, "geometry": {"type": "Polygon", "coordinates": [[[120.19342547200004, 5.03028394300003], [120.19107143200006, 5.024812630000041], [120.19604668300009, 5.018447395000067], [120.20148530000007, 5.016688087000035], [120.20159639300006, 5.021517501000061], [120.19342547200004, 5.03028394300003]]]}}, {"type": "Feature", "properties": {"province": "Tawi-Tawi", "municipality": "Sapa-Sapa", "barangay": "Lakit Lakit"}, "geometry": {"type": "Polygon", "coordinates": [[[120.22816926500002, 5.034523017000026], [120.22375236900007, 5.032464010000068], [120.21623008000006, 5.036675038000056], [120.20879864400001, 5.029262644000029], [120.21895791100008, 5.021421091000035], [120.22816926500002, 5.034523017000026]]]}}, {"type": "Feature", "properties": {"province": "Tawi-Tawi", "municipality": "Sapa-Sapa", "barangay": "Look Natuh"}, "geometry": {"type": "Polygon", "coordinates": [[[120.31883922800012, 5.113884030000066], [120.31293776400003, 5.116609496000025], [120.31046104400004, 5.10818450200003], [120.31591863600012, 5.101652438000031], [120.31883922800012, 5.113884030000066]]]}}, {"type": "Feature", "properties": {"province": "Tawi-Tawi", "municipality": "Sapa-Sapa", "barangay": "Lookan Latuan"}, "geometry": {"type": "Polygon", "coordinates": [[[120.26972074100001, 5.074231294000072], [120.2587324340001, 5.076700088000052], [120.25217254000006, 5.064575765000028], [120.26145670600009, 5.065693725000074], [120.26972074100001, 5.074231294000072]]]}}, {"type": "Feature", "properties": {"province": "Tawi-Tawi", "municipality": "Sapa-Sapa", "barangay": "Mantabuan Tabunan"}, "geometry": {"type": "Polygon", "coordinates": [[[120.22816926500002, 5.034523017000026], [120.21771984000009, 5.043447674000048], [120.20850359700013, 5.044404180000071], [120.21623008000006, 5.036675038000056], [120.22375236900007, 5.032464010000068], [120.22816926500002, 5.034523017000026]]]}}, {"type": "Feature", "properties": {"province": "Tawi-Tawi", "municipality": "Sapa-Sapa", "barangay": "Palate Gadjaminah"}, "geometry": {"type": "Polygon", "coordinates": [[[120.26972074100001, 5.074231294000072], [120.27211220600007, 5.085185370000032], [120.26169068200012, 5.08755369000005], [120.25899670800004, 5.09038247500007], [120.2518068590001, 5.083034798000028], [120.2587324340001, 5.076700088000052], [120.26972074100001, 5.074231294000072]]]}}, {"type": "Feature", "properties": {"province": "Tawi-Tawi", "municipality": "Sapa-Sapa", "barangay": "Sapa Sapa (Pob)"}, "geometry": {"type": "Polygon", "coordinates": [[[120.27327677800008, 5.098008004000064], [120.26906109200002, 5.09028285100004], [120.2838078100001, 5.083342788000039], [120.28241721600011, 5.093011244000024], [120.27327677800008, 5.098008004000064]]]}}, {"type": "Feature", "properties": {"province": "Tawi-Tawi", "municipality": "Sapa-Sapa", "barangay": "Sukah Sukah"}, "geometry": {"type": "Polygon", "coordinates": [[[120.29255875800003, 5.087952813000072], [120.28918246900004, 5.095992644000034], [120.28641478300007, 5.094812171000058], [120.28241721600011, 5.093011244000024], [120.2838078100001, 5.083342788000039], [120.29255875800003, 5.087952813000072]]]}}, {"type": "Feature", "properties": {"province": "Tawi-Tawi", "municipality": "Sapa-Sapa", "barangay": "Tangngah"}, "geometry": {"type": "Polygon", "coordinates": [[[120.28165748600009, 5.105964413000037], [120.27613116100008, 5.103653626000038], [120.27327677800008, 5.098008004000064], [120.28241721600011, 5.093011244000024], [120.28641478300007, 5.094812171000058], [120.28165748600009, 5.105964413000037]]]}}, {"type": "Feature", "properties": {"province": "Tawi-Tawi", "municipality": "Sapa-Sapa", "barangay": "Tup Tup Banaran"}, "geometry": {"type": "Polygon", "coordinates": [[[120.12129527900002, 5.028212603000044], [120.11135748000004, 5.034139972000048], [120.10339778000002, 5.036688135000018], [120.10776651200003, 5.028004840000051], [120.1204217200001, 5.022792102000038], [120.12129527900002, 5.028212603000044]]]}}, {"type": "Feature", "properties": {"province": "Tawi-Tawi", "municipality": "Sapa-Sapa", "barangay": "Latuan"}, "geometry": {"type": "Polygon", "coordinates": [[[120.2587324340001, 5.076700088000052], [120.2518068590001, 5.083034798000028], [120.24932603400009, 5.074466631000065], [120.24627441900009, 5.072716442000057], [120.25217254000006, 5.064575765000028], [120.2587324340001, 5.076700088000052]]]}}, {"type": "Feature", "properties": {"province": "Tawi-Tawi", "municipality": "Sapa-Sapa", "barangay": "Lookan Banaran"}, "geometry": {"type": "Polygon", "coordinates": [[[120.10339778000002, 5.036688135000018], [120.10057767500007, 5.031916281000064], [120.10498130100007, 5.025563094000063], [120.11475257300002, 5.022225361000038], [120.11962648000008, 5.016705946000058], [120.1204217200001, 5.022792102000038], [120.10776651200003, 5.028004840000051], [120.10339778000002, 5.036688135000018]]]}}, {"type": "Feature", "properties": {"province": "Tawi-Tawi", "municipality": "Sapa-Sapa", "barangay": "Malanta"}, "geometry": {"type": "Polygon", "coordinates": [[[120.30387131600003, 5.09128750900004], [120.30857604000005, 5.09745272400005], [120.31591863600012, 5.101652438000031], [120.31046104400004, 5.10818450200003], [120.29950900300001, 5.100396532000048], [120.30387131600003, 5.09128750900004]]]}}, {"type": "Feature", "properties": {"province": "Tawi-Tawi", "municipality": "Sapa-Sapa", "barangay": "Nunuk Likud Sikubong"}, "geometry": {"type": "Polygon", "coordinates": [[[120.29950900300001, 5.100396532000048], [120.2860534140001, 5.107306540000025], [120.28165748600009, 5.105964413000037], [120.28641478300007, 5.094812171000058], [120.28918246900004, 5.095992644000034], [120.29950900300001, 5.100396532000048]]]}}, {"type": "Feature", "properties": {"province": "Tawi-Tawi", "municipality": "Sapa-Sapa", "barangay": "Tapian Bohe North"}, "geometry": {"type": "Polygon", "coordinates": [[[120.20879864400001, 5.029262644000029], [120.20099062000008, 5.037172733000032], [120.19342547200004, 5.03028394300003], [120.20159639300006, 5.021517501000061], [120.20879864400001, 5.029262644000029]]]}}, {"type": "Feature", "properties": {"province": "Tawi-Tawi", "municipality": "Sapa-Sapa", "barangay": "Tonggusong Banaran"}, "geometry": {"type": "Polygon", "coordinates": [[[120.11962648000008, 5.016705946000058], [120.12128606700001, 5.008664080000074], [120.12505702300007, 5.003835938000065], [120.13405311600002, 5.003746765000074], [120.13811516300008, 5.009492432000058], [120.13624387400013, 5.018118807000064], [120.12129527900002, 5.028212603000044], [120.1204217200001, 5.022792102000038], [120.11962648000008, 5.016705946000058]]]}}, {"type": "Feature", "properties": {"province": "Tawi-Tawi", "municipality": "Simunol", "barangay": "Bagid"}, "geometry": {"type": "Polygon", "coordinates": [[[119.85331824700006, 4.86911326400002], [119.82905409500006, 4.878864534000059], [119.80849280300004, 4.853827068000045], [119.82469920200003, 4.855584738000061], [119.85331824700006, 4.86911326400002]]]}}, {"type": "Feature", "properties": {"province": "Tawi-Tawi", "municipality": "Simunol", "barangay": "Doh-Tong"}, "geometry": {"type": "Polygon", "coordinates": [[[119.85274269500007, 4.901256918000058], [119.84803987600003, 4.899935846000062], [119.8324912380001, 4.916207290000044], [119.82598320000012, 4.916263436000065], [119.82880542100008, 4.904501927000068], [119.8215318440001, 4.902848361000054], [119.81987379100009, 4.889907339000046], [119.8259362010001, 4.892931345000022], [119.83327954800006, 4.890501337000047], [119.85274269500007, 4.901256918000058]]]}}, {"type": "Feature", "properties": {"province": "Tawi-Tawi", "municipality": "Simunol", "barangay": "Manuk Mangkaw"}, "geometry": {"type": "Polygon", "coordinates": [[[119.84394260400008, 4.812505116000068], [119.83958661600003, 4.816163722000056], [119.81838656200013, 4.796382365000057], [119.83623677800006, 4.791222382000058], [119.84394260400008, 4.812505116000068]]]}}, {"type": "Feature", "properties": {"province": "Tawi-Tawi", "municipality": "Simunol", "barangay": "Mongkay"}, "geometry": {"type": "Polygon", "coordinates": [[[119.81239952200009, 4.924483714000076], [119.80400935000013, 4.924495974000024], [119.81209308700011, 4.900305668000044], [119.81239952200009, 4.924483714000076]]]}}, {"type": "Feature", "properties": {"province": "Tawi-Tawi", "municipality": "Simunol", "barangay": "Panglima Mastul"}, "geometry": {"type": "Polygon", "coordinates": [[[119.82352196900001, 4.885409755000069], [119.794393086, 4.884829066000066], [119.80437343200003, 4.854696837000063], [119.80849280300004, 4.853827068000045], [119.82905409500006, 4.878864534000059], [119.82352196900001, 4.885409755000069]]]}}, {"type": "Feature", "properties": {"province": "Tawi-Tawi", "municipality": "Simunol", "barangay": "Tonggosong"}, "geometry": {"type": "MultiPolygon", "coordinates": [[[[119.8215318440001, 4.902848361000054], [119.816994367, 4.904761901000029], [119.81488823000008, 4.897307604000048], [119.81987379100009, 4.889907339000046], [119.8215318440001, 4.902848361000054]]], [[[119.81791184000008, 4.913139425000054], [119.82311094800004, 4.918941493000034], [119.82031111100002, 4.92411124900002], [119.81791184000008, 4.913139425000054]]]]}}, {"type": "Feature", "properties": {"province": "Tawi-Tawi", "municipality": "Simunol", "barangay": "Ubol"}, "geometry": {"type": "Polygon", "coordinates": [[[119.80400935000013, 4.924495974000024], [119.79592340500007, 4.924212981000039], [119.81209308700011, 4.900305668000044], [119.80400935000013, 4.924495974000024]]]}}, {"type": "Feature", "properties": {"province": "Tawi-Tawi", "municipality": "Simunol", "barangay": "Bakong"}, "geometry": {"type": "Polygon", "coordinates": [[[119.81987379100009, 4.889907339000046], [119.80395458800002, 4.891637843000068], [119.79261337800006, 4.890960004000021], [119.794393086, 4.884829066000066], [119.82352196900001, 4.885409755000069], [119.81987379100009, 4.889907339000046]]]}}, {"type": "Feature", "properties": {"province": "Tawi-Tawi", "municipality": "Simunol", "barangay": "Luuk Datan"}, "geometry": {"type": "Polygon", "coordinates": [[[119.83623677800006, 4.791222382000058], [119.8410393710001, 4.790271220000021], [119.86596845300005, 4.794303660000026], [119.86699465600009, 4.803739061000044], [119.8540556590001, 4.810944317000065], [119.84394260400008, 4.812505116000068], [119.83623677800006, 4.791222382000058]]]}}, {"type": "Feature", "properties": {"province": "Tawi-Tawi", "municipality": "Simunol", "barangay": "Maruwa"}, "geometry": {"type": "Polygon", "coordinates": [[[119.82031111100002, 4.92411124900002], [119.81239952200009, 4.924483714000076], [119.81209308700011, 4.900305668000044], [119.81488823000008, 4.897307604000048], [119.816994367, 4.904761901000029], [119.81791184000008, 4.913139425000054], [119.82031111100002, 4.92411124900002]]]}}, {"type": "Feature", "properties": {"province": "Tawi-Tawi", "municipality": "Simunol", "barangay": "Pagasinan"}, "geometry": {"type": "Polygon", "coordinates": [[[119.81987379100009, 4.889907339000046], [119.79148736000002, 4.897704254000074], [119.79261337800006, 4.890960004000021], [119.80395458800002, 4.891637843000068], [119.81987379100009, 4.889907339000046]]]}}, {"type": "Feature", "properties": {"province": "Tawi-Tawi", "municipality": "Simunol", "barangay": "Sukah Bulan"}, "geometry": {"type": "Polygon", "coordinates": [[[119.79592340500007, 4.924212981000039], [119.791031791, 4.921289313000045], [119.80492546200003, 4.901348515000052], [119.81209308700011, 4.900305668000044], [119.79592340500007, 4.924212981000039]]]}}, {"type": "Feature", "properties": {"province": "Tawi-Tawi", "municipality": "Simunol", "barangay": "Timundon"}, "geometry": {"type": "Polygon", "coordinates": [[[119.83958661600003, 4.816163722000056], [119.83342301100004, 4.821664309000028], [119.81770561400003, 4.822238434000042], [119.80849447700008, 4.817433610000024], [119.80913297400002, 4.805623085000037], [119.81838656200013, 4.796382365000057], [119.83958661600003, 4.816163722000056]]]}}, {"type": "Feature", "properties": {"province": "Tawi-Tawi", "municipality": "Simunol", "barangay": "Tubig Indangan"}, "geometry": {"type": "Polygon", "coordinates": [[[119.85331824700006, 4.86911326400002], [119.85018122400004, 4.894648149000033], [119.85274269500007, 4.901256918000058], [119.83327954800006, 4.890501337000047], [119.8259362010001, 4.892931345000022], [119.81987379100009, 4.889907339000046], [119.82352196900001, 4.885409755000069], [119.82905409500006, 4.878864534000059], [119.85331824700006, 4.86911326400002]]]}}, {"type": "Feature", "properties": {"province": "Tawi-Tawi", "municipality": "Tandubas", "barangay": "Baliungan"}, "geometry": {"type": "MultiPolygon", "coordinates": [[[[120.14964960500004, 5.165762982000046], [120.14256465900009, 5.161719309000035], [120.15006956800005, 5.158686422000074], [120.14964960500004, 5.165762982000046]]], [[[120.22403156800011, 5.291994943000019], [120.22246380700005, 5.295107053000039], [120.20805360400004, 5.298719505000065], [120.15007684100011, 5.26399692700005], [120.16624360000003, 5.242138014000033], [120.17240520100006, 5.223795555000038], [120.13585039100008, 5.196012894000035], [120.13756273800004, 5.188014874000033], [120.14205973600008, 5.18400348800003], [120.15369211800011, 5.181133265000029], [120.15568043500004, 5.171122265000067], [120.16275444000007, 5.167552044000047], [120.16537956, 5.178069812000046], [120.16938864400004, 5.187344548000056], [120.17873768100004, 5.183375839000064], [120.1914320520001, 5.182127694000029], [120.18309862600007, 5.176229457000033], [120.17547709100006, 5.162816778000034], [120.17981221900004, 5.157218651000049], [120.18630878500007, 5.157196889000033], [120.19263562500011, 5.160704334000058], [120.19957219500007, 5.160803098000031], [120.2051848440001, 5.158181831000036], [120.22021419300006, 5.156175845000063], [120.226163885, 5.162439735000021], [120.2257829680001, 5.170353917000056], [120.23286535900003, 5.17315708800004], [120.23959857800003, 5.182833036000034], [120.23540087400009, 5.185307667000075], [120.23305769600007, 5.193447698000059], [120.23429162600007, 5.202704870000047], [120.24746152600004, 5.210222360000046], [120.24427585400008, 5.222861500000023], [120.25077529900011, 5.229912589000037], [120.25232977000007, 5.23556849800002], [120.25229044000002, 5.246702653000055], [120.254976499, 5.256597223000028], [120.25372750200006, 5.260891061000051], [120.24737669100011, 5.263053874000036], [120.25342252700013, 5.277222411000024], [120.25016783600007, 5.282975081000075], [120.2409269420001, 5.286594827000044], [120.23185118300013, 5.284362230000055], [120.23221341700003, 5.289589130000024], [120.22403156800011, 5.291994943000019]]], [[[120.26611213900003, 5.314083055000025], [120.26482055200007, 5.307612615000038], [120.26847803500006, 5.302965794000044], [120.27669016700008, 5.299484075000066], [120.27715514400006, 5.304533921000028], [120.26611213900003, 5.314083055000025]]]]}}, {"type": "Feature", "properties": {"province": "Tawi-Tawi", "municipality": "Tandubas", "barangay": "Butun"}, "geometry": {"type": "Polygon", "coordinates": [[[120.34361239200005, 5.124015124000039], [120.33225078500004, 5.127281542000048], [120.32541287200003, 5.123118178000026], [120.3364469400001, 5.117175381000036], [120.34361239200005, 5.124015124000039]]]}}, {"type": "Feature", "properties": {"province": "Tawi-Tawi", "municipality": "Tandubas", "barangay": "Kakoong"}, "geometry": {"type": "Polygon", "coordinates": [[[120.34699245100002, 5.14642703800007], [120.33399893800004, 5.146679930000062], [120.332804031, 5.144440512000075], [120.33086067100011, 5.139967030000036], [120.34813828500013, 5.136017221000031], [120.34699245100002, 5.14642703800007]]]}}, {"type": "Feature", "properties": {"province": "Tawi-Tawi", "municipality": "Tandubas", "barangay": "Kepeng"}, "geometry": {"type": "Polygon", "coordinates": [[[120.33225078500004, 5.127281542000048], [120.3307600820001, 5.131389753000065], [120.32265570100004, 5.128586491000021], [120.32541287200003, 5.123118178000026], [120.33225078500004, 5.127281542000048]]]}}, {"type": "Feature", "properties": {"province": "Tawi-Tawi", "municipality": "Tandubas", "barangay": "Naungan"}, "geometry": {"type": "Polygon", "coordinates": [[[120.34768621600004, 5.214388139000049], [120.35874503200012, 5.227291003000062], [120.35572647700009, 5.230181858000038], [120.36716349100003, 5.250064218000034], [120.35877633200005, 5.258608142000071], [120.35267650600008, 5.256684939000023], [120.34608239300007, 5.249521929000025], [120.34916243100008, 5.243593363000059], [120.34451589000003, 5.235398983000039], [120.34055702800003, 5.234182281000073], [120.33165139900007, 5.224469938000028], [120.3288397560001, 5.211559082000065], [120.34768621600004, 5.214388139000049]]]}}, {"type": "Feature", "properties": {"province": "Tawi-Tawi", "municipality": "Tandubas", "barangay": "Sallangan"}, "geometry": {"type": "Polygon", "coordinates": [[[120.3307600820001, 5.131389753000065], [120.33086066700004, 5.133484382000063], [120.3200219250001, 5.131980553000062], [120.32265570100004, 5.128586491000021], [120.3307600820001, 5.131389753000065]]]}}, {"type": "Feature", "properties": {"province": "Tawi-Tawi", "municipality": "Tandubas", "barangay": "Sibakloon"}, "geometry": {"type": "Polygon", "coordinates": [[[120.332804031, 5.144440512000075], [120.3253067400001, 5.146783809000054], [120.32381920900004, 5.140853927000023], [120.33086067100011, 5.139967030000036], [120.332804031, 5.144440512000075]]]}}, {"type": "Feature", "properties": {"province": "Tawi-Tawi", "municipality": "Tandubas", "barangay": "Tapian"}, "geometry": {"type": "Polygon", "coordinates": [[[120.34586165700013, 5.15394115600003], [120.344008979, 5.160852851000072], [120.33569510300005, 5.159200656000053], [120.33843159500007, 5.151878552000028], [120.34586165700013, 5.15394115600003]]]}}, {"type": "Feature", "properties": {"province": "Tawi-Tawi", "municipality": "Tandubas", "barangay": "Taruk"}, "geometry": {"type": "Polygon", "coordinates": [[[120.31480139100006, 5.250839867000024], [120.30335415800006, 5.246044151000033], [120.29837195400012, 5.237958771000022], [120.30244977100006, 5.23180274200007], [120.31071247400006, 5.224568798000065], [120.31400845400003, 5.228730745000064], [120.3208026970001, 5.248504595000044], [120.31480139100006, 5.250839867000024]]]}}, {"type": "Feature", "properties": {"province": "Tawi-Tawi", "municipality": "Tandubas", "barangay": "Ballak"}, "geometry": {"type": "Polygon", "coordinates": [[[120.34699245100002, 5.14642703800007], [120.34586165700013, 5.15394115600003], [120.33843159500007, 5.151878552000028], [120.33532746900005, 5.148908439000024], [120.33399893800004, 5.146679930000062], [120.34699245100002, 5.14642703800007]]]}}, {"type": "Feature", "properties": {"province": "Tawi-Tawi", "municipality": "Tandubas", "barangay": "Himbah"}, "geometry": {"type": "Polygon", "coordinates": [[[120.22615243300002, 5.326141335000045], [120.22180720900008, 5.321768503000044], [120.21835788000011, 5.312847432000068], [120.21992288900005, 5.302445111000053], [120.23066497900003, 5.298151702000039], [120.23763427300003, 5.298733259000073], [120.2402138770001, 5.301763440000058], [120.23641718800002, 5.307467895000059], [120.23052856800007, 5.322836867000035], [120.22615243300002, 5.326141335000045]]]}}, {"type": "Feature", "properties": {"province": "Tawi-Tawi", "municipality": "Tandubas", "barangay": "Lahay Lahay"}, "geometry": {"type": "MultiPolygon", "coordinates": [[[[120.283493152, 5.161667726000076], [120.27798072100006, 5.159140964000072], [120.2794660850001, 5.152086924000058], [120.28447895500007, 5.152035440000019], [120.28829271100007, 5.15685340400006], [120.283493152, 5.161667726000076]]], [[[120.2613113650001, 5.173009537000041], [120.26126825200004, 5.165093959000045], [120.26923361100012, 5.167472621000058], [120.2613113650001, 5.173009537000041]]], [[[120.25548214600008, 5.213629766000053], [120.24361171300006, 5.190569652000021], [120.246493654, 5.180537744000048], [120.25020507700003, 5.180161733000034], [120.26730676700004, 5.18656715700007], [120.26837460100012, 5.173176792000048], [120.27274534700008, 5.171581031000072], [120.28006751600002, 5.181539782000073], [120.2850026210001, 5.180377939000039], [120.29686582700003, 5.182784595000042], [120.30210806100003, 5.190712758000075], [120.30985450000001, 5.195783198000072], [120.31140091100008, 5.20077141400003], [120.31849272000011, 5.204917514000045], [120.31754687300008, 5.210349434000023], [120.31061611700011, 5.212431824000022], [120.30784145800011, 5.218385996000052], [120.25548214600008, 5.213629766000053]]]]}}, {"type": "Feature", "properties": {"province": "Tawi-Tawi", "municipality": "Tandubas", "barangay": "Salamat"}, "geometry": {"type": "Polygon", "coordinates": [[[120.34768621600004, 5.214388139000049], [120.3288397560001, 5.211559082000065], [120.33039066100004, 5.206716028000073], [120.33650721400011, 5.208573526000065], [120.33291782300013, 5.191378840000026], [120.33924197600004, 5.188922506000041], [120.34346631100004, 5.181771867000065], [120.34999776600012, 5.193917295000062], [120.35202265300006, 5.202748413000052], [120.34744256400006, 5.207335397000066], [120.34768621600004, 5.214388139000049]]]}}, {"type": "Feature", "properties": {"province": "Tawi-Tawi", "municipality": "Tandubas", "barangay": "Sapa"}, "geometry": {"type": "Polygon", "coordinates": [[[120.328859082, 5.155110010000042], [120.32519250200004, 5.153315790000023], [120.3253067400001, 5.146783809000054], [120.332804031, 5.144440512000075], [120.33399893800004, 5.146679930000062], [120.33532746900005, 5.148908439000024], [120.328859082, 5.155110010000042]]]}}, {"type": "Feature", "properties": {"province": "Tawi-Tawi", "municipality": "Tandubas", "barangay": "Silantup"}, "geometry": {"type": "Polygon", "coordinates": [[[120.34821297700012, 5.132927681000069], [120.33086066700004, 5.133484382000063], [120.3307600820001, 5.131389753000065], [120.33225078500004, 5.127281542000048], [120.34361239200005, 5.124015124000039], [120.34821297700012, 5.132927681000069]]]}}, {"type": "Feature", "properties": {"province": "Tawi-Tawi", "municipality": "Tandubas", "barangay": "Tangngah"}, "geometry": {"type": "Polygon", "coordinates": [[[120.34813828500013, 5.136017221000031], [120.33086067100011, 5.139967030000036], [120.33086066700004, 5.133484382000063], [120.34821297700012, 5.132927681000069], [120.34813828500013, 5.136017221000031]]]}}, {"type": "Feature", "properties": {"province": "Tawi-Tawi", "municipality": "Tandubas", "barangay": "Tapian Sukah"}, "geometry": {"type": "Polygon", "coordinates": [[[120.33086067100011, 5.139967030000036], [120.32381920900004, 5.140853927000023], [120.3200219250001, 5.131980553000062], [120.33086066700004, 5.133484382000063], [120.33086067100011, 5.139967030000036]]]}}, {"type": "Feature", "properties": {"province": "Tawi-Tawi", "municipality": "Tandubas", "barangay": "Tongbangkaw"}, "geometry": {"type": "Polygon", "coordinates": [[[120.33843159500007, 5.151878552000028], [120.33569510300005, 5.159200656000053], [120.328859082, 5.155110010000042], [120.33532746900005, 5.148908439000024], [120.33843159500007, 5.151878552000028]]]}}, {"type": "Feature", "properties": {"province": "Tawi-Tawi", "municipality": "Mapun", "barangay": "Boki"}, "geometry": {"type": "MultiPolygon", "coordinates": [[[[118.40090988900012, 6.878896047000068], [118.3939269660001, 6.876883351000059], [118.39372560000005, 6.871575949000033], [118.39881765200003, 6.871415640000065], [118.40090988900012, 6.878896047000068]]], [[[118.4743298090001, 6.983628958000055], [118.47641603700004, 6.990204378000043], [118.46701175900012, 6.994605486000069], [118.46234938500005, 6.983349530000053], [118.45925447900005, 6.979057047000026], [118.46737470200003, 6.981113097000047], [118.47354598500011, 6.975269900000058], [118.4743298090001, 6.983628958000055]]]]}}, {"type": "Feature", "properties": {"province": "Tawi-Tawi", "municipality": "Mapun", "barangay": "Erok Erok"}, "geometry": {"type": "Polygon", "coordinates": [[[118.44150788200012, 6.999870519000068], [118.428877854, 6.990891481000062], [118.43900457300005, 6.989041421000024], [118.45100815700005, 6.981334001000048], [118.456143698, 6.983420138000042], [118.45925447900005, 6.979057047000026], [118.46234938500005, 6.983349530000053], [118.44150788200012, 6.999870519000068]]]}}, {"type": "Feature", "properties": {"province": "Tawi-Tawi", "municipality": "Mapun", "barangay": "Kompang"}, "geometry": {"type": "Polygon", "coordinates": [[[118.45831263600007, 7.012204389000033], [118.44884088600007, 7.033954094000022], [118.43399271700002, 7.02769851200003], [118.4466118680001, 7.007740922000038], [118.45831263600007, 7.012204389000033]]]}}, {"type": "Feature", "properties": {"province": "Tawi-Tawi", "municipality": "Mapun", "barangay": "Lubbak Parang"}, "geometry": {"type": "Polygon", "coordinates": [[[118.5240844850001, 7.017366434000052], [118.49875496800009, 7.011848889000021], [118.48463285600009, 7.008539548000043], [118.46701175900012, 6.994605486000069], [118.47641603700004, 6.990204378000043], [118.51840167200011, 7.001350106000076], [118.51764689400012, 7.006506417000026], [118.51979765600004, 7.013656856000068], [118.5240844850001, 7.017366434000052]]]}}, {"type": "Feature", "properties": {"province": "Tawi-Tawi", "municipality": "Mapun", "barangay": "Mahalo"}, "geometry": {"type": "Polygon", "coordinates": [[[118.51618882700006, 6.984567562000052], [118.51516330000004, 6.988365846000021], [118.5094583550001, 6.99210215900007], [118.51278353400006, 6.995718511000064], [118.51665633400012, 6.99520209000002], [118.51840167200011, 7.001350106000076], [118.47641603700004, 6.990204378000043], [118.4743298090001, 6.983628958000055], [118.51618882700006, 6.984567562000052]]]}}, {"type": "Feature", "properties": {"province": "Tawi-Tawi", "municipality": "Mapun", "barangay": "Tabulian"}, "geometry": {"type": "Polygon", "coordinates": [[[118.48463285600009, 7.008539548000043], [118.4754382100001, 7.018445092000036], [118.45831263600007, 7.012204389000033], [118.46701175900012, 6.994605486000069], [118.48463285600009, 7.008539548000043]]]}}, {"type": "Feature", "properties": {"province": "Tawi-Tawi", "municipality": "Mapun", "barangay": "Umus Mataha"}, "geometry": {"type": "MultiPolygon", "coordinates": [[[[118.47206964600002, 7.03182599400003], [118.46375373500007, 7.034480344000031], [118.44884088600007, 7.033954094000022], [118.45831263600007, 7.012204389000033], [118.4754382100001, 7.018445092000036], [118.47206964600002, 7.03182599400003]]], [[[118.42021269600004, 7.179072901000039], [118.4142064560001, 7.174357571000033], [118.41964172100006, 7.171053246000041], [118.42021269600004, 7.179072901000039]]]]}}, {"type": "Feature", "properties": {"province": "Tawi-Tawi", "municipality": "Mapun", "barangay": "Duhul Batu"}, "geometry": {"type": "Polygon", "coordinates": [[[118.51578666900002, 7.04563087300005], [118.506693346, 7.049222959000076], [118.49945823200004, 7.048461296000027], [118.492974322, 7.044148062000034], [118.4865656930001, 7.037114478000035], [118.49283455000011, 7.02414877600006], [118.51249490400005, 7.029701601000055], [118.51578666900002, 7.04563087300005]]]}}, {"type": "Feature", "properties": {"province": "Tawi-Tawi", "municipality": "Mapun", "barangay": "Guppah"}, "geometry": {"type": "Polygon", "coordinates": [[[118.5240844850001, 7.017366434000052], [118.52641992500003, 7.029595689000074], [118.51249490400005, 7.029701601000055], [118.49283455000011, 7.02414877600006], [118.49875496800009, 7.011848889000021], [118.5240844850001, 7.017366434000052]]]}}, {"type": "Feature", "properties": {"province": "Tawi-Tawi", "municipality": "Mapun", "barangay": "Liyubud"}, "geometry": {"type": "Polygon", "coordinates": [[[118.52641992500003, 7.029595689000074], [118.52431616700007, 7.039547209000034], [118.51578666900002, 7.04563087300005], [118.51249490400005, 7.029701601000055], [118.52641992500003, 7.029595689000074]]]}}, {"type": "Feature", "properties": {"province": "Tawi-Tawi", "municipality": "Mapun", "barangay": "Lupa Pula"}, "geometry": {"type": "Polygon", "coordinates": [[[118.47354598500011, 6.975269900000058], [118.47804285300003, 6.982065487000057], [118.48521412200012, 6.979759560000048], [118.48517555200011, 6.976423575000068], [118.4799715260001, 6.970669613000043], [118.4852623060001, 6.967340746000048], [118.5072366600001, 6.96911030900003], [118.51254797700007, 6.974629477000063], [118.5218272930001, 6.966790102000061], [118.53230190600006, 6.967431981000062], [118.52288893400008, 6.974370214000031], [118.51735070300005, 6.975505817000055], [118.51618882700006, 6.984567562000052], [118.4743298090001, 6.983628958000055], [118.47354598500011, 6.975269900000058]]]}}, {"type": "Feature", "properties": {"province": "Tawi-Tawi", "municipality": "Mapun", "barangay": "Pawan"}, "geometry": {"type": "Polygon", "coordinates": [[[118.46701175900012, 6.994605486000069], [118.45831263600007, 7.012204389000033], [118.4466118680001, 7.007740922000038], [118.44120011000007, 7.005673874000023], [118.44150788200012, 6.999870519000068], [118.46234938500005, 6.983349530000053], [118.46701175900012, 6.994605486000069]]]}}, {"type": "Feature", "properties": {"province": "Tawi-Tawi", "municipality": "Mapun", "barangay": "Sikub"}, "geometry": {"type": "Polygon", "coordinates": [[[118.43399271700002, 7.02769851200003], [118.4279997450001, 7.026418377000026], [118.41491767100001, 7.017387832000054], [118.41476927600003, 7.01187072500005], [118.41916351700002, 7.010144014000046], [118.42358837200004, 7.012849331000041], [118.44120011000007, 7.005673874000023], [118.4466118680001, 7.007740922000038], [118.43399271700002, 7.02769851200003]]]}}, {"type": "Feature", "properties": {"province": "Tawi-Tawi", "municipality": "Mapun", "barangay": "Tanduan"}, "geometry": {"type": "Polygon", "coordinates": [[[118.42358837200004, 7.012849331000041], [118.43046573900007, 7.007217514000047], [118.42701762100012, 6.996867579000025], [118.428877854, 6.990891481000062], [118.44150788200012, 6.999870519000068], [118.44120011000007, 7.005673874000023], [118.42358837200004, 7.012849331000041]]]}}, {"type": "Feature", "properties": {"province": "Tawi-Tawi", "municipality": "Sibuto", "barangay": "Ambulong Sapal"}, "geometry": {"type": "Polygon", "coordinates": [[[119.4784628330001, 4.836036715000034], [119.4752155430001, 4.843932143000074], [119.45679548700002, 4.839324498000051], [119.45808453400002, 4.836139450000075], [119.4784628330001, 4.836036715000034]]]}}, {"type": "Feature", "properties": {"province": "Tawi-Tawi", "municipality": "Sibuto", "barangay": "Hadji Imam Bidin"}, "geometry": {"type": "Polygon", "coordinates": [[[119.48736452000004, 4.854254140000021], [119.46671508300004, 4.847551017000058], [119.45357090100005, 4.84471730100006], [119.45679548700002, 4.839324498000051], [119.4752155430001, 4.843932143000074], [119.4784628330001, 4.836036715000034], [119.505613077, 4.758175674000028], [119.50678162300004, 4.758160811000039], [119.50668362300006, 4.766827965000061], [119.50397933700003, 4.787078183000062], [119.49795940400008, 4.812711532000037], [119.49641195400011, 4.828688458000047], [119.48736452000004, 4.854254140000021]]]}}, {"type": "Feature", "properties": {"province": "Tawi-Tawi", "municipality": "Sibuto", "barangay": "Hadji Taha"}, "geometry": {"type": "Polygon", "coordinates": [[[119.4833578770001, 4.865241253000021], [119.45220757400013, 4.856433616000062], [119.45364492100009, 4.849756004000027], [119.4851374660001, 4.859963803000027], [119.4833578770001, 4.865241253000021]]]}}, {"type": "Feature", "properties": {"province": "Tawi-Tawi", "municipality": "Sibuto", "barangay": "Ligayan"}, "geometry": {"type": "Polygon", "coordinates": [[[119.45842441300012, 4.658483443000021], [119.45584153000004, 4.652502341000059], [119.45609554500004, 4.64478122500003], [119.45798573400009, 4.642097964000073], [119.46949838600005, 4.653382220000026], [119.45842441300012, 4.658483443000021]]]}}, {"type": "Feature", "properties": {"province": "Tawi-Tawi", "municipality": "Sibuto", "barangay": "Sheik Makdum"}, "geometry": {"type": "Polygon", "coordinates": [[[119.49974491100009, 4.727900828000031], [119.464430493, 4.734088435000046], [119.46279882200008, 4.725539632000049], [119.49810484200007, 4.720827343000052], [119.49974491100009, 4.727900828000031]]]}}, {"type": "Feature", "properties": {"province": "Tawi-Tawi", "municipality": "Sibuto", "barangay": "Talisay"}, "geometry": {"type": "Polygon", "coordinates": [[[119.47939354300001, 4.874744791000069], [119.46833008600005, 4.898371697000073], [119.46197685700008, 4.908839317000059], [119.45649811100009, 4.913643473000036], [119.44934549100005, 4.91259440300007], [119.44546564200006, 4.907772451000027], [119.44502694900007, 4.903778768000051], [119.44658037000009, 4.880109424000069], [119.45154017100003, 4.860905030000025], [119.46471598500011, 4.868220450000023], [119.47939354300001, 4.874744791000069]]]}}, {"type": "Feature", "properties": {"province": "Tawi-Tawi", "municipality": "Sibuto", "barangay": "Taungoh"}, "geometry": {"type": "Polygon", "coordinates": [[[119.49400389300001, 4.712178383000038], [119.46094943900005, 4.715194107000059], [119.45822581900006, 4.696726117000026], [119.4875072550001, 4.689180057000045], [119.4903732470001, 4.699961524000059], [119.49350602500009, 4.706614321000075], [119.49400389300001, 4.712178383000038]]]}}, {"type": "Feature", "properties": {"province": "Tawi-Tawi", "municipality": "Sibuto", "barangay": "Tongsibalo"}, "geometry": {"type": "Polygon", "coordinates": [[[119.505613077, 4.758175674000028], [119.4658673460001, 4.760042635000048], [119.464430493, 4.734088435000046], [119.49974491100009, 4.727900828000031], [119.50292354100009, 4.734451697000053], [119.50549259100002, 4.744374354000057], [119.50678162300004, 4.758160811000039], [119.505613077, 4.758175674000028]]]}}, {"type": "Feature", "properties": {"province": "Tawi-Tawi", "municipality": "Sibuto", "barangay": "Datu Amilhamja Jaafar"}, "geometry": {"type": "Polygon", "coordinates": [[[119.48599689000002, 4.857361371000024], [119.45418343500012, 4.846979521000036], [119.45357090100005, 4.84471730100006], [119.46671508300004, 4.847551017000058], [119.48736452000004, 4.854254140000021], [119.48599689000002, 4.857361371000024]]]}}, {"type": "Feature", "properties": {"province": "Tawi-Tawi", "municipality": "Sibuto", "barangay": "Hadji Mohtar Sulayman"}, "geometry": {"type": "Polygon", "coordinates": [[[119.46318589200007, 4.67583720400006], [119.46053988500012, 4.678697416000034], [119.45517768900004, 4.677774053000065], [119.45447993200003, 4.665935251000065], [119.46077030700008, 4.667595985000048], [119.46173137200005, 4.668583696000041], [119.47659703300009, 4.66248172400003], [119.47999516800009, 4.669513670000072], [119.46318589200007, 4.67583720400006]]]}}, {"type": "Feature", "properties": {"province": "Tawi-Tawi", "municipality": "Sibuto", "barangay": "Imam Hadji Mohammad"}, "geometry": {"type": "Polygon", "coordinates": [[[119.47939354300001, 4.874744791000069], [119.46471598500011, 4.868220450000023], [119.45154017100003, 4.860905030000025], [119.45220757400013, 4.856433616000062], [119.4833578770001, 4.865241253000021], [119.47939354300001, 4.874744791000069]]]}}, {"type": "Feature", "properties": {"province": "Tawi-Tawi", "municipality": "Sibuto", "barangay": "Nunukan"}, "geometry": {"type": "Polygon", "coordinates": [[[119.4784628330001, 4.836036715000034], [119.45808453400002, 4.836139450000075], [119.45809697200004, 4.836081213000055], [119.45813318400008, 4.835822934000021], [119.46344274300009, 4.81293637400006], [119.4660816920001, 4.790027383000051], [119.4658673460001, 4.760042635000048], [119.505613077, 4.758175674000028], [119.4784628330001, 4.836036715000034]]]}}, {"type": "Feature", "properties": {"province": "Tawi-Tawi", "municipality": "Sibuto", "barangay": "Tandu Banak"}, "geometry": {"type": "Polygon", "coordinates": [[[119.49810484200007, 4.720827343000052], [119.46279882200008, 4.725539632000049], [119.46094943900005, 4.715194107000059], [119.49400389300001, 4.712178383000038], [119.49810484200007, 4.720827343000052]]]}}, {"type": "Feature", "properties": {"province": "Tawi-Tawi", "municipality": "Sibuto", "barangay": "Tongehat"}, "geometry": {"type": "Polygon", "coordinates": [[[119.45822581900006, 4.696726117000026], [119.456016351, 4.681471326000064], [119.45972496900004, 4.681211088000054], [119.46318589200007, 4.67583720400006], [119.47999516800009, 4.669513670000072], [119.4875072550001, 4.689180057000045], [119.45822581900006, 4.696726117000026]]]}}, {"type": "Feature", "properties": {"province": "Tawi-Tawi", "municipality": "Sibuto", "barangay": "Ungus-Ungus"}, "geometry": {"type": "Polygon", "coordinates": [[[119.47659703300009, 4.66248172400003], [119.46173137200005, 4.668583696000041], [119.46077030700008, 4.667595985000048], [119.45842441300012, 4.658483443000021], [119.46949838600005, 4.653382220000026], [119.47638984000004, 4.658713485000021], [119.47659703300009, 4.66248172400003]]]}}, {"type": "Feature", "properties": {"province": "Tawi-Tawi", "municipality": "Sitangkai", "barangay": "Datu Baguinda Putih"}, "geometry": {"type": "MultiPolygon", "coordinates": [[[[119.39862113400012, 4.664699734000067], [119.39732990100002, 4.664644235000026], [119.39827868200007, 4.663699937000046], [119.39862113400012, 4.664699734000067]]], [[[119.40244366600008, 4.686234284000022], [119.39611962600009, 4.685317463000047], [119.3931584390001, 4.669656690000068], [119.3999160940001, 4.668075009000064], [119.40244366600008, 4.686234284000022]]]]}}, {"type": "Feature", "properties": {"province": "Tawi-Tawi", "municipality": "Sitangkai", "barangay": "North Larap"}, "geometry": {"type": "Polygon", "coordinates": [[[119.41860590100008, 4.741800646000058], [119.42109336600004, 4.763935670000022], [119.41992556000002, 4.769320264000044], [119.42291380200004, 4.781961505000026], [119.41807930400013, 4.779137852000075], [119.41358995300006, 4.771671743000068], [119.41141694600005, 4.764656560000049], [119.40490894900006, 4.761580069000046], [119.41860590100008, 4.741800646000058]]]}}, {"type": "Feature", "properties": {"province": "Tawi-Tawi", "municipality": "Sitangkai", "barangay": "Sipangkot"}, "geometry": {"type": "MultiPolygon", "coordinates": [[[[119.41226183700007, 4.866602592000048], [119.40889905200004, 4.858282766000057], [119.41217469900005, 4.849911307000071], [119.41714103600009, 4.847191438000038], [119.41472944500003, 4.862511426000025], [119.41226183700007, 4.866602592000048]]], [[[119.39729694000006, 4.906483172000037], [119.39066603900005, 4.902052147000061], [119.39039157400009, 4.893222404000027], [119.40017521200004, 4.883657043000028], [119.40522568400002, 4.875995825000074], [119.41022554600009, 4.876089231000037], [119.40652710400002, 4.892177685000036], [119.40348622600003, 4.899020008000035], [119.39729694000006, 4.906483172000037]]]]}}, {"type": "Feature", "properties": {"province": "Tawi-Tawi", "municipality": "Sitangkai", "barangay": "South Larap"}, "geometry": {"type": "Polygon", "coordinates": [[[119.40490894900006, 4.761580069000046], [119.39909817700006, 4.758460378000051], [119.40064459800011, 4.752781820000052], [119.39579204000006, 4.747516079000037], [119.41811972200003, 4.732959051000023], [119.41860590100008, 4.741800646000058], [119.40490894900006, 4.761580069000046]]]}}, {"type": "Feature", "properties": {"province": "Tawi-Tawi", "municipality": "Sitangkai", "barangay": "Tongusong"}, "geometry": {"type": "Polygon", "coordinates": [[[119.39579204000006, 4.747516079000037], [119.38943955400008, 4.742696015000035], [119.39536698200006, 4.738487688000022], [119.40392834700003, 4.736170084000038], [119.40617672100007, 4.725071138000033], [119.40346304900004, 4.714422220000074], [119.41405334300009, 4.71088362200004], [119.41811972200003, 4.732959051000023], [119.39579204000006, 4.747516079000037]]]}}, {"type": "Feature", "properties": {"province": "Tawi-Tawi", "municipality": "Sitangkai", "barangay": "Imam Sapie"}, "geometry": {"type": "Polygon", "coordinates": [[[119.39339028100005, 4.66631064300003], [119.39324887600002, 4.666344478000044], [119.39468213500004, 4.658802521000041], [119.40031717200009, 4.661294603000045], [119.39827868200007, 4.663699937000046], [119.39732990100002, 4.664644235000026], [119.39534484200011, 4.665842968000049], [119.39529998000013, 4.66585370200005], [119.39412206100008, 4.666135548000056], [119.39364357600003, 4.666250036000065], [119.39339028100005, 4.66631064300003]]]}}, {"type": "Feature", "properties": {"province": "Tawi-Tawi", "municipality": "Sitangkai", "barangay": "Panglima Alari"}, "geometry": {"type": "MultiPolygon", "coordinates": [[[[119.40031717200009, 4.661294603000045], [119.39862113400012, 4.664699734000067], [119.39827868200007, 4.663699937000046], [119.40031717200009, 4.661294603000045]]], [[[119.3999160940001, 4.668075009000064], [119.4045030000001, 4.674248219000049], [119.40765421200001, 4.686990569000045], [119.40244366600008, 4.686234284000022], [119.3999160940001, 4.668075009000064]]]]}}, {"type": "Feature", "properties": {"province": "Tawi-Tawi", "municipality": "Sitangkai", "barangay": "Sitangkai Poblacion"}, "geometry": {"type": "MultiPolygon", "coordinates": [[[[119.38482335100002, 4.626098990000058], [119.3836918940001, 4.616867650000074], [119.39013723900007, 4.615786121000042], [119.39158048000002, 4.622812432000046], [119.38482335100002, 4.626098990000058]]], [[[119.39110902200004, 4.650766095000052], [119.39175139000008, 4.642249637000021], [119.39576139500002, 4.640422665000074], [119.40019545500002, 4.644093873000029], [119.39784360200007, 4.648625782000068], [119.39110902200004, 4.650766095000052]]]]}}, {"type": "Feature", "properties": {"province": "Tawi-Tawi", "municipality": "Sitangkai", "barangay": "Tongmageng"}, "geometry": {"type": "Polygon", "coordinates": [[[119.41405334300009, 4.71088362200004], [119.40346304900004, 4.714422220000074], [119.4016885100001, 4.706384298000045], [119.39433179400008, 4.703196296000044], [119.39611962600009, 4.685317463000047], [119.40244366600008, 4.686234284000022], [119.40765421200001, 4.686990569000045], [119.41273640300005, 4.699926791000053], [119.41405334300009, 4.71088362200004]]]}}, {"type": "Feature", "properties": {"province": "Tawi-Tawi", "municipality": "Turtle Island", "barangay": "Taganak Poblacion"}, "geometry": {"type": "Polygon", "coordinates": [[[118.31039022100003, 6.078901667000024], [118.3098646530001, 6.071399445000054], [118.31787552400012, 6.073300790000076], [118.31039022100003, 6.078901667000024]]]}}, {"type": "Feature", "properties": {"province": "Tawi-Tawi", "municipality": "Turtle Island", "barangay": "Likud Bakkao"}, "geometry": {"type": "Polygon", "coordinates": [[[118.31787552400012, 6.073300790000076], [118.32138930900008, 6.082458879000057], [118.31393373000004, 6.085120362000056], [118.31039022100003, 6.078901667000024], [118.31787552400012, 6.073300790000076]]]}}, {"type": "Feature", "properties": {"province": "Lanao del Sur", "municipality": "Marawi City", "barangay": "Ambolong"}, "geometry": {"type": "Polygon", "coordinates": [[[124.31563107500006, 7.99738340700003], [124.31437225200011, 7.997779154000056], [124.31397506500002, 7.997078041000066], [124.31517553900007, 7.996347998000034], [124.31585002700001, 7.996653179000021], [124.31563107500006, 7.99738340700003]]]}}, {"type": "Feature", "properties": {"province": "Lanao del Sur", "municipality": "Marawi City", "barangay": "Bacolod Chico Proper"}, "geometry": {"type": "Polygon", "coordinates": [[[124.27924694100011, 7.995102221000023], [124.275267557, 7.996374800000068], [124.27266131400008, 7.992922415000067], [124.28213282200012, 7.991184125000074], [124.28250723200006, 7.994322028000057], [124.27924694100011, 7.995102221000023]]]}}, {"type": "Feature", "properties": {"province": "Lanao del Sur", "municipality": "Marawi City", "barangay": "Banga"}, "geometry": {"type": "Polygon", "coordinates": [[[124.25236609900003, 8.00063239900004], [124.25173697700006, 8.00650554200007], [124.24150950600006, 7.997505440000054], [124.24564592900003, 7.991051155000033], [124.25236609900003, 8.00063239900004]]]}}, {"type": "Feature", "properties": {"province": "Lanao del Sur", "municipality": "Marawi City", "barangay": "Banggolo Poblacion"}, "geometry": {"type": "Polygon", "coordinates": [[[124.29184313600003, 8.001643730000069], [124.29138657500005, 8.002552207000063], [124.28934407200005, 8.001660686000037], [124.28911153900003, 8.001324684000053], [124.29093428400006, 8.00002618600007], [124.29125501800002, 7.999568706000046], [124.29199185800009, 7.999413806000065], [124.29262032300004, 7.999818423000022], [124.29232063200004, 8.000269192000076], [124.29184313600003, 8.001643730000069]]]}}, {"type": "Feature", "properties": {"province": "Lanao del Sur", "municipality": "Marawi City", "barangay": "Bangon"}, "geometry": {"type": "Polygon", "coordinates": [[[124.28275179000003, 8.001513044000033], [124.2816489820001, 8.001421599000023], [124.27924694100011, 7.995102221000023], [124.28250723200006, 7.994322028000057], [124.286574275, 7.997850141000073], [124.28640176700002, 7.998355795000065], [124.28361876600002, 8.000803006000067], [124.28275179000003, 8.001513044000033]]]}}, {"type": "Feature", "properties": {"province": "Lanao del Sur", "municipality": "Marawi City", "barangay": "Beyaba-Damag"}, "geometry": {"type": "Polygon", "coordinates": [[[124.27256011700001, 7.998524271000062], [124.26846162000002, 8.00533681400003], [124.26182189700012, 7.996989520000055], [124.27256011700001, 7.998524271000062]]]}}, {"type": "Feature", "properties": {"province": "Lanao del Sur", "municipality": "Marawi City", "barangay": "Bito Buadi Itowa"}, "geometry": {"type": "Polygon", "coordinates": [[[124.28584704800006, 8.01642833300002], [124.28444153000011, 8.019843137000064], [124.28265580000006, 8.019361259000052], [124.27900075600009, 8.018885670000033], [124.28063150900005, 8.015673452000044], [124.28584704800006, 8.01642833300002]]]}}, {"type": "Feature", "properties": {"province": "Lanao del Sur", "municipality": "Marawi City", "barangay": "Bito Buadi Parba"}, "geometry": {"type": "Polygon", "coordinates": [[[124.27885001700008, 8.019442368000057], [124.27518812400001, 8.018439062000027], [124.27442402500004, 8.015630350000038], [124.2762138060001, 8.015482924000025], [124.279741757, 8.015038322000066], [124.28063150900005, 8.015673452000044], [124.27900075600009, 8.018885670000033], [124.27885001700008, 8.019442368000057]]]}}, {"type": "Feature", "properties": {"province": "Lanao del Sur", "municipality": "Marawi City", "barangay": "Bubonga Pagalamatan"}, "geometry": {"type": "Polygon", "coordinates": [[[124.28265580000006, 8.019361259000052], [124.28206314500005, 8.023418461000064], [124.27836416900004, 8.022676462000051], [124.27885001700008, 8.019442368000057], [124.27900075600009, 8.018885670000033], [124.28265580000006, 8.019361259000052]]]}}, {"type": "Feature", "properties": {"province": "Lanao del Sur", "municipality": "Marawi City", "barangay": "Bubonga Lilod Madaya"}, "geometry": {"type": "Polygon", "coordinates": [[[124.29545579100011, 8.002833712000042], [124.29355439900009, 8.005034426000067], [124.2928608520001, 8.004102491000028], [124.29372744200009, 8.002710414000036], [124.29500125000006, 8.002526523000029], [124.29545579100011, 8.002833712000042]]]}}, {"type": "Feature", "properties": {"province": "Lanao del Sur", "municipality": "Marawi City", "barangay": "Boganga"}, "geometry": {"type": "Polygon", "coordinates": [[[124.31080019500007, 8.004524380000017], [124.31209940300005, 8.003306748000057], [124.3162618970001, 7.999531853000065], [124.31778759200006, 7.998247858000067], [124.31821987900004, 8.000930936000033], [124.31412633700006, 8.004566924000072], [124.312908547, 8.006935679000033], [124.31080019500007, 8.004524380000017]]]}}, {"type": "Feature", "properties": {"province": "Lanao del Sur", "municipality": "Marawi City", "barangay": "Boto Ambolong"}, "geometry": {"type": "Polygon", "coordinates": [[[124.31563107500006, 7.99738340700003], [124.31593328500004, 7.999289179000072], [124.31437225200011, 7.997779154000056], [124.31563107500006, 7.99738340700003]]]}}, {"type": "Feature", "properties": {"province": "Lanao del Sur", "municipality": "Marawi City", "barangay": "Bubonga Cadayonan"}, "geometry": {"type": "Polygon", "coordinates": [[[124.3116522380001, 7.993253419000039], [124.30845423400002, 7.996285034000038], [124.30748369400011, 7.995123251000051], [124.310834858, 7.993199763000065], [124.31224047900004, 7.991920979000041], [124.31260425200003, 7.992467470000064], [124.3116522380001, 7.993253419000039]]]}}, {"type": "Feature", "properties": {"province": "Lanao del Sur", "municipality": "Marawi City", "barangay": "Bubong Lumbac"}, "geometry": {"type": "Polygon", "coordinates": [[[124.27836416900004, 8.022676462000051], [124.275706538, 8.022884620000069], [124.27518812400001, 8.018439062000027], [124.27885001700008, 8.019442368000057], [124.27836416900004, 8.022676462000051]]]}}, {"type": "Feature", "properties": {"province": "Lanao del Sur", "municipality": "Marawi City", "barangay": "Bubonga Marawi"}, "geometry": {"type": "Polygon", "coordinates": [[[124.28701763100003, 8.002961423000047], [124.28641104500002, 8.00210863500007], [124.28616162000004, 8.001365907000034], [124.28640176700002, 7.998355795000065], [124.286574275, 7.997850141000073], [124.288089538, 7.999859953000053], [124.28880149600002, 8.000877899000045], [124.28701763100003, 8.002961423000047]]]}}, {"type": "Feature", "properties": {"province": "Lanao del Sur", "municipality": "Marawi City", "barangay": "Bubonga Punod"}, "geometry": {"type": "Polygon", "coordinates": [[[124.26293031100009, 8.010425112000064], [124.26239618400007, 8.016631008000045], [124.25173697700006, 8.00650554200007], [124.25601516200005, 8.007776221000029], [124.26293031100009, 8.010425112000064]]]}}, {"type": "Feature", "properties": {"province": "Lanao del Sur", "municipality": "Marawi City", "barangay": "Cabasaran"}, "geometry": {"type": "Polygon", "coordinates": [[[124.29883810500007, 8.039804772000027], [124.29842736500007, 8.06047215500007], [124.28390018200002, 8.053402696000035], [124.28292348600006, 8.03860911600003], [124.28553636500011, 8.031734701000062], [124.28584383700002, 8.027756229000031], [124.28871493600002, 8.026560421000054], [124.29883810500007, 8.039804772000027]]]}}, {"type": "Feature", "properties": {"province": "Lanao del Sur", "municipality": "Marawi City", "barangay": "Cabingan"}, "geometry": {"type": "Polygon", "coordinates": [[[124.25790962900008, 8.00112346800006], [124.25601516200005, 8.007776221000029], [124.25173697700006, 8.00650554200007], [124.25236609900003, 8.00063239900004], [124.25790962900008, 8.00112346800006]]]}}, {"type": "Feature", "properties": {"province": "Lanao del Sur", "municipality": "Marawi City", "barangay": "Cadayonan"}, "geometry": {"type": "Polygon", "coordinates": [[[124.275267557, 7.996374800000068], [124.27256011700001, 7.998524271000062], [124.26182189700012, 7.996989520000055], [124.25815740200005, 7.994217208000066], [124.26323920200002, 7.99162575300005], [124.2682836480001, 7.987775432000034], [124.27189442200006, 7.98725694700005], [124.27181458100007, 7.98868598100006], [124.27176653400011, 7.991445720000057], [124.27179535800008, 7.991971063000052], [124.27266131400008, 7.992922415000067], [124.275267557, 7.996374800000068]]]}}, {"type": "Feature", "properties": {"province": "Lanao del Sur", "municipality": "Marawi City", "barangay": "Cadayonan I"}, "geometry": {"type": "Polygon", "coordinates": [[[124.31321761000004, 7.993188775000023], [124.31260941300003, 7.994135522000024], [124.3116522380001, 7.993253419000039], [124.31260425200003, 7.992467470000064], [124.31321761000004, 7.993188775000023]]]}}, {"type": "Feature", "properties": {"province": "Lanao del Sur", "municipality": "Marawi City", "barangay": "Calocan East"}, "geometry": {"type": "Polygon", "coordinates": [[[124.30339422700001, 7.996320939000043], [124.30009302300006, 7.996334989000048], [124.30015308400004, 7.992008194000051], [124.30065047800007, 7.991091561000075], [124.30334554600007, 7.988087010000071], [124.3099601350001, 7.987381501000073], [124.30339422700001, 7.996320939000043]]]}}, {"type": "Feature", "properties": {"province": "Lanao del Sur", "municipality": "Marawi City", "barangay": "Calocan West"}, "geometry": {"type": "Polygon", "coordinates": [[[124.30334554600007, 7.988087010000071], [124.30065047800007, 7.991091561000075], [124.30164624100007, 7.988522337000063], [124.30334554600007, 7.988087010000071]]]}}, {"type": "Feature", "properties": {"province": "Lanao del Sur", "municipality": "Marawi City", "barangay": "Kormatan Matampay"}, "geometry": {"type": "Polygon", "coordinates": [[[124.31250104000003, 8.034723297000026], [124.31183270400005, 8.065834290000053], [124.29842736500007, 8.06047215500007], [124.29883810500007, 8.039804772000027], [124.31250104000003, 8.034723297000026]]]}}, {"type": "Feature", "properties": {"province": "Lanao del Sur", "municipality": "Marawi City", "barangay": "Daguduban"}, "geometry": {"type": "Polygon", "coordinates": [[[124.30046679400004, 8.00408788300007], [124.2974619670001, 8.007730027000036], [124.29355439900009, 8.005034426000067], [124.29545579100011, 8.002833712000042], [124.29664753400004, 8.00124887100003], [124.30046679400004, 8.00408788300007]]]}}, {"type": "Feature", "properties": {"province": "Lanao del Sur", "municipality": "Marawi City", "barangay": "Datu Sa Dansalan"}, "geometry": {"type": "Polygon", "coordinates": [[[124.29363258500007, 7.997131093000064], [124.29284058000009, 7.998240078000039], [124.29242593800008, 7.997898910000061], [124.2909069860001, 7.995933094000066], [124.29105519300003, 7.99574132000004], [124.29061383400004, 7.994678421000061], [124.2916101300001, 7.99392292300007], [124.29423591000011, 7.996439480000049], [124.29363258500007, 7.997131093000064]]]}}, {"type": "Feature", "properties": {"province": "Lanao del Sur", "municipality": "Marawi City", "barangay": "Dayawan"}, "geometry": {"type": "Polygon", "coordinates": [[[124.28040353900008, 7.985030845000039], [124.27181458100007, 7.98868598100006], [124.27189442200006, 7.98725694700005], [124.27587741700007, 7.984948782000059], [124.27805616400009, 7.982618818000049], [124.28040353900008, 7.985030845000039]]]}}, {"type": "Feature", "properties": {"province": "Lanao del Sur", "municipality": "Marawi City", "barangay": "Dimaluna"}, "geometry": {"type": "Polygon", "coordinates": [[[124.26846162000002, 8.00533681400003], [124.26651773100004, 8.010139397000046], [124.25790962900008, 8.00112346800006], [124.25236609900003, 8.00063239900004], [124.24564592900003, 7.991051155000033], [124.25251548200004, 7.98932029100007], [124.25815740200005, 7.994217208000066], [124.26182189700012, 7.996989520000055], [124.26846162000002, 8.00533681400003]]]}}, {"type": "Feature", "properties": {"province": "Lanao del Sur", "municipality": "Marawi City", "barangay": "Dulay"}, "geometry": {"type": "Polygon", "coordinates": [[[124.33163477400002, 8.033602691000052], [124.31250104000003, 8.034723297000026], [124.31441516300005, 8.02599272900005], [124.33555196000009, 8.027610603000028], [124.33163477400002, 8.033602691000052]]]}}, {"type": "Feature", "properties": {"province": "Lanao del Sur", "municipality": "Marawi City", "barangay": "Dulay West"}, "geometry": {"type": "Polygon", "coordinates": [[[124.33555196000009, 8.027610603000028], [124.31441516300005, 8.02599272900005], [124.31250104000003, 8.034723297000026], [124.30943907800007, 8.024162445000059], [124.30794734500012, 8.016497405000054], [124.31263357700006, 8.016469727000072], [124.323977548, 8.018838155000028], [124.33166728100002, 8.02065813400003], [124.33903663500007, 8.022717559000055], [124.33555196000009, 8.027610603000028]]]}}, {"type": "Feature", "properties": {"province": "Lanao del Sur", "municipality": "Marawi City", "barangay": "East Basak"}, "geometry": {"type": "Polygon", "coordinates": [[[124.27442402500004, 8.015630350000038], [124.27094939100006, 8.016168621000077], [124.270012414, 8.015657542000042], [124.27632101000006, 7.99795142800002], [124.2784237510001, 8.00134674000003], [124.2762138060001, 8.015482924000025], [124.27442402500004, 8.015630350000038]]]}}, {"type": "Feature", "properties": {"province": "Lanao del Sur", "municipality": "Marawi City", "barangay": "Emie Punud"}, "geometry": {"type": "Polygon", "coordinates": [[[124.275706538, 8.022884620000069], [124.27364624900008, 8.024699992000023], [124.26824924500012, 8.022082388000058], [124.27094939100006, 8.016168621000077], [124.27442402500004, 8.015630350000038], [124.27518812400001, 8.018439062000027], [124.275706538, 8.022884620000069]]]}}, {"type": "Feature", "properties": {"province": "Lanao del Sur", "municipality": "Marawi City", "barangay": "Fort"}, "geometry": {"type": "Polygon", "coordinates": [[[124.28616162000004, 8.001365907000034], [124.28361876600002, 8.000803006000067], [124.28640176700002, 7.998355795000065], [124.28616162000004, 8.001365907000034]]]}}, {"type": "Feature", "properties": {"province": "Lanao del Sur", "municipality": "Marawi City", "barangay": "Gadongan"}, "geometry": {"type": "Polygon", "coordinates": [[[124.31080019500007, 8.004524380000017], [124.30963116900011, 8.006971375000035], [124.30627368000012, 7.996306600000026], [124.30748369400011, 7.995123251000051], [124.30845423400002, 7.996285034000038], [124.30924226400009, 7.99751058100003], [124.30964307400008, 7.999384245000043], [124.31060687500009, 8.00072756000003], [124.31209940300005, 8.003306748000057], [124.31080019500007, 8.004524380000017]]]}}, {"type": "Feature", "properties": {"province": "Lanao del Sur", "municipality": "Marawi City", "barangay": "Buadi Sacayo"}, "geometry": {"type": "Polygon", "coordinates": [[[124.28275589700002, 8.003784192000069], [124.28275179000003, 8.001513044000033], [124.28361876600002, 8.000803006000067], [124.28616162000004, 8.001365907000034], [124.28641104500002, 8.00210863500007], [124.28275589700002, 8.003784192000069]]]}}, {"type": "Feature", "properties": {"province": "Lanao del Sur", "municipality": "Marawi City", "barangay": "Guimba"}, "geometry": {"type": "Polygon", "coordinates": [[[124.31250104000003, 8.034723297000026], [124.29883810500007, 8.039804772000027], [124.28871493600002, 8.026560421000054], [124.30000125000002, 8.025239634000055], [124.30943907800007, 8.024162445000059], [124.31250104000003, 8.034723297000026]]]}}, {"type": "Feature", "properties": {"province": "Lanao del Sur", "municipality": "Marawi City", "barangay": "Kapantaran"}, "geometry": {"type": "Polygon", "coordinates": [[[124.30301017600003, 8.001302906000035], [124.29636217500001, 7.995686823000029], [124.29567462100009, 7.994996593000051], [124.29633460700006, 7.994393131000037], [124.2977463410001, 7.993055725000032], [124.30009302300006, 7.996334989000048], [124.30339422700001, 7.996320939000043], [124.30480105100003, 7.99715823100007], [124.30301017600003, 8.001302906000035]]]}}, {"type": "Feature", "properties": {"province": "Lanao del Sur", "municipality": "Marawi City", "barangay": "Kilala"}, "geometry": {"type": "Polygon", "coordinates": [[[124.31974183000011, 8.001886166000078], [124.31263357700006, 8.016469727000072], [124.31044883200002, 8.011720136000063], [124.31412633700006, 8.004566924000072], [124.31821987900004, 8.000930936000033], [124.31974183000011, 8.001886166000078]]]}}, {"type": "Feature", "properties": {"province": "Lanao del Sur", "municipality": "Marawi City", "barangay": "Lilod Madaya"}, "geometry": {"type": "Polygon", "coordinates": [[[124.29500125000006, 8.002526523000029], [124.29372744200009, 8.002710414000036], [124.29184313600003, 8.001643730000069], [124.29232063200004, 8.000269192000076], [124.29500125000006, 8.002526523000029]]]}}, {"type": "Feature", "properties": {"province": "Lanao del Sur", "municipality": "Marawi City", "barangay": "Lilod Saduc"}, "geometry": {"type": "Polygon", "coordinates": [[[124.29826006300004, 8.015058218000036], [124.2912225110001, 8.008128740000075], [124.29140692500005, 8.006021733000068], [124.29355439900009, 8.005034426000067], [124.2974619670001, 8.007730027000036], [124.30149535800001, 8.011149218000071], [124.2985563650001, 8.014352336000059], [124.29826006300004, 8.015058218000036]]]}}, {"type": "Feature", "properties": {"province": "Lanao del Sur", "municipality": "Marawi City", "barangay": "Lomidong"}, "geometry": {"type": "Polygon", "coordinates": [[[124.26651773100004, 8.010139397000046], [124.26532365800006, 8.012404708000075], [124.26293031100009, 8.010425112000064], [124.25601516200005, 8.007776221000029], [124.25790962900008, 8.00112346800006], [124.26651773100004, 8.010139397000046]]]}}, {"type": "Feature", "properties": {"province": "Lanao del Sur", "municipality": "Marawi City", "barangay": "Lumbaca Madaya"}, "geometry": {"type": "Polygon", "coordinates": [[[124.29199185800009, 7.999413806000065], [124.29125501800002, 7.999568706000046], [124.28907155300011, 7.997927324000043], [124.29041849600003, 7.996577284000071], [124.29192750700007, 7.998459983000031], [124.29199185800009, 7.999413806000065]]]}}, {"type": "Feature", "properties": {"province": "Lanao del Sur", "municipality": "Marawi City", "barangay": "Lumbac Marinaut"}, "geometry": {"type": "Polygon", "coordinates": [[[124.29633460700006, 7.994393131000037], [124.29567462100009, 7.994996593000051], [124.29429306300005, 7.993473187000063], [124.2942745250001, 7.992847653000071], [124.29600406800012, 7.994101600000024], [124.29633460700006, 7.994393131000037]]]}}, {"type": "Feature", "properties": {"province": "Lanao del Sur", "municipality": "Marawi City", "barangay": "Lumbaca Toros"}, "geometry": {"type": "Polygon", "coordinates": [[[124.28234922700005, 7.989030981000041], [124.28246458800004, 7.990442134000034], [124.27864589500007, 7.989554100000023], [124.28234922700005, 7.989030981000041]]]}}, {"type": "Feature", "properties": {"province": "Lanao del Sur", "municipality": "Marawi City", "barangay": "Malimono"}, "geometry": {"type": "Polygon", "coordinates": [[[124.33163477400002, 8.033602691000052], [124.32340706900004, 8.070477115000076], [124.31183270400005, 8.065834290000053], [124.31250104000003, 8.034723297000026], [124.33163477400002, 8.033602691000052]]]}}, {"type": "Feature", "properties": {"province": "Lanao del Sur", "municipality": "Marawi City", "barangay": "Basak Malutlut"}, "geometry": {"type": "Polygon", "coordinates": [[[124.27632101000006, 7.99795142800002], [124.270012414, 8.015657542000042], [124.26914523800008, 8.015131493000068], [124.26532365800006, 8.012404708000075], [124.26651773100004, 8.010139397000046], [124.26846162000002, 8.00533681400003], [124.27256011700001, 7.998524271000062], [124.275267557, 7.996374800000068], [124.27632101000006, 7.99795142800002]]]}}, {"type": "Feature", "properties": {"province": "Lanao del Sur", "municipality": "Marawi City", "barangay": "Gadongan Mapantao"}, "geometry": {"type": "Polygon", "coordinates": [[[124.31023752500003, 8.00879433600005], [124.3059006740001, 8.009368005000056], [124.30412985800001, 8.007325712000068], [124.30218364700009, 8.005372291000073], [124.30301017600003, 8.001302906000035], [124.30480105100003, 7.99715823100007], [124.30627368000012, 7.996306600000026], [124.30963116900011, 8.006971375000035], [124.31023752500003, 8.00879433600005]]]}}, {"type": "Feature", "properties": {"province": "Lanao del Sur", "municipality": "Marawi City", "barangay": "Amito Marantao"}, "geometry": {"type": "Polygon", "coordinates": [[[124.27805616400009, 7.982618818000049], [124.27587741700007, 7.984948782000059], [124.27372193100007, 7.981978165000043], [124.27805616400009, 7.982618818000049]]]}}, {"type": "Feature", "properties": {"province": "Lanao del Sur", "municipality": "Marawi City", "barangay": "Marinaut East"}, "geometry": {"type": "Polygon", "coordinates": [[[124.2977463410001, 7.993055725000032], [124.29633460700006, 7.994393131000037], [124.29600406800012, 7.994101600000024], [124.29523453800005, 7.99163445600004], [124.29654903200004, 7.991116613000033], [124.2977463410001, 7.993055725000032]]]}}, {"type": "Feature", "properties": {"province": "Lanao del Sur", "municipality": "Marawi City", "barangay": "Marinaut West"}, "geometry": {"type": "Polygon", "coordinates": [[[124.29636217500001, 7.995686823000029], [124.29570176800007, 7.996382283000057], [124.29500595600008, 7.995674418000021], [124.29336111200007, 7.994033448000039], [124.29429306300005, 7.993473187000063], [124.29567462100009, 7.994996593000051], [124.29636217500001, 7.995686823000029]]]}}, {"type": "Feature", "properties": {"province": "Lanao del Sur", "municipality": "Marawi City", "barangay": "Matampay"}, "geometry": {"type": "Polygon", "coordinates": [[[124.28777055800003, 8.016415246000065], [124.28584704800006, 8.01642833300002], [124.28063150900005, 8.015673452000044], [124.279741757, 8.015038322000066], [124.2800098550001, 8.00965179800005], [124.28689937800004, 8.00827361900002], [124.28755851400003, 8.012197657000058], [124.28777055800003, 8.016415246000065]]]}}, {"type": "Feature", "properties": {"province": "Lanao del Sur", "municipality": "Marawi City", "barangay": "Pantaon"}, "geometry": {"type": "Polygon", "coordinates": [[[124.31263357700006, 8.016469727000072], [124.30794734500012, 8.016497405000054], [124.3059006740001, 8.009368005000056], [124.31023752500003, 8.00879433600005], [124.31044883200002, 8.011720136000063], [124.31263357700006, 8.016469727000072]]]}}, {"type": "Feature", "properties": {"province": "Lanao del Sur", "municipality": "Marawi City", "barangay": "Mipaga Proper"}, "geometry": {"type": "Polygon", "coordinates": [[[124.28584383700002, 8.027756229000031], [124.28553636500011, 8.031734701000062], [124.27364624900008, 8.024699992000023], [124.275706538, 8.022884620000069], [124.27836416900004, 8.022676462000051], [124.28206314500005, 8.023418461000064], [124.28364950900004, 8.02371489400002], [124.28627289600001, 8.024631335000038], [124.28584383700002, 8.027756229000031]]]}}, {"type": "Feature", "properties": {"province": "Lanao del Sur", "municipality": "Marawi City", "barangay": "Moncado Colony"}, "geometry": {"type": "Polygon", "coordinates": [[[124.29570176800007, 7.996382283000057], [124.29575471700004, 7.999186707000033], [124.29363258500007, 7.997131093000064], [124.29423591000011, 7.996439480000049], [124.29500595600008, 7.995674418000021], [124.29570176800007, 7.996382283000057]]]}}, {"type": "Feature", "properties": {"province": "Lanao del Sur", "municipality": "Marawi City", "barangay": "Moncado Kadingilan"}, "geometry": {"type": "Polygon", "coordinates": [[[124.30301017600003, 8.001302906000035], [124.30218364700009, 8.005372291000073], [124.30046679400004, 8.00408788300007], [124.29664753400004, 8.00124887100003], [124.295147003, 7.999962284000052], [124.29575471700004, 7.999186707000033], [124.29570176800007, 7.996382283000057], [124.29636217500001, 7.995686823000029], [124.30301017600003, 8.001302906000035]]]}}, {"type": "Feature", "properties": {"province": "Lanao del Sur", "municipality": "Marawi City", "barangay": "Moriatao Loksadato"}, "geometry": {"type": "Polygon", "coordinates": [[[124.2816489820001, 8.001421599000023], [124.2784237510001, 8.00134674000003], [124.27632101000006, 7.99795142800002], [124.275267557, 7.996374800000068], [124.27924694100011, 7.995102221000023], [124.2816489820001, 8.001421599000023]]]}}, {"type": "Feature", "properties": {"province": "Lanao del Sur", "municipality": "Marawi City", "barangay": "Datu Naga"}, "geometry": {"type": "Polygon", "coordinates": [[[124.29500595600008, 7.995674418000021], [124.29423591000011, 7.996439480000049], [124.2916101300001, 7.99392292300007], [124.29336111200007, 7.994033448000039], [124.29500595600008, 7.995674418000021]]]}}, {"type": "Feature", "properties": {"province": "Lanao del Sur", "municipality": "Marawi City", "barangay": "Navarro"}, "geometry": {"type": "Polygon", "coordinates": [[[124.28689937800004, 8.00827361900002], [124.2800098550001, 8.00965179800005], [124.28275589700002, 8.003784192000069], [124.28641104500002, 8.00210863500007], [124.28701763100003, 8.002961423000047], [124.28821419400003, 8.004300098000044], [124.28689937800004, 8.00827361900002]]]}}, {"type": "Feature", "properties": {"province": "Lanao del Sur", "municipality": "Marawi City", "barangay": "Olawa Ambolong"}, "geometry": {"type": "Polygon", "coordinates": [[[124.31397506500002, 7.997078041000066], [124.31060687500009, 8.00072756000003], [124.30964307400008, 7.999384245000043], [124.31456912400006, 7.99488745900004], [124.31517553900007, 7.996347998000034], [124.31397506500002, 7.997078041000066]]]}}, {"type": "Feature", "properties": {"province": "Lanao del Sur", "municipality": "Marawi City", "barangay": "Pagalamatan Gambai"}, "geometry": {"type": "Polygon", "coordinates": [[[124.31456912400006, 7.99488745900004], [124.30964307400008, 7.999384245000043], [124.30924226400009, 7.99751058100003], [124.31260941300003, 7.994135522000024], [124.31321761000004, 7.993188775000023], [124.31456912400006, 7.99488745900004]]]}}, {"type": "Feature", "properties": {"province": "Lanao del Sur", "municipality": "Marawi City", "barangay": "Pagayawan"}, "geometry": {"type": "Polygon", "coordinates": [[[124.31224047900004, 7.991920979000041], [124.310834858, 7.993199763000065], [124.311744931, 7.99143379700007], [124.31224047900004, 7.991920979000041]]]}}, {"type": "Feature", "properties": {"province": "Lanao del Sur", "municipality": "Marawi City", "barangay": "Panggao Saduc"}, "geometry": {"type": "Polygon", "coordinates": [[[124.2912225110001, 8.008128740000075], [124.28755851400003, 8.012197657000058], [124.28689937800004, 8.00827361900002], [124.28821419400003, 8.004300098000044], [124.289748776, 8.00420811300006], [124.29140692500005, 8.006021733000068], [124.2912225110001, 8.008128740000075]]]}}, {"type": "Feature", "properties": {"province": "Lanao del Sur", "municipality": "Marawi City", "barangay": "Papandayan"}, "geometry": {"type": "Polygon", "coordinates": [[[124.30794734500012, 8.016497405000054], [124.2985563650001, 8.014352336000059], [124.30149535800001, 8.011149218000071], [124.30412985800001, 8.007325712000068], [124.3059006740001, 8.009368005000056], [124.30794734500012, 8.016497405000054]]]}}, {"type": "Feature", "properties": {"province": "Lanao del Sur", "municipality": "Marawi City", "barangay": "Paridi"}, "geometry": {"type": "Polygon", "coordinates": [[[124.3162618970001, 7.999531853000065], [124.31209940300005, 8.003306748000057], [124.31060687500009, 8.00072756000003], [124.31397506500002, 7.997078041000066], [124.31437225200011, 7.997779154000056], [124.31593328500004, 7.999289179000072], [124.3162618970001, 7.999531853000065]]]}}, {"type": "Feature", "properties": {"province": "Lanao del Sur", "municipality": "Marawi City", "barangay": "Patani"}, "geometry": {"type": "Polygon", "coordinates": [[[124.33222343600004, 8.00090978700007], [124.33166728100002, 8.02065813400003], [124.323977548, 8.018838155000028], [124.32382735500005, 8.003296609000076], [124.33222343600004, 8.00090978700007]]]}}, {"type": "Feature", "properties": {"province": "Lanao del Sur", "municipality": "Marawi City", "barangay": "Pindolonan"}, "geometry": {"type": "Polygon", "coordinates": [[[124.28070120600013, 7.98643576400002], [124.27176653400011, 7.991445720000057], [124.27181458100007, 7.98868598100006], [124.28040353900008, 7.985030845000039], [124.28070120600013, 7.98643576400002]]]}}, {"type": "Feature", "properties": {"province": "Lanao del Sur", "municipality": "Marawi City", "barangay": "Poona Marantao"}, "geometry": {"type": "Polygon", "coordinates": [[[124.27189442200006, 7.98725694700005], [124.2682836480001, 7.987775432000034], [124.27372193100007, 7.981978165000043], [124.27587741700007, 7.984948782000059], [124.27189442200006, 7.98725694700005]]]}}, {"type": "Feature", "properties": {"province": "Lanao del Sur", "municipality": "Marawi City", "barangay": "Pugaan"}, "geometry": {"type": "Polygon", "coordinates": [[[124.33222343600004, 8.00090978700007], [124.33903663500007, 8.022717559000055], [124.33166728100002, 8.02065813400003], [124.33222343600004, 8.00090978700007]]]}}, {"type": "Feature", "properties": {"province": "Lanao del Sur", "municipality": "Marawi City", "barangay": "Rapasun MSU"}, "geometry": {"type": "Polygon", "coordinates": [[[124.25815740200005, 7.994217208000066], [124.25251548200004, 7.98932029100007], [124.26323920200002, 7.99162575300005], [124.25815740200005, 7.994217208000066]]]}}, {"type": "Feature", "properties": {"province": "Lanao del Sur", "municipality": "Marawi City", "barangay": "Raya Madaya I"}, "geometry": {"type": "Polygon", "coordinates": [[[124.29093428400006, 8.00002618600007], [124.28911153900003, 8.001324684000053], [124.28880149600002, 8.000877899000045], [124.288089538, 7.999859953000053], [124.288540172, 7.998387562000062], [124.29093428400006, 8.00002618600007]]]}}, {"type": "Feature", "properties": {"province": "Lanao del Sur", "municipality": "Marawi City", "barangay": "Raya Madaya II"}, "geometry": {"type": "Polygon", "coordinates": [[[124.29125501800002, 7.999568706000046], [124.29093428400006, 8.00002618600007], [124.288540172, 7.998387562000062], [124.28907155300011, 7.997927324000043], [124.29125501800002, 7.999568706000046]]]}}, {"type": "Feature", "properties": {"province": "Lanao del Sur", "municipality": "Marawi City", "barangay": "Raya Saduc"}, "geometry": {"type": "Polygon", "coordinates": [[[124.289748776, 8.00420811300006], [124.28821419400003, 8.004300098000044], [124.28701763100003, 8.002961423000047], [124.28880149600002, 8.000877899000045], [124.28911153900003, 8.001324684000053], [124.28934407200005, 8.001660686000037], [124.289748776, 8.00420811300006]]]}}, {"type": "Feature", "properties": {"province": "Lanao del Sur", "municipality": "Marawi City", "barangay": "Rorogagus Proper"}, "geometry": {"type": "Polygon", "coordinates": [[[124.2921085260001, 8.016518714000028], [124.28627289600001, 8.024631335000038], [124.28364950900004, 8.02371489400002], [124.28444153000011, 8.019843137000064], [124.28584704800006, 8.01642833300002], [124.28777055800003, 8.016415246000065], [124.2921085260001, 8.016518714000028]]]}}, {"type": "Feature", "properties": {"province": "Lanao del Sur", "municipality": "Marawi City", "barangay": "Rorogagus East"}, "geometry": {"type": "Polygon", "coordinates": [[[124.28871493600002, 8.026560421000054], [124.28584383700002, 8.027756229000031], [124.28627289600001, 8.024631335000038], [124.2921085260001, 8.016518714000028], [124.29890752700011, 8.01660128000003], [124.30000125000002, 8.025239634000055], [124.28871493600002, 8.026560421000054]]]}}, {"type": "Feature", "properties": {"province": "Lanao del Sur", "municipality": "Marawi City", "barangay": "Sabala Manao"}, "geometry": {"type": "Polygon", "coordinates": [[[124.29192750700007, 7.998459983000031], [124.29041849600003, 7.996577284000071], [124.2909069860001, 7.995933094000066], [124.29242593800008, 7.997898910000061], [124.29192750700007, 7.998459983000031]]]}}, {"type": "Feature", "properties": {"province": "Lanao del Sur", "municipality": "Marawi City", "barangay": "Sabala Manao Proper"}, "geometry": {"type": "Polygon", "coordinates": [[[124.295147003, 7.999962284000052], [124.29262032300004, 7.999818423000022], [124.29199185800009, 7.999413806000065], [124.29192750700007, 7.998459983000031], [124.29242593800008, 7.997898910000061], [124.29284058000009, 7.998240078000039], [124.295147003, 7.999962284000052]]]}}, {"type": "Feature", "properties": {"province": "Lanao del Sur", "municipality": "Marawi City", "barangay": "Saduc Proper"}, "geometry": {"type": "Polygon", "coordinates": [[[124.29355439900009, 8.005034426000067], [124.29140692500005, 8.006021733000068], [124.289748776, 8.00420811300006], [124.28934407200005, 8.001660686000037], [124.29138657500005, 8.002552207000063], [124.2928608520001, 8.004102491000028], [124.29355439900009, 8.005034426000067]]]}}, {"type": "Feature", "properties": {"province": "Lanao del Sur", "municipality": "Marawi City", "barangay": "Sagonsongan"}, "geometry": {"type": "Polygon", "coordinates": [[[124.26840652700004, 8.014604406000048], [124.26429542800008, 8.01724659100006], [124.26239618400007, 8.016631008000045], [124.26293031100009, 8.010425112000064], [124.26532365800006, 8.012404708000075], [124.26840652700004, 8.014604406000048]]]}}, {"type": "Feature", "properties": {"province": "Lanao del Sur", "municipality": "Marawi City", "barangay": "Sangcay Dansalan"}, "geometry": {"type": "Polygon", "coordinates": [[[124.29575471700004, 7.999186707000033], [124.295147003, 7.999962284000052], [124.29284058000009, 7.998240078000039], [124.29363258500007, 7.997131093000064], [124.29575471700004, 7.999186707000033]]]}}, {"type": "Feature", "properties": {"province": "Lanao del Sur", "municipality": "Marawi City", "barangay": "Somiorang"}, "geometry": {"type": "Polygon", "coordinates": [[[124.28444153000011, 8.019843137000064], [124.28364950900004, 8.02371489400002], [124.28206314500005, 8.023418461000064], [124.28265580000006, 8.019361259000052], [124.28444153000011, 8.019843137000064]]]}}, {"type": "Feature", "properties": {"province": "Lanao del Sur", "municipality": "Marawi City", "barangay": "South Madaya Proper"}, "geometry": {"type": "Polygon", "coordinates": [[[124.29372744200009, 8.002710414000036], [124.2928608520001, 8.004102491000028], [124.29138657500005, 8.002552207000063], [124.29184313600003, 8.001643730000069], [124.29372744200009, 8.002710414000036]]]}}, {"type": "Feature", "properties": {"province": "Lanao del Sur", "municipality": "Marawi City", "barangay": "Sugod Proper"}, "geometry": {"type": "Polygon", "coordinates": [[[124.32382735500005, 8.003296609000076], [124.323977548, 8.018838155000028], [124.31263357700006, 8.016469727000072], [124.31974183000011, 8.001886166000078], [124.32382735500005, 8.003296609000076]]]}}, {"type": "Feature", "properties": {"province": "Lanao del Sur", "municipality": "Marawi City", "barangay": "Tampilong"}, "geometry": {"type": "Polygon", "coordinates": [[[124.29890752700011, 8.01660128000003], [124.2921085260001, 8.016518714000028], [124.28777055800003, 8.016415246000065], [124.28755851400003, 8.012197657000058], [124.2912225110001, 8.008128740000075], [124.29826006300004, 8.015058218000036], [124.29890752700011, 8.01660128000003]]]}}, {"type": "Feature", "properties": {"province": "Lanao del Sur", "municipality": "Marawi City", "barangay": "Timbangalan"}, "geometry": {"type": "Polygon", "coordinates": [[[124.30627368000012, 7.996306600000026], [124.30480105100003, 7.99715823100007], [124.30339422700001, 7.996320939000043], [124.3099601350001, 7.987381501000073], [124.311744931, 7.99143379700007], [124.310834858, 7.993199763000065], [124.30748369400011, 7.995123251000051], [124.30627368000012, 7.996306600000026]]]}}, {"type": "Feature", "properties": {"province": "Lanao del Sur", "municipality": "Marawi City", "barangay": "Tuca Ambolong"}, "geometry": {"type": "Polygon", "coordinates": [[[124.31778759200006, 7.998247858000067], [124.3162618970001, 7.999531853000065], [124.31593328500004, 7.999289179000072], [124.31563107500006, 7.99738340700003], [124.31585002700001, 7.996653179000021], [124.31778759200006, 7.998247858000067]]]}}, {"type": "Feature", "properties": {"province": "Lanao del Sur", "municipality": "Marawi City", "barangay": "Tolali"}, "geometry": {"type": "Polygon", "coordinates": [[[124.30412985800001, 8.007325712000068], [124.30149535800001, 8.011149218000071], [124.2974619670001, 8.007730027000036], [124.30046679400004, 8.00408788300007], [124.30218364700009, 8.005372291000073], [124.30412985800001, 8.007325712000068]]]}}, {"type": "Feature", "properties": {"province": "Lanao del Sur", "municipality": "Marawi City", "barangay": "Toros"}, "geometry": {"type": "Polygon", "coordinates": [[[124.28213282200012, 7.991184125000074], [124.27266131400008, 7.992922415000067], [124.27179535800008, 7.991971063000052], [124.27864589500007, 7.989554100000023], [124.28246458800004, 7.990442134000034], [124.28213282200012, 7.991184125000074]]]}}, {"type": "Feature", "properties": {"province": "Lanao del Sur", "municipality": "Marawi City", "barangay": "Tuca"}, "geometry": {"type": "Polygon", "coordinates": [[[124.27864589500007, 7.989554100000023], [124.27179535800008, 7.991971063000052], [124.27176653400011, 7.991445720000057], [124.28070120600013, 7.98643576400002], [124.28234922700005, 7.989030981000041], [124.27864589500007, 7.989554100000023]]]}}, {"type": "Feature", "properties": {"province": "Lanao del Sur", "municipality": "Marawi City", "barangay": "Tuca Marinaut"}, "geometry": {"type": "Polygon", "coordinates": [[[124.29523453800005, 7.99163445600004], [124.29600406800012, 7.994101600000024], [124.2942745250001, 7.992847653000071], [124.29523453800005, 7.99163445600004]]]}}, {"type": "Feature", "properties": {"province": "Lanao del Sur", "municipality": "Marawi City", "barangay": "Tongantongan-Tuca Timbangalan"}, "geometry": {"type": "Polygon", "coordinates": [[[124.31260941300003, 7.994135522000024], [124.30924226400009, 7.99751058100003], [124.30845423400002, 7.996285034000038], [124.3116522380001, 7.993253419000039], [124.31260941300003, 7.994135522000024]]]}}, {"type": "Feature", "properties": {"province": "Lanao del Sur", "municipality": "Marawi City", "barangay": "Wawalayan Calocan"}, "geometry": {"type": "Polygon", "coordinates": [[[124.30065047800007, 7.991091561000075], [124.30015308400004, 7.992008194000051], [124.2986938570001, 7.989801922000026], [124.30164624100007, 7.988522337000063], [124.30065047800007, 7.991091561000075]]]}}, {"type": "Feature", "properties": {"province": "Lanao del Sur", "municipality": "Marawi City", "barangay": "Wawalayan Marinaut"}, "geometry": {"type": "Polygon", "coordinates": [[[124.30015308400004, 7.992008194000051], [124.30009302300006, 7.996334989000048], [124.2977463410001, 7.993055725000032], [124.29654903200004, 7.991116613000033], [124.2986938570001, 7.989801922000026], [124.30015308400004, 7.992008194000051]]]}}, {"type": "Feature", "properties": {"province": "Lanao del Sur", "municipality": "Marawi City", "barangay": "Marawi Poblacion"}, "geometry": {"type": "Polygon", "coordinates": [[[124.279741757, 8.015038322000066], [124.2762138060001, 8.015482924000025], [124.2784237510001, 8.00134674000003], [124.2816489820001, 8.001421599000023], [124.28275179000003, 8.001513044000033], [124.28275589700002, 8.003784192000069], [124.2800098550001, 8.00965179800005], [124.279741757, 8.015038322000066]]]}}, {"type": "Feature", "properties": {"province": "Lanao del Sur", "municipality": "Marawi City", "barangay": "Norhaya Village"}, "geometry": {"type": "Polygon", "coordinates": [[[124.29664753400004, 8.00124887100003], [124.29545579100011, 8.002833712000042], [124.29500125000006, 8.002526523000029], [124.29232063200004, 8.000269192000076], [124.29262032300004, 7.999818423000022], [124.295147003, 7.999962284000052], [124.29664753400004, 8.00124887100003]]]}}, {"type": "Feature", "properties": {"province": "Lanao del Sur", "municipality": "Marawi City", "barangay": "Papandayan Caniogan"}, "geometry": {"type": "Polygon", "coordinates": [[[124.30943907800007, 8.024162445000059], [124.30000125000002, 8.025239634000055], [124.29890752700011, 8.01660128000003], [124.29826006300004, 8.015058218000036], [124.2985563650001, 8.014352336000059], [124.30794734500012, 8.016497405000054], [124.30943907800007, 8.024162445000059]]]}}, {"type": "Feature", "properties": {"province": "Lanao del Sur", "municipality": "Marawi City", "barangay": "Boganga II  1"}, "geometry": {"type": "Polygon", "coordinates": [[[124.312908547, 8.006935679000033], [124.31044883200002, 8.011720136000063], [124.31023752500003, 8.00879433600005], [124.30963116900011, 8.006971375000035], [124.31080019500007, 8.004524380000017], [124.312908547, 8.006935679000033]]]}}, {"type": "Feature", "properties": {"province": "Lanao del Sur", "municipality": "Marawi City", "barangay": "Datu Dalidigan 2"}, "geometry": {"type": "Polygon", "coordinates": [[[124.26840652700004, 8.014604406000048], [124.26914523800008, 8.015131493000068], [124.270012414, 8.015657542000042], [124.27094939100006, 8.016168621000077], [124.26824924500012, 8.022082388000058], [124.26429542800008, 8.01724659100006], [124.26840652700004, 8.014604406000048]]]}}, {"type": "Feature", "properties": {"province": "Lanao del Sur", "municipality": "Kapai", "barangay": "Cormatan"}, "geometry": {"type": "Polygon", "coordinates": [[[124.37817182300012, 8.084703826000066], [124.3701175870001, 8.11938018600006], [124.35970774600003, 8.115491262000035], [124.36982582500002, 8.08554461400007], [124.37817182300012, 8.084703826000066]]]}}, {"type": "Feature", "properties": {"province": "Lanao del Sur", "municipality": "Kapai", "barangay": "Dimagaling"}, "geometry": {"type": "Polygon", "coordinates": [[[124.37817182300012, 8.084703826000066], [124.36982582500002, 8.08554461400007], [124.36315652600001, 8.076516843000036], [124.37618224100004, 8.071520041000044], [124.38820845300005, 8.068315757000049], [124.38928169400003, 8.074196820000054], [124.38209808800002, 8.084417553000039], [124.37817182300012, 8.084703826000066]]]}}, {"type": "Feature", "properties": {"province": "Lanao del Sur", "municipality": "Kapai", "barangay": "Dimunda"}, "geometry": {"type": "Polygon", "coordinates": [[[124.37618224100004, 8.071520041000044], [124.36315652600001, 8.076516843000036], [124.3587625880001, 8.071705921000042], [124.3707631960001, 8.058698396000072], [124.37424205100002, 8.063685118000022], [124.37618224100004, 8.071520041000044]]]}}, {"type": "Feature", "properties": {"province": "Lanao del Sur", "municipality": "Kapai", "barangay": "Doronan"}, "geometry": {"type": "Polygon", "coordinates": [[[124.39903210600006, 8.106881732000033], [124.39061839300007, 8.113394456000037], [124.38209808800002, 8.084417553000039], [124.38928169400003, 8.074196820000054], [124.39903210600006, 8.106881732000033]]]}}, {"type": "Feature", "properties": {"province": "Lanao del Sur", "municipality": "Kapai", "barangay": "Poblacion"}, "geometry": {"type": "Polygon", "coordinates": [[[124.39850493500012, 8.070327272000043], [124.39903210600006, 8.106881732000033], [124.38928169400003, 8.074196820000054], [124.38820845300005, 8.068315757000049], [124.39850493500012, 8.070327272000043]]]}}, {"type": "Feature", "properties": {"province": "Lanao del Sur", "municipality": "Kapai", "barangay": "Malna Proper"}, "geometry": {"type": "Polygon", "coordinates": [[[124.39061839300007, 8.113394456000037], [124.3701175870001, 8.11938018600006], [124.37817182300012, 8.084703826000066], [124.38209808800002, 8.084417553000039], [124.39061839300007, 8.113394456000037]]]}}, {"type": "Feature", "properties": {"province": "Lanao del Sur", "municipality": "Kapai", "barangay": "Pagalongan"}, "geometry": {"type": "Polygon", "coordinates": [[[124.37007162900011, 8.023347346000039], [124.35386047000007, 8.046277815000051], [124.34907549000003, 8.044401205000044], [124.35878115900005, 8.029840645000036], [124.37007162900011, 8.023347346000039]]]}}, {"type": "Feature", "properties": {"province": "Lanao del Sur", "municipality": "Kapai", "barangay": "Parao"}, "geometry": {"type": "Polygon", "coordinates": [[[124.37898752000002, 8.034942384000031], [124.35019264900006, 8.063218523000048], [124.34440098500012, 8.051710289000026], [124.34907549000003, 8.044401205000044], [124.35386047000007, 8.046277815000051], [124.37492011000006, 8.03036781000003], [124.37898752000002, 8.034942384000031]]]}}, {"type": "Feature", "properties": {"province": "Lanao del Sur", "municipality": "Kapai", "barangay": "Kasayanan"}, "geometry": {"type": "Polygon", "coordinates": [[[124.33783773000005, 8.072735947000071], [124.33576613800004, 8.078438579000023], [124.32942806400001, 8.039759954000033], [124.3375691750001, 8.046449010000057], [124.34440098500012, 8.051710289000026], [124.33783773000005, 8.072735947000071]]]}}, {"type": "Feature", "properties": {"province": "Lanao del Sur", "municipality": "Kapai", "barangay": "Kasayanan West"}, "geometry": {"type": "Polygon", "coordinates": [[[124.35277204700004, 8.098820758000045], [124.34645435300001, 8.108785327000021], [124.33576613800004, 8.078438579000023], [124.33783773000005, 8.072735947000071], [124.35277204700004, 8.098820758000045]]]}}, {"type": "Feature", "properties": {"province": "Lanao del Sur", "municipality": "Kapai", "barangay": "Dilabayan"}, "geometry": {"type": "Polygon", "coordinates": [[[124.37492011000006, 8.03036781000003], [124.35386047000007, 8.046277815000051], [124.37007162900011, 8.023347346000039], [124.38328419100003, 8.020698353000055], [124.37492011000006, 8.03036781000003]]]}}, {"type": "Feature", "properties": {"province": "Lanao del Sur", "municipality": "Kapai", "barangay": "Dilimbayan"}, "geometry": {"type": "Polygon", "coordinates": [[[124.34907549000003, 8.044401205000044], [124.34440098500012, 8.051710289000026], [124.3375691750001, 8.046449010000057], [124.35040105600001, 8.023939764000032], [124.35878115900005, 8.029840645000036], [124.34907549000003, 8.044401205000044]]]}}, {"type": "Feature", "properties": {"province": "Lanao del Sur", "municipality": "Kapai", "barangay": "Kibolos"}, "geometry": {"type": "Polygon", "coordinates": [[[124.41372423500003, 8.035312037000041], [124.39720768000007, 8.054707431000054], [124.37898752000002, 8.034942384000031], [124.37492011000006, 8.03036781000003], [124.38328419100003, 8.020698353000055], [124.41372423500003, 8.035312037000041]]]}}, {"type": "Feature", "properties": {"province": "Lanao del Sur", "municipality": "Kapai", "barangay": "Kining"}, "geometry": {"type": "Polygon", "coordinates": [[[124.36982582500002, 8.08554461400007], [124.35970774600003, 8.115491262000035], [124.34645435300001, 8.108785327000021], [124.35277204700004, 8.098820758000045], [124.36315652600001, 8.076516843000036], [124.36982582500002, 8.08554461400007]]]}}, {"type": "Feature", "properties": {"province": "Lanao del Sur", "municipality": "Kapai", "barangay": "Pindolonan"}, "geometry": {"type": "Polygon", "coordinates": [[[124.3707631960001, 8.058698396000072], [124.3587625880001, 8.071705921000042], [124.35019264900006, 8.063218523000048], [124.37898752000002, 8.034942384000031], [124.3707631960001, 8.058698396000072]]]}}, {"type": "Feature", "properties": {"province": "Lanao del Sur", "municipality": "Kapai", "barangay": "Babayog"}, "geometry": {"type": "Polygon", "coordinates": [[[124.41372423500003, 8.035312037000041], [124.39850493500012, 8.070327272000043], [124.38820845300005, 8.068315757000049], [124.39286542600006, 8.059513339000032], [124.39720768000007, 8.054707431000054], [124.41372423500003, 8.035312037000041]]]}}, {"type": "Feature", "properties": {"province": "Lanao del Sur", "municipality": "Kapai", "barangay": "Gadongan"}, "geometry": {"type": "Polygon", "coordinates": [[[124.38820845300005, 8.068315757000049], [124.37618224100004, 8.071520041000044], [124.37424205100002, 8.063685118000022], [124.39286542600006, 8.059513339000032], [124.38820845300005, 8.068315757000049]]]}}, {"type": "Feature", "properties": {"province": "Lanao del Sur", "municipality": "Kapai", "barangay": "Lidasan"}, "geometry": {"type": "Polygon", "coordinates": [[[124.35040105600001, 8.023939764000032], [124.3375691750001, 8.046449010000057], [124.32942806400001, 8.039759954000033], [124.35040105600001, 8.023939764000032]]]}}, {"type": "Feature", "properties": {"province": "Lanao del Sur", "municipality": "Kapai", "barangay": "Macadar"}, "geometry": {"type": "Polygon", "coordinates": [[[124.36315652600001, 8.076516843000036], [124.35277204700004, 8.098820758000045], [124.33783773000005, 8.072735947000071], [124.34440098500012, 8.051710289000026], [124.35019264900006, 8.063218523000048], [124.3587625880001, 8.071705921000042], [124.36315652600001, 8.076516843000036]]]}}, {"type": "Feature", "properties": {"province": "Lanao del Sur", "municipality": "Kapai", "barangay": "Pantaon"}, "geometry": {"type": "Polygon", "coordinates": [[[124.39286542600006, 8.059513339000032], [124.37424205100002, 8.063685118000022], [124.3707631960001, 8.058698396000072], [124.37898752000002, 8.034942384000031], [124.39720768000007, 8.054707431000054], [124.39286542600006, 8.059513339000032]]]}}, {"type": "Feature", "properties": {"province": "Lanao del Sur", "municipality": "Marantao", "barangay": "Bacayawan"}, "geometry": {"type": "Polygon", "coordinates": [[[124.22436889600009, 7.930836778000069], [124.22061738400011, 7.928745857000026], [124.2273565910001, 7.923684690000071], [124.22436889600009, 7.930836778000069]]]}}, {"type": "Feature", "properties": {"province": "Lanao del Sur", "municipality": "Marantao", "barangay": "Cawayan Bacolod"}, "geometry": {"type": "Polygon", "coordinates": [[[124.23536492200003, 7.95325725500004], [124.2260258550001, 7.960487336000027], [124.22043959200005, 7.956214946000046], [124.23120448500005, 7.948649239000074], [124.23448986500011, 7.946756975000031], [124.2356733790001, 7.947649294000029], [124.23536492200003, 7.95325725500004]]]}}, {"type": "Feature", "properties": {"province": "Lanao del Sur", "municipality": "Marantao", "barangay": "Bacong"}, "geometry": {"type": "Polygon", "coordinates": [[[124.26991417300009, 7.981220833000065], [124.26810159800006, 7.987547863000032], [124.2635464000001, 7.982776971000019], [124.26991417300009, 7.981220833000065]]]}}, {"type": "Feature", "properties": {"province": "Lanao del Sur", "municipality": "Marantao", "barangay": "Camalig Bandara Ingud"}, "geometry": {"type": "Polygon", "coordinates": [[[124.24055394000004, 7.971247441000059], [124.23410564500011, 7.973733531000051], [124.2409747820001, 7.960662667000066], [124.2457465350001, 7.955292977000056], [124.25162825300002, 7.959987824000055], [124.24055394000004, 7.971247441000059]]]}}, {"type": "Feature", "properties": {"province": "Lanao del Sur", "municipality": "Marantao", "barangay": "Camalig Bubong"}, "geometry": {"type": "Polygon", "coordinates": [[[124.2409747820001, 7.960662667000066], [124.23410564500011, 7.973733531000051], [124.23150813200006, 7.965191289000073], [124.24015521900003, 7.952944184000045], [124.24551601400002, 7.953542430000027], [124.2409747820001, 7.960662667000066]]]}}, {"type": "Feature", "properties": {"province": "Lanao del Sur", "municipality": "Marantao", "barangay": "Camalig"}, "geometry": {"type": "Polygon", "coordinates": [[[124.2457465350001, 7.955292977000056], [124.2409747820001, 7.960662667000066], [124.24551601400002, 7.953542430000027], [124.2457465350001, 7.955292977000056]]]}}, {"type": "Feature", "properties": {"province": "Lanao del Sur", "municipality": "Marantao", "barangay": "Inudaran Campong"}, "geometry": {"type": "Polygon", "coordinates": [[[124.23337378700013, 7.935999274000038], [124.19432308800002, 7.959234541000056], [124.19288459300003, 7.95798165800005], [124.22909394300007, 7.933539842000074], [124.23337378700013, 7.935999274000038]]]}}, {"type": "Feature", "properties": {"province": "Lanao del Sur", "municipality": "Marantao", "barangay": "Cawayan"}, "geometry": {"type": "Polygon", "coordinates": [[[124.22043959200005, 7.956214946000046], [124.20348049900008, 7.967759793000029], [124.19842698000004, 7.96266510300006], [124.22893082500003, 7.947514444000034], [124.23120448500005, 7.948649239000074], [124.22043959200005, 7.956214946000046]]]}}, {"type": "Feature", "properties": {"province": "Lanao del Sur", "municipality": "Marantao", "barangay": "Daanaingud"}, "geometry": {"type": "Polygon", "coordinates": [[[124.26991417300009, 7.981220833000065], [124.2635464000001, 7.982776971000019], [124.26231319700004, 7.980316528000061], [124.26355945000013, 7.979310568000074], [124.26943618800011, 7.977912411000032], [124.26991417300009, 7.981220833000065]]]}}, {"type": "Feature", "properties": {"province": "Lanao del Sur", "municipality": "Marantao", "barangay": "Cawayan Kalaw"}, "geometry": {"type": "Polygon", "coordinates": [[[124.22893082500003, 7.947514444000034], [124.19842698000004, 7.96266510300006], [124.196040002, 7.960673037000047], [124.23416142700013, 7.943471019000071], [124.23347255200007, 7.946402420000027], [124.22893082500003, 7.947514444000034]]]}}, {"type": "Feature", "properties": {"province": "Lanao del Sur", "municipality": "Marantao", "barangay": "Kialdan"}, "geometry": {"type": "Polygon", "coordinates": [[[124.2694580870001, 7.971873208000035], [124.26269391200003, 7.974717933000024], [124.2617917450001, 7.972732138000026], [124.2621247620001, 7.972571026000026], [124.26449372500007, 7.971463190000063], [124.26744363600005, 7.969803581000064], [124.2694580870001, 7.971873208000035]]]}}, {"type": "Feature", "properties": {"province": "Lanao del Sur", "municipality": "Marantao", "barangay": "Lumbac Kialdan"}, "geometry": {"type": "Polygon", "coordinates": [[[124.26943618800011, 7.977912411000032], [124.26355945000013, 7.979310568000074], [124.26298712900008, 7.976477018000022], [124.26983382700007, 7.974547032000034], [124.26943618800011, 7.977912411000032]]]}}, {"type": "Feature", "properties": {"province": "Lanao del Sur", "municipality": "Marantao", "barangay": "Cawayan Linuk"}, "geometry": {"type": "Polygon", "coordinates": [[[124.23448986500011, 7.946756975000031], [124.23120448500005, 7.948649239000074], [124.22893082500003, 7.947514444000034], [124.23347255200007, 7.946402420000027], [124.23448986500011, 7.946756975000031]]]}}, {"type": "Feature", "properties": {"province": "Lanao del Sur", "municipality": "Marantao", "barangay": "Lubo"}, "geometry": {"type": "Polygon", "coordinates": [[[124.26744363600005, 7.969803581000064], [124.26449372500007, 7.971463190000063], [124.2643260640001, 7.968931311000063], [124.26744363600005, 7.969803581000064]]]}}, {"type": "Feature", "properties": {"province": "Lanao del Sur", "municipality": "Marantao", "barangay": "Inudaran Lumbac"}, "geometry": {"type": "Polygon", "coordinates": [[[124.22909394300007, 7.933539842000074], [124.19288459300003, 7.95798165800005], [124.190842857, 7.955986326000072], [124.22552857900007, 7.93227157700005], [124.22909394300007, 7.933539842000074]]]}}, {"type": "Feature", "properties": {"province": "Lanao del Sur", "municipality": "Marantao", "barangay": "Mantapoli"}, "geometry": {"type": "Polygon", "coordinates": [[[124.26231319700004, 7.980316528000061], [124.25694825500011, 7.98275863400005], [124.25204724700005, 7.981823033000067], [124.24965827100006, 7.980308072000073], [124.26269391200003, 7.974717933000024], [124.26298712900008, 7.976477018000022], [124.26355945000013, 7.979310568000074], [124.26231319700004, 7.980316528000061]]]}}, {"type": "Feature", "properties": {"province": "Lanao del Sur", "municipality": "Marantao", "barangay": "Matampay"}, "geometry": {"type": "Polygon", "coordinates": [[[124.25706528800005, 7.987136912000041], [124.2438269380001, 7.990838125000039], [124.25204724700005, 7.981823033000067], [124.25694825500011, 7.98275863400005], [124.25706528800005, 7.987136912000041]]]}}, {"type": "Feature", "properties": {"province": "Lanao del Sur", "municipality": "Marantao", "barangay": "Maul"}, "geometry": {"type": "Polygon", "coordinates": [[[124.25573665200011, 7.967369767000036], [124.24715761400012, 7.974277363000056], [124.24595341500003, 7.97351988300005], [124.25578135900004, 7.966377466000038], [124.25573665200011, 7.967369767000036]]]}}, {"type": "Feature", "properties": {"province": "Lanao del Sur", "municipality": "Marantao", "barangay": "Nataron"}, "geometry": {"type": "Polygon", "coordinates": [[[124.22061738400011, 7.928745857000026], [124.18929800700005, 7.955073365000032], [124.20860478500003, 7.93146039000004], [124.2273565910001, 7.923684690000071], [124.22061738400011, 7.928745857000026]]]}}, {"type": "Feature", "properties": {"province": "Lanao del Sur", "municipality": "Marantao", "barangay": "Pagalongan Bacayawan"}, "geometry": {"type": "Polygon", "coordinates": [[[124.22552857900007, 7.93227157700005], [124.190842857, 7.955986326000072], [124.18929800700005, 7.955073365000032], [124.22061738400011, 7.928745857000026], [124.22436889600009, 7.930836778000069], [124.22552857900007, 7.93227157700005]]]}}, {"type": "Feature", "properties": {"province": "Lanao del Sur", "municipality": "Marantao", "barangay": "Pataimas"}, "geometry": {"type": "Polygon", "coordinates": [[[124.26449372500007, 7.971463190000063], [124.2621247620001, 7.972571026000026], [124.26182327000005, 7.969205866000038], [124.2643260640001, 7.968931311000063], [124.26449372500007, 7.971463190000063]]]}}, {"type": "Feature", "properties": {"province": "Lanao del Sur", "municipality": "Marantao", "barangay": "Poona Marantao"}, "geometry": {"type": "Polygon", "coordinates": [[[124.26810159800006, 7.987547863000032], [124.25706528800005, 7.987136912000041], [124.25694825500011, 7.98275863400005], [124.26231319700004, 7.980316528000061], [124.2635464000001, 7.982776971000019], [124.26810159800006, 7.987547863000032]]]}}, {"type": "Feature", "properties": {"province": "Lanao del Sur", "municipality": "Marantao", "barangay": "Punud Proper"}, "geometry": {"type": "Polygon", "coordinates": [[[124.2621247620001, 7.972571026000026], [124.2617917450001, 7.972732138000026], [124.26035649600011, 7.972553969000045], [124.25925010100003, 7.969286683000062], [124.26182327000005, 7.969205866000038], [124.2621247620001, 7.972571026000026]]]}}, {"type": "Feature", "properties": {"province": "Lanao del Sur", "municipality": "Marantao", "barangay": "Tacub"}, "geometry": {"type": "Polygon", "coordinates": [[[124.24015521900003, 7.952944184000045], [124.23150813200006, 7.965191289000073], [124.2260258550001, 7.960487336000027], [124.23536492200003, 7.95325725500004], [124.23731267900007, 7.949848679000069], [124.24015521900003, 7.952944184000045]]]}}, {"type": "Feature", "properties": {"province": "Lanao del Sur", "municipality": "Marantao", "barangay": "Maul Ilian"}, "geometry": {"type": "Polygon", "coordinates": [[[124.25578135900004, 7.966377466000038], [124.24595341500003, 7.97351988300005], [124.24407294300012, 7.971925609000037], [124.2546097720001, 7.962310738000041], [124.25578135900004, 7.966377466000038]]]}}, {"type": "Feature", "properties": {"province": "Lanao del Sur", "municipality": "Marantao", "barangay": "Palao"}, "geometry": {"type": "Polygon", "coordinates": [[[124.25204724700005, 7.981823033000067], [124.2438269380001, 7.990838125000039], [124.22361117500009, 7.985482229000069], [124.23410564500011, 7.973733531000051], [124.24055394000004, 7.971247441000059], [124.24407294300012, 7.971925609000037], [124.24595341500003, 7.97351988300005], [124.24715761400012, 7.974277363000056], [124.2484589270001, 7.976821720000033], [124.24861430700004, 7.978433794000069], [124.24965827100006, 7.980308072000073], [124.25204724700005, 7.981823033000067]]]}}, {"type": "Feature", "properties": {"province": "Lanao del Sur", "municipality": "Marantao", "barangay": "Banga-Pantar"}, "geometry": {"type": "Polygon", "coordinates": [[[124.23731267900007, 7.949848679000069], [124.23536492200003, 7.95325725500004], [124.2356733790001, 7.947649294000029], [124.23731267900007, 7.949848679000069]]]}}, {"type": "Feature", "properties": {"province": "Lanao del Sur", "municipality": "Marantao", "barangay": "Batal-Punud"}, "geometry": {"type": "Polygon", "coordinates": [[[124.26035649600011, 7.972553969000045], [124.24861430700004, 7.978433794000069], [124.2484589270001, 7.976821720000033], [124.25758311800007, 7.968287820000056], [124.25925010100003, 7.969286683000062], [124.26035649600011, 7.972553969000045]]]}}, {"type": "Feature", "properties": {"province": "Lanao del Sur", "municipality": "Marantao", "barangay": "Bubong Madanding"}, "geometry": {"type": "Polygon", "coordinates": [[[124.23416142700013, 7.943471019000071], [124.196040002, 7.960673037000047], [124.19432308800002, 7.959234541000056], [124.23337378700013, 7.935999274000038], [124.23416142700013, 7.943471019000071]]]}}, {"type": "Feature", "properties": {"province": "Lanao del Sur", "municipality": "Marantao", "barangay": "Ilian"}, "geometry": {"type": "Polygon", "coordinates": [[[124.2546097720001, 7.962310738000041], [124.24407294300012, 7.971925609000037], [124.24055394000004, 7.971247441000059], [124.25162825300002, 7.959987824000055], [124.2546097720001, 7.962310738000041]]]}}, {"type": "Feature", "properties": {"province": "Lanao del Sur", "municipality": "Marantao", "barangay": "Inudaran Loway"}, "geometry": {"type": "Polygon", "coordinates": [[[124.23410564500011, 7.973733531000051], [124.22361117500009, 7.985482229000069], [124.20348049900008, 7.967759793000029], [124.22043959200005, 7.956214946000046], [124.2260258550001, 7.960487336000027], [124.23150813200006, 7.965191289000073], [124.23410564500011, 7.973733531000051]]]}}, {"type": "Feature", "properties": {"province": "Lanao del Sur", "municipality": "Marantao", "barangay": "Maul Lumbaca Ingud"}, "geometry": {"type": "Polygon", "coordinates": [[[124.25758311800007, 7.968287820000056], [124.2484589270001, 7.976821720000033], [124.24715761400012, 7.974277363000056], [124.25573665200011, 7.967369767000036], [124.25758311800007, 7.968287820000056]]]}}, {"type": "Feature", "properties": {"province": "Lanao del Sur", "municipality": "Marantao", "barangay": "Poblacion"}, "geometry": {"type": "Polygon", "coordinates": [[[124.26269391200003, 7.974717933000024], [124.24965827100006, 7.980308072000073], [124.24861430700004, 7.978433794000069], [124.26035649600011, 7.972553969000045], [124.2617917450001, 7.972732138000026], [124.26269391200003, 7.974717933000024]]]}}, {"type": "Feature", "properties": {"province": "Lanao del Sur", "municipality": "Marantao", "barangay": "Tuca Kialdan"}, "geometry": {"type": "Polygon", "coordinates": [[[124.26983382700007, 7.974547032000034], [124.26298712900008, 7.976477018000022], [124.26269391200003, 7.974717933000024], [124.2694580870001, 7.971873208000035], [124.26983382700007, 7.974547032000034]]]}}, {"type": "Feature", "properties": {"province": "Lanao del Sur", "municipality": "Piagapo", "barangay": "Aposong"}, "geometry": {"type": "Polygon", "coordinates": [[[124.21466787200008, 7.997536820000051], [124.209604945, 8.006306533000043], [124.203949308, 8.003818314000055], [124.20833631600011, 7.993833730000064], [124.21466787200008, 7.997536820000051]]]}}, {"type": "Feature", "properties": {"province": "Lanao del Sur", "municipality": "Piagapo", "barangay": "Bagoaingud"}, "geometry": {"type": "Polygon", "coordinates": [[[124.1575159160001, 8.020146361000059], [124.14268801100002, 8.031836362000035], [124.14324948800005, 8.015265293000029], [124.15265971400004, 8.016987292000065], [124.1575159160001, 8.020146361000059]]]}}, {"type": "Feature", "properties": {"province": "Lanao del Sur", "municipality": "Piagapo", "barangay": "Bangco"}, "geometry": {"type": "Polygon", "coordinates": [[[124.20784779900009, 7.971247833000064], [124.19889533700007, 7.987484679000033], [124.196748, 7.985148171000052], [124.18958972900009, 7.975136966000037], [124.20221260900007, 7.966481559000044], [124.20784779900009, 7.971247833000064]]]}}, {"type": "Feature", "properties": {"province": "Lanao del Sur", "municipality": "Piagapo", "barangay": "Bansayan"}, "geometry": {"type": "Polygon", "coordinates": [[[124.14835940400008, 7.955962301000055], [124.16081236200012, 7.980459420000046], [124.15691170100001, 7.980269728000052], [124.14835940400008, 7.955962301000055]]]}}, {"type": "Feature", "properties": {"province": "Lanao del Sur", "municipality": "Piagapo", "barangay": "Basak"}, "geometry": {"type": "Polygon", "coordinates": [[[124.19307156700008, 8.021574193000049], [124.1575159160001, 8.020146361000059], [124.15265971400004, 8.016987292000065], [124.16235002400002, 8.008846962000064], [124.18733848100008, 8.012058088000057], [124.19319621900001, 8.018815614000061], [124.19307156700008, 8.021574193000049]]]}}, {"type": "Feature", "properties": {"province": "Lanao del Sur", "municipality": "Piagapo", "barangay": "Bobo"}, "geometry": {"type": "Polygon", "coordinates": [[[124.24674500900007, 8.01046959000007], [124.23813968700007, 8.019852338000021], [124.22672157700003, 8.01390912200003], [124.23465823300012, 8.00281474400003], [124.2369519240001, 8.003642047000028], [124.24674500900007, 8.01046959000007]]]}}, {"type": "Feature", "properties": {"province": "Lanao del Sur", "municipality": "Piagapo", "barangay": "Bubong Tawa-an"}, "geometry": {"type": "Polygon", "coordinates": [[[124.20833631600011, 7.993833730000064], [124.203949308, 8.003818314000055], [124.19617565100008, 8.00013644100005], [124.19963626100002, 7.987986986000064], [124.20833631600011, 7.993833730000064]]]}}, {"type": "Feature", "properties": {"province": "Lanao del Sur", "municipality": "Piagapo", "barangay": "Bubonga Mamaanun"}, "geometry": {"type": "Polygon", "coordinates": [[[124.22123936600009, 7.995421819000057], [124.21867030900012, 7.999806280000031], [124.21466787200008, 7.997536820000051], [124.20833631600011, 7.993833730000064], [124.22123936600009, 7.995421819000057]]]}}, {"type": "Feature", "properties": {"province": "Lanao del Sur", "municipality": "Piagapo", "barangay": "Bualan"}, "geometry": {"type": "Polygon", "coordinates": [[[124.22373948100005, 8.033359446000077], [124.20408323500008, 8.037208405000062], [124.21029079200004, 8.03212280200006], [124.22373948100005, 8.033359446000077]]]}}, {"type": "Feature", "properties": {"province": "Lanao del Sur", "municipality": "Piagapo", "barangay": "Bubong Ilian"}, "geometry": {"type": "Polygon", "coordinates": [[[124.21867030900012, 7.999806280000031], [124.21383378100006, 8.008213903000067], [124.21038081700011, 8.006629168000075], [124.209604945, 8.006306533000043], [124.21466787200008, 7.997536820000051], [124.21867030900012, 7.999806280000031]]]}}, {"type": "Feature", "properties": {"province": "Lanao del Sur", "municipality": "Piagapo", "barangay": "Gacap"}, "geometry": {"type": "Polygon", "coordinates": [[[124.20221260900007, 7.966481559000044], [124.18958972900009, 7.975136966000037], [124.17848270600008, 7.964511889000048], [124.17038639100008, 7.957239921000053], [124.15974564200008, 7.948512046000078], [124.166975148, 7.945472303000027], [124.20221260900007, 7.966481559000044]]]}}, {"type": "Feature", "properties": {"province": "Lanao del Sur", "municipality": "Piagapo", "barangay": "Katumbacan"}, "geometry": {"type": "Polygon", "coordinates": [[[124.18736536000006, 7.986406510000053], [124.19227863300011, 7.998598268000023], [124.18999887800008, 7.995916773000033], [124.17976322500012, 7.995269196000038], [124.18351613100005, 7.984002641000071], [124.18736536000006, 7.986406510000053]]]}}, {"type": "Feature", "properties": {"province": "Lanao del Sur", "municipality": "Piagapo", "barangay": "Ilian Poblacion"}, "geometry": {"type": "Polygon", "coordinates": [[[124.23465823300012, 8.00281474400003], [124.22672157700003, 8.01390912200003], [124.21991814100011, 8.010878956000056], [124.22887614000003, 7.99744230600004], [124.23465823300012, 8.00281474400003]]]}}, {"type": "Feature", "properties": {"province": "Lanao del Sur", "municipality": "Piagapo", "barangay": "Kalanganan"}, "geometry": {"type": "Polygon", "coordinates": [[[124.1319851620001, 7.999860619000059], [124.11750918700011, 8.003279788000045], [124.1143295060001, 7.985754760000019], [124.10884430700004, 7.951962018000073], [124.12925723, 7.941980840000042], [124.1319851620001, 7.999860619000059]]]}}, {"type": "Feature", "properties": {"province": "Lanao del Sur", "municipality": "Piagapo", "barangay": "Lumbaca Mamaan"}, "geometry": {"type": "Polygon", "coordinates": [[[124.22563085300008, 7.987383502000057], [124.22227499100006, 7.993449790000055], [124.21576367300007, 7.978139867000037], [124.22563085300008, 7.987383502000057]]]}}, {"type": "Feature", "properties": {"province": "Lanao del Sur", "municipality": "Piagapo", "barangay": "Mamaanun"}, "geometry": {"type": "Polygon", "coordinates": [[[124.22127717100012, 7.995360397000071], [124.22123936600009, 7.995421819000057], [124.20833631600011, 7.993833730000064], [124.19963626100002, 7.987986986000064], [124.19889533700007, 7.987484679000033], [124.20784779900009, 7.971247833000064], [124.21576367300007, 7.978139867000037], [124.22227499100006, 7.993449790000055], [124.22127717100012, 7.995360397000071]]]}}, {"type": "Feature", "properties": {"province": "Lanao del Sur", "municipality": "Piagapo", "barangay": "Mentring"}, "geometry": {"type": "Polygon", "coordinates": [[[124.21194089600012, 8.016176740000047], [124.19319621900001, 8.018815614000061], [124.18733848100008, 8.012058088000057], [124.18779355000005, 8.008883099000059], [124.20896232400003, 8.011749854000074], [124.21214721400008, 8.01408026100006], [124.21194089600012, 8.016176740000047]]]}}, {"type": "Feature", "properties": {"province": "Lanao del Sur", "municipality": "Piagapo", "barangay": "Olango"}, "geometry": {"type": "Polygon", "coordinates": [[[124.17112522700006, 7.994824549000043], [124.15916289600013, 8.000679456000057], [124.15457379500003, 8.000495330000035], [124.15691170100001, 7.980269728000052], [124.16081236200012, 7.980459420000046], [124.16716226900007, 7.98082530700003], [124.17533567900011, 7.981164977000049], [124.17112522700006, 7.994824549000043]]]}}, {"type": "Feature", "properties": {"province": "Lanao del Sur", "municipality": "Piagapo", "barangay": "Palacat"}, "geometry": {"type": "Polygon", "coordinates": [[[124.16235002400002, 8.008846962000064], [124.15265971400004, 8.016987292000065], [124.14324948800005, 8.015265293000029], [124.1319851620001, 7.999860619000059], [124.15457379500003, 8.000495330000035], [124.15916289600013, 8.000679456000057], [124.16235002400002, 8.008846962000064]]]}}, {"type": "Feature", "properties": {"province": "Lanao del Sur", "municipality": "Piagapo", "barangay": "Palao"}, "geometry": {"type": "Polygon", "coordinates": [[[124.21038081700011, 8.006629168000075], [124.20896232400003, 8.011749854000074], [124.18779355000005, 8.008883099000059], [124.18999887800008, 7.995916773000033], [124.19227863300011, 7.998598268000023], [124.19617565100008, 8.00013644100005], [124.203949308, 8.003818314000055], [124.209604945, 8.006306533000043], [124.21038081700011, 8.006629168000075]]]}}, {"type": "Feature", "properties": {"province": "Lanao del Sur", "municipality": "Piagapo", "barangay": "Paling"}, "geometry": {"type": "Polygon", "coordinates": [[[124.24222237300012, 7.99826499300002], [124.2369519240001, 8.003642047000028], [124.23465823300012, 8.00281474400003], [124.22887614000003, 7.99744230600004], [124.22127717100012, 7.995360397000071], [124.22227499100006, 7.993449790000055], [124.22563085300008, 7.987383502000057], [124.24222237300012, 7.99826499300002]]]}}, {"type": "Feature", "properties": {"province": "Lanao del Sur", "municipality": "Piagapo", "barangay": "Pantaon"}, "geometry": {"type": "Polygon", "coordinates": [[[124.17848270600008, 7.964511889000048], [124.17826741100008, 7.98189271900003], [124.17533567900011, 7.981164977000049], [124.16716226900007, 7.98082530700003], [124.17038639100008, 7.957239921000053], [124.17848270600008, 7.964511889000048]]]}}, {"type": "Feature", "properties": {"province": "Lanao del Sur", "municipality": "Piagapo", "barangay": "Pantar"}, "geometry": {"type": "Polygon", "coordinates": [[[124.18779355000005, 8.008883099000059], [124.18733848100008, 8.012058088000057], [124.16235002400002, 8.008846962000064], [124.15916289600013, 8.000679456000057], [124.17112522700006, 7.994824549000043], [124.17617287500002, 7.995109200000057], [124.17976322500012, 7.995269196000038], [124.18999887800008, 7.995916773000033], [124.18779355000005, 8.008883099000059]]]}}, {"type": "Feature", "properties": {"province": "Lanao del Sur", "municipality": "Piagapo", "barangay": "Paridi"}, "geometry": {"type": "Polygon", "coordinates": [[[124.21029079200004, 8.03212280200006], [124.20408323500008, 8.037208405000062], [124.19307156700008, 8.021574193000049], [124.19319621900001, 8.018815614000061], [124.21194089600012, 8.016176740000047], [124.21029079200004, 8.03212280200006]]]}}, {"type": "Feature", "properties": {"province": "Lanao del Sur", "municipality": "Piagapo", "barangay": "Pindolonan"}, "geometry": {"type": "Polygon", "coordinates": [[[124.23156936500006, 8.026193798000062], [124.22373948100005, 8.033359446000077], [124.21029079200004, 8.03212280200006], [124.21194089600012, 8.016176740000047], [124.21214721400008, 8.01408026100006], [124.23156936500006, 8.026193798000062]]]}}, {"type": "Feature", "properties": {"province": "Lanao del Sur", "municipality": "Piagapo", "barangay": "Radapan"}, "geometry": {"type": "Polygon", "coordinates": [[[124.18351613100005, 7.984002641000071], [124.17976322500012, 7.995269196000038], [124.17617287500002, 7.995109200000057], [124.18038835700008, 7.982562478000034], [124.18351613100005, 7.984002641000071]]]}}, {"type": "Feature", "properties": {"province": "Lanao del Sur", "municipality": "Piagapo", "barangay": "Radapan Poblacion"}, "geometry": {"type": "Polygon", "coordinates": [[[124.18038835700008, 7.982562478000034], [124.17617287500002, 7.995109200000057], [124.17112522700006, 7.994824549000043], [124.17533567900011, 7.981164977000049], [124.17826741100008, 7.98189271900003], [124.18038835700008, 7.982562478000034]]]}}, {"type": "Feature", "properties": {"province": "Lanao del Sur", "municipality": "Piagapo", "barangay": "Sapingit"}, "geometry": {"type": "Polygon", "coordinates": [[[124.23813968700007, 8.019852338000021], [124.23156936500006, 8.026193798000062], [124.21214721400008, 8.01408026100006], [124.20896232400003, 8.011749854000074], [124.21038081700011, 8.006629168000075], [124.21383378100006, 8.008213903000067], [124.21991814100011, 8.010878956000056], [124.22672157700003, 8.01390912200003], [124.23813968700007, 8.019852338000021]]]}}, {"type": "Feature", "properties": {"province": "Lanao del Sur", "municipality": "Piagapo", "barangay": "Talao"}, "geometry": {"type": "Polygon", "coordinates": [[[124.14324948800005, 8.015265293000029], [124.14268801100002, 8.031836362000035], [124.12304152600007, 8.028824105000067], [124.11750918700011, 8.003279788000045], [124.1319851620001, 7.999860619000059], [124.14324948800005, 8.015265293000029]]]}}, {"type": "Feature", "properties": {"province": "Lanao del Sur", "municipality": "Piagapo", "barangay": "Tambo"}, "geometry": {"type": "Polygon", "coordinates": [[[124.196748, 7.985148171000052], [124.18736536000006, 7.986406510000053], [124.18351613100005, 7.984002641000071], [124.18038835700008, 7.982562478000034], [124.17826741100008, 7.98189271900003], [124.17848270600008, 7.964511889000048], [124.18958972900009, 7.975136966000037], [124.196748, 7.985148171000052]]]}}, {"type": "Feature", "properties": {"province": "Lanao del Sur", "municipality": "Piagapo", "barangay": "Tapocan"}, "geometry": {"type": "Polygon", "coordinates": [[[124.17038639100008, 7.957239921000053], [124.16716226900007, 7.98082530700003], [124.16081236200012, 7.980459420000046], [124.14835940400008, 7.955962301000055], [124.15974564200008, 7.948512046000078], [124.17038639100008, 7.957239921000053]]]}}, {"type": "Feature", "properties": {"province": "Lanao del Sur", "municipality": "Piagapo", "barangay": "Tawaan"}, "geometry": {"type": "Polygon", "coordinates": [[[124.19963626100002, 7.987986986000064], [124.19617565100008, 8.00013644100005], [124.19227863300011, 7.998598268000023], [124.18736536000006, 7.986406510000053], [124.196748, 7.985148171000052], [124.19889533700007, 7.987484679000033], [124.19963626100002, 7.987986986000064]]]}}, {"type": "Feature", "properties": {"province": "Lanao del Sur", "municipality": "Piagapo", "barangay": "Udalo"}, "geometry": {"type": "Polygon", "coordinates": [[[124.15691170100001, 7.980269728000052], [124.15457379500003, 8.000495330000035], [124.1319851620001, 7.999860619000059], [124.12925723, 7.941980840000042], [124.166975148, 7.945472303000027], [124.15974564200008, 7.948512046000078], [124.14835940400008, 7.955962301000055], [124.15691170100001, 7.980269728000052]]]}}, {"type": "Feature", "properties": {"province": "Lanao del Sur", "municipality": "Piagapo", "barangay": "Rantian"}, "geometry": {"type": "Polygon", "coordinates": [[[124.24674500900007, 8.01046959000007], [124.2369519240001, 8.003642047000028], [124.24222237300012, 7.99826499300002], [124.24674500900007, 8.01046959000007]]]}}, {"type": "Feature", "properties": {"province": "Lanao del Sur", "municipality": "Piagapo", "barangay": "Ilian"}, "geometry": {"type": "Polygon", "coordinates": [[[124.22887614000003, 7.99744230600004], [124.21991814100011, 8.010878956000056], [124.21383378100006, 8.008213903000067], [124.21867030900012, 7.999806280000031], [124.22123936600009, 7.995421819000057], [124.22127717100012, 7.995360397000071], [124.22887614000003, 7.99744230600004]]]}}, {"type": "Feature", "properties": {"province": "Lanao del Sur", "municipality": "Saguiran", "barangay": "Alinun"}, "geometry": {"type": "Polygon", "coordinates": [[[124.25480061400003, 8.010931062000052], [124.24851057500008, 8.016583560000072], [124.24641363000002, 8.016283097000041], [124.24342874700005, 8.014534966000042], [124.25480061400003, 8.010931062000052]]]}}, {"type": "Feature", "properties": {"province": "Lanao del Sur", "municipality": "Saguiran", "barangay": "Bagoaingud"}, "geometry": {"type": "Polygon", "coordinates": [[[124.25231310600009, 8.025270949000058], [124.25221333700006, 8.029897386000073], [124.24493304700002, 8.02882567200004], [124.24641363000002, 8.016283097000041], [124.24851057500008, 8.016583560000072], [124.25241758200004, 8.017174063000027], [124.25231310600009, 8.025270949000058]]]}}, {"type": "Feature", "properties": {"province": "Lanao del Sur", "municipality": "Saguiran", "barangay": "Batangan"}, "geometry": {"type": "Polygon", "coordinates": [[[124.27471980200005, 8.04791660600006], [124.26946005200011, 8.051006414000028], [124.2610648750001, 8.048325912000054], [124.26404278300002, 8.042513890000064], [124.26954811300004, 8.044700846000067], [124.27471980200005, 8.04791660600006]]]}}, {"type": "Feature", "properties": {"province": "Lanao del Sur", "municipality": "Saguiran", "barangay": "Cadayon"}, "geometry": {"type": "Polygon", "coordinates": [[[124.23244613700001, 8.041809758000053], [124.21988725400001, 8.044981319000044], [124.22328294800003, 8.034002720000048], [124.23267681900006, 8.032869262000077], [124.23244613700001, 8.041809758000053]]]}}, {"type": "Feature", "properties": {"province": "Lanao del Sur", "municipality": "Saguiran", "barangay": "Cadingilan"}, "geometry": {"type": "Polygon", "coordinates": [[[124.24493304700002, 8.02882567200004], [124.2412049390001, 8.034273023000026], [124.23267681900006, 8.032869262000077], [124.23260616000005, 8.026420831000053], [124.23453909700004, 8.023621485000035], [124.24493304700002, 8.02882567200004]]]}}, {"type": "Feature", "properties": {"province": "Lanao del Sur", "municipality": "Saguiran", "barangay": "Lumbac Toros"}, "geometry": {"type": "Polygon", "coordinates": [[[124.25770866500012, 8.016140502000043], [124.26206698900013, 8.026715571000066], [124.25976292200006, 8.026416066000026], [124.25231310600009, 8.025270949000058], [124.25241758200004, 8.017174063000027], [124.2560200580001, 8.015870906000032], [124.25770866500012, 8.016140502000043]]]}}, {"type": "Feature", "properties": {"province": "Lanao del Sur", "municipality": "Saguiran", "barangay": "Comonal"}, "geometry": {"type": "Polygon", "coordinates": [[[124.2520993070001, 8.051462413000026], [124.24212771300006, 8.052892393000038], [124.23930890300005, 8.04985163500004], [124.23322319500004, 8.042763966000052], [124.250631514, 8.044246168000031], [124.25211655600005, 8.048131401000033], [124.2520993070001, 8.051462413000026]]]}}, {"type": "Feature", "properties": {"province": "Lanao del Sur", "municipality": "Saguiran", "barangay": "Dilausan"}, "geometry": {"type": "Polygon", "coordinates": [[[124.25221333700006, 8.029897386000073], [124.24509782000008, 8.036455502000022], [124.2412049390001, 8.034273023000026], [124.24493304700002, 8.02882567200004], [124.25221333700006, 8.029897386000073]]]}}, {"type": "Feature", "properties": {"province": "Lanao del Sur", "municipality": "Saguiran", "barangay": "Gadongan"}, "geometry": {"type": "Polygon", "coordinates": [[[124.23267681900006, 8.032869262000077], [124.22328294800003, 8.034002720000048], [124.23260616000005, 8.026420831000053], [124.23267681900006, 8.032869262000077]]]}}, {"type": "Feature", "properties": {"province": "Lanao del Sur", "municipality": "Saguiran", "barangay": "Linao"}, "geometry": {"type": "Polygon", "coordinates": [[[124.2560200580001, 8.015870906000032], [124.25241758200004, 8.017174063000027], [124.24851057500008, 8.016583560000072], [124.25480061400003, 8.010931062000052], [124.2560200580001, 8.015870906000032]]]}}, {"type": "Feature", "properties": {"province": "Lanao del Sur", "municipality": "Saguiran", "barangay": "Limogao"}, "geometry": {"type": "Polygon", "coordinates": [[[124.27948678800011, 8.044138742000028], [124.27890896100008, 8.049664231000062], [124.27471980200005, 8.04791660600006], [124.26954811300004, 8.044700846000067], [124.27202897300003, 8.040224166000032], [124.27948678800011, 8.044138742000028]]]}}, {"type": "Feature", "properties": {"province": "Lanao del Sur", "municipality": "Saguiran", "barangay": "Lumbayanague"}, "geometry": {"type": "Polygon", "coordinates": [[[124.28337529900011, 8.036273042000062], [124.27948678800011, 8.044138742000028], [124.27202897300003, 8.040224166000032], [124.26993162300005, 8.039300125000066], [124.27247176300011, 8.033448494000025], [124.28337529900011, 8.036273042000062]]]}}, {"type": "Feature", "properties": {"province": "Lanao del Sur", "municipality": "Saguiran", "barangay": "Basak Maito"}, "geometry": {"type": "Polygon", "coordinates": [[[124.266207731, 8.035399819000075], [124.2582093420001, 8.035622029000026], [124.25976292200006, 8.026416066000026], [124.26206698900013, 8.026715571000066], [124.26480579300006, 8.028346002000035], [124.266207731, 8.035399819000075]]]}}, {"type": "Feature", "properties": {"province": "Lanao del Sur", "municipality": "Saguiran", "barangay": "Maliwanag"}, "geometry": {"type": "Polygon", "coordinates": [[[124.23388301000011, 8.049141600000041], [124.23009972900002, 8.068852535000076], [124.22019024400004, 8.06807835400002], [124.2194812680001, 8.04897450200002], [124.23388301000011, 8.049141600000041]]]}}, {"type": "Feature", "properties": {"province": "Lanao del Sur", "municipality": "Saguiran", "barangay": "Mapantao"}, "geometry": {"type": "Polygon", "coordinates": [[[124.25183423200008, 8.039388762000044], [124.250631514, 8.044246168000031], [124.23322319500004, 8.042763966000052], [124.23244613700001, 8.041809758000053], [124.23267681900006, 8.032869262000077], [124.2412049390001, 8.034273023000026], [124.24509782000008, 8.036455502000022], [124.25183423200008, 8.039388762000044]]]}}, {"type": "Feature", "properties": {"province": "Lanao del Sur", "municipality": "Saguiran", "barangay": "Mipaga"}, "geometry": {"type": "Polygon", "coordinates": [[[124.27603998300003, 8.026488693000033], [124.28337529900011, 8.036273042000062], [124.27247176300011, 8.033448494000025], [124.27603998300003, 8.026488693000033]]]}}, {"type": "Feature", "properties": {"province": "Lanao del Sur", "municipality": "Saguiran", "barangay": "Natangcopan"}, "geometry": {"type": "Polygon", "coordinates": [[[124.26404278300002, 8.042513890000064], [124.2610648750001, 8.048325912000054], [124.25211655600005, 8.048131401000033], [124.250631514, 8.044246168000031], [124.25183423200008, 8.039388762000044], [124.25781370300002, 8.038491423000039], [124.26404278300002, 8.042513890000064]]]}}, {"type": "Feature", "properties": {"province": "Lanao del Sur", "municipality": "Saguiran", "barangay": "Pagalamatan"}, "geometry": {"type": "Polygon", "coordinates": [[[124.26989160200003, 8.022850896000024], [124.26652559100012, 8.029548025000054], [124.26480579300006, 8.028346002000035], [124.26206698900013, 8.026715571000066], [124.25770866500012, 8.016140502000043], [124.26989160200003, 8.022850896000024]]]}}, {"type": "Feature", "properties": {"province": "Lanao del Sur", "municipality": "Saguiran", "barangay": "Pamacotan"}, "geometry": {"type": "Polygon", "coordinates": [[[124.24641363000002, 8.016283097000041], [124.24493304700002, 8.02882567200004], [124.23453909700004, 8.023621485000035], [124.24342874700005, 8.014534966000042], [124.24641363000002, 8.016283097000041]]]}}, {"type": "Feature", "properties": {"province": "Lanao del Sur", "municipality": "Saguiran", "barangay": "Panggao"}, "geometry": {"type": "Polygon", "coordinates": [[[124.23322319500004, 8.042763966000052], [124.23930890300005, 8.04985163500004], [124.23388301000011, 8.049141600000041], [124.2194812680001, 8.04897450200002], [124.21988725400001, 8.044981319000044], [124.23244613700001, 8.041809758000053], [124.23322319500004, 8.042763966000052]]]}}, {"type": "Feature", "properties": {"province": "Lanao del Sur", "municipality": "Saguiran", "barangay": "Pantao Raya"}, "geometry": {"type": "Polygon", "coordinates": [[[124.25781370300002, 8.038491423000039], [124.25183423200008, 8.039388762000044], [124.24509782000008, 8.036455502000022], [124.25221333700006, 8.029897386000073], [124.25231310600009, 8.025270949000058], [124.25976292200006, 8.026416066000026], [124.2582093420001, 8.035622029000026], [124.25781370300002, 8.038491423000039]]]}}, {"type": "Feature", "properties": {"province": "Lanao del Sur", "municipality": "Saguiran", "barangay": "Pantaon"}, "geometry": {"type": "Polygon", "coordinates": [[[124.26504674400007, 8.038481986000024], [124.26404278300002, 8.042513890000064], [124.25781370300002, 8.038491423000039], [124.2582093420001, 8.035622029000026], [124.266207731, 8.035399819000075], [124.26504674400007, 8.038481986000024]]]}}, {"type": "Feature", "properties": {"province": "Lanao del Sur", "municipality": "Saguiran", "barangay": "Pawak"}, "geometry": {"type": "Polygon", "coordinates": [[[124.26784924500008, 8.055098780000035], [124.2531621710001, 8.055727981000073], [124.2520993070001, 8.051462413000026], [124.25211655600005, 8.048131401000033], [124.2610648750001, 8.048325912000054], [124.26946005200011, 8.051006414000028], [124.26784924500008, 8.055098780000035]]]}}, {"type": "Feature", "properties": {"province": "Lanao del Sur", "municipality": "Saguiran", "barangay": "Dilimbayan"}, "geometry": {"type": "Polygon", "coordinates": [[[124.24488193600007, 8.067976473000043], [124.23009972900002, 8.068852535000076], [124.23388301000011, 8.049141600000041], [124.23930890300005, 8.04985163500004], [124.24212771300006, 8.052892393000038], [124.24488193600007, 8.067976473000043]]]}}, {"type": "Feature", "properties": {"province": "Lanao del Sur", "municipality": "Saguiran", "barangay": "Pindolonan"}, "geometry": {"type": "Polygon", "coordinates": [[[124.27202897300003, 8.040224166000032], [124.26954811300004, 8.044700846000067], [124.26404278300002, 8.042513890000064], [124.26504674400007, 8.038481986000024], [124.26993162300005, 8.039300125000066], [124.27202897300003, 8.040224166000032]]]}}, {"type": "Feature", "properties": {"province": "Lanao del Sur", "municipality": "Saguiran", "barangay": "Poblacion"}, "geometry": {"type": "Polygon", "coordinates": [[[124.26993162300005, 8.039300125000066], [124.26504674400007, 8.038481986000024], [124.266207731, 8.035399819000075], [124.26480579300006, 8.028346002000035], [124.26652559100012, 8.029548025000054], [124.27247176300011, 8.033448494000025], [124.26993162300005, 8.039300125000066]]]}}, {"type": "Feature", "properties": {"province": "Lanao del Sur", "municipality": "Saguiran", "barangay": "Salocad"}, "geometry": {"type": "Polygon", "coordinates": [[[124.2531621710001, 8.055727981000073], [124.24488193600007, 8.067976473000043], [124.24212771300006, 8.052892393000038], [124.2520993070001, 8.051462413000026], [124.2531621710001, 8.055727981000073]]]}}, {"type": "Feature", "properties": {"province": "Lanao del Sur", "municipality": "Saguiran", "barangay": "Sungcod"}, "geometry": {"type": "Polygon", "coordinates": [[[124.27890896100008, 8.049664231000062], [124.26784924500008, 8.055098780000035], [124.26946005200011, 8.051006414000028], [124.27471980200005, 8.04791660600006], [124.27890896100008, 8.049664231000062]]]}}, {"type": "Feature", "properties": {"province": "Lanao del Sur", "municipality": "Saguiran", "barangay": "Bubong"}, "geometry": {"type": "Polygon", "coordinates": [[[124.27603998300003, 8.026488693000033], [124.27247176300011, 8.033448494000025], [124.26652559100012, 8.029548025000054], [124.26989160200003, 8.022850896000024], [124.27603998300003, 8.026488693000033]]]}}, {"type": "Feature", "properties": {"province": "Lanao del Sur", "municipality": "Bubong", "barangay": "Bagoaingud"}, "geometry": {"type": "Polygon", "coordinates": [[[124.37767137200002, 7.985208319000037], [124.37369710500002, 7.984607485000026], [124.3730897260001, 7.982389978000072], [124.37905512800013, 7.981431252000048], [124.37909576600009, 7.981779750000043], [124.37767137200002, 7.985208319000037]]]}}, {"type": "Feature", "properties": {"province": "Lanao del Sur", "municipality": "Bubong", "barangay": "Bansayan"}, "geometry": {"type": "Polygon", "coordinates": [[[124.37718928900006, 7.989441427000031], [124.37533214100006, 7.989931126000042], [124.37369710500002, 7.984607485000026], [124.37767137200002, 7.985208319000037], [124.37938947800002, 7.988657711000032], [124.37718928900006, 7.989441427000031]]]}}, {"type": "Feature", "properties": {"province": "Lanao del Sur", "municipality": "Bubong", "barangay": "Basingan"}, "geometry": {"type": "Polygon", "coordinates": [[[124.40132094700006, 7.993217861000061], [124.40104200300004, 8.012344567000072], [124.39306084500004, 8.003273904000027], [124.39756892300012, 7.992213812000045], [124.40132094700006, 7.993217861000061]]]}}, {"type": "Feature", "properties": {"province": "Lanao del Sur", "municipality": "Bubong", "barangay": "Batangan"}, "geometry": {"type": "Polygon", "coordinates": [[[124.39306084500004, 8.003273904000027], [124.38694916400006, 8.00667350200007], [124.3892890080001, 8.000907079000058], [124.39498172600008, 7.988950398000043], [124.39756892300012, 7.992213812000045], [124.39306084500004, 8.003273904000027]]]}}, {"type": "Feature", "properties": {"province": "Lanao del Sur", "municipality": "Bubong", "barangay": "Bualan"}, "geometry": {"type": "Polygon", "coordinates": [[[124.3783536410001, 8.005079314000055], [124.37643225400008, 8.009636275000048], [124.373319142, 7.990675109000051], [124.37464365900007, 7.995204440000065], [124.37670505300002, 8.00076095500003], [124.3783536410001, 8.005079314000055]]]}}, {"type": "Feature", "properties": {"province": "Lanao del Sur", "municipality": "Bubong", "barangay": "Poblacion"}, "geometry": {"type": "Polygon", "coordinates": [[[124.3656385480001, 7.983576224000045], [124.35655672100006, 7.986300469000071], [124.35577309500002, 7.983013061000067], [124.35987991000003, 7.98213799800004], [124.3656385480001, 7.983576224000045]]]}}, {"type": "Feature", "properties": {"province": "Lanao del Sur", "municipality": "Bubong", "barangay": "Bubonga Didagun"}, "geometry": {"type": "Polygon", "coordinates": [[[124.4671228740001, 7.968306421000023], [124.41091605700002, 8.002354968000077], [124.40326016600011, 7.993708222000065], [124.40404071400006, 7.987786711000069], [124.45781535400012, 7.962843312000078], [124.4671228740001, 7.968306421000023]]]}}, {"type": "Feature", "properties": {"province": "Lanao del Sur", "municipality": "Bubong", "barangay": "Carigongan"}, "geometry": {"type": "Polygon", "coordinates": [[[124.41091605700002, 8.002354968000077], [124.41286594600001, 8.02263348100007], [124.40104200300004, 8.012344567000072], [124.40132094700006, 7.993217861000061], [124.40326016600011, 7.993708222000065], [124.41091605700002, 8.002354968000077]]]}}, {"type": "Feature", "properties": {"province": "Lanao del Sur", "municipality": "Bubong", "barangay": "Bacolod"}, "geometry": {"type": "Polygon", "coordinates": [[[124.38367788100004, 7.980710821000058], [124.38412601200004, 7.990034847000059], [124.38140910100003, 7.987550690000036], [124.37909576600009, 7.981779750000043], [124.37905512800013, 7.981431252000048], [124.37898081300011, 7.979669951000062], [124.38367788100004, 7.980710821000058]]]}}, {"type": "Feature", "properties": {"province": "Lanao del Sur", "municipality": "Bubong", "barangay": "Dilabayan"}, "geometry": {"type": "Polygon", "coordinates": [[[124.39498172600008, 7.988950398000043], [124.3892890080001, 8.000907079000058], [124.38648851300002, 7.995071088000029], [124.39164203900009, 7.986844802000064], [124.39459170000009, 7.98875244800007], [124.39498172600008, 7.988950398000043]]]}}, {"type": "Feature", "properties": {"province": "Lanao del Sur", "municipality": "Bubong", "barangay": "Dimapatoy"}, "geometry": {"type": "Polygon", "coordinates": [[[124.40326016600011, 7.993708222000065], [124.40132094700006, 7.993217861000061], [124.39756892300012, 7.992213812000045], [124.39498172600008, 7.988950398000043], [124.39459170000009, 7.98875244800007], [124.39646857700008, 7.981238844000075], [124.40113008600008, 7.979124465000043], [124.40404071400006, 7.987786711000069], [124.40326016600011, 7.993708222000065]]]}}, {"type": "Feature", "properties": {"province": "Lanao del Sur", "municipality": "Bubong", "barangay": "Dimayon Proper"}, "geometry": {"type": "Polygon", "coordinates": [[[124.39885919200003, 7.97595326100003], [124.39380950900012, 7.978670572000055], [124.38698304200011, 7.975478027000063], [124.39925137000012, 7.970864054000061], [124.39885919200003, 7.97595326100003]]]}}, {"type": "Feature", "properties": {"province": "Lanao del Sur", "municipality": "Bubong", "barangay": "Diolangan"}, "geometry": {"type": "Polygon", "coordinates": [[[124.38207504000002, 7.997357210000077], [124.37670505300002, 8.00076095500003], [124.37464365900007, 7.995204440000065], [124.37869482400004, 7.993330862000052], [124.38092477300006, 7.992456406000033], [124.38207504000002, 7.997357210000077]]]}}, {"type": "Feature", "properties": {"province": "Lanao del Sur", "municipality": "Bubong", "barangay": "Guiguikun"}, "geometry": {"type": "Polygon", "coordinates": [[[124.38415318600003, 8.001396587000045], [124.3783536410001, 8.005079314000055], [124.37670505300002, 8.00076095500003], [124.38207504000002, 7.997357210000077], [124.38415318600003, 8.001396587000045]]]}}, {"type": "Feature", "properties": {"province": "Lanao del Sur", "municipality": "Bubong", "barangay": "Dibarosan"}, "geometry": {"type": "Polygon", "coordinates": [[[124.38694916400006, 8.00667350200007], [124.38613876800004, 8.020961896000072], [124.38024386300005, 8.020416614000057], [124.37643225400008, 8.009636275000048], [124.3783536410001, 8.005079314000055], [124.38415318600003, 8.001396587000045], [124.38694916400006, 8.00667350200007]]]}}, {"type": "Feature", "properties": {"province": "Lanao del Sur", "municipality": "Bubong", "barangay": "Madanding"}, "geometry": {"type": "Polygon", "coordinates": [[[124.3667480370001, 7.991654341000072], [124.3580475220001, 7.992684156000051], [124.35655672100006, 7.986300469000071], [124.3656385480001, 7.983576224000045], [124.36839232000011, 7.983422311000027], [124.3667480370001, 7.991654341000072]]]}}, {"type": "Feature", "properties": {"province": "Lanao del Sur", "municipality": "Bubong", "barangay": "Malungun"}, "geometry": {"type": "Polygon", "coordinates": [[[124.38698304200011, 7.975478027000063], [124.38440180400005, 7.981729688000032], [124.38367788100004, 7.980710821000058], [124.37898081300011, 7.979669951000062], [124.38068397300002, 7.976063683000062], [124.38698304200011, 7.975478027000063]]]}}, {"type": "Feature", "properties": {"province": "Lanao del Sur", "municipality": "Bubong", "barangay": "Masorot"}, "geometry": {"type": "Polygon", "coordinates": [[[124.39164203900009, 7.986844802000064], [124.38648851300002, 7.995071088000029], [124.38576038500004, 7.991449641000031], [124.39017237800012, 7.984386957000026], [124.39164203900009, 7.986844802000064]]]}}, {"type": "Feature", "properties": {"province": "Lanao del Sur", "municipality": "Bubong", "barangay": "Matampay Dimarao"}, "geometry": {"type": "Polygon", "coordinates": [[[124.37687058600011, 8.020937787000035], [124.3580475220001, 7.992684156000051], [124.3667480370001, 7.991654341000072], [124.37687058600011, 8.020937787000035]]]}}, {"type": "Feature", "properties": {"province": "Lanao del Sur", "municipality": "Bubong", "barangay": "Miabalawag"}, "geometry": {"type": "Polygon", "coordinates": [[[124.3892890080001, 8.000907079000058], [124.38694916400006, 8.00667350200007], [124.38415318600003, 8.001396587000045], [124.38207504000002, 7.997357210000077], [124.38092477300006, 7.992456406000033], [124.37938947800002, 7.988657711000032], [124.38140910100003, 7.987550690000036], [124.38412601200004, 7.990034847000059], [124.38576038500004, 7.991449641000031], [124.38648851300002, 7.995071088000029], [124.3892890080001, 8.000907079000058]]]}}, {"type": "Feature", "properties": {"province": "Lanao del Sur", "municipality": "Bubong", "barangay": "Montiaan"}, "geometry": {"type": "Polygon", "coordinates": [[[124.38822295700004, 7.98422324100005], [124.38412601200004, 7.990034847000059], [124.38367788100004, 7.980710821000058], [124.38440180400005, 7.981729688000032], [124.38880602200004, 7.981146645000021], [124.38822295700004, 7.98422324100005]]]}}, {"type": "Feature", "properties": {"province": "Lanao del Sur", "municipality": "Bubong", "barangay": "Pagayawan"}, "geometry": {"type": "Polygon", "coordinates": [[[124.37905512800013, 7.981431252000048], [124.3730897260001, 7.982389978000072], [124.37233114200002, 7.97974572100003], [124.38068397300002, 7.976063683000062], [124.37898081300011, 7.979669951000062], [124.37905512800013, 7.981431252000048]]]}}, {"type": "Feature", "properties": {"province": "Lanao del Sur", "municipality": "Bubong", "barangay": "Palao"}, "geometry": {"type": "Polygon", "coordinates": [[[124.41286594600001, 8.02263348100007], [124.41372423500003, 8.035312037000041], [124.38613876800004, 8.020961896000072], [124.38694916400006, 8.00667350200007], [124.39306084500004, 8.003273904000027], [124.40104200300004, 8.012344567000072], [124.41286594600001, 8.02263348100007]]]}}, {"type": "Feature", "properties": {"province": "Lanao del Sur", "municipality": "Bubong", "barangay": "Panalawan"}, "geometry": {"type": "Polygon", "coordinates": [[[124.38140910100003, 7.987550690000036], [124.37938947800002, 7.988657711000032], [124.37767137200002, 7.985208319000037], [124.37909576600009, 7.981779750000043], [124.38140910100003, 7.987550690000036]]]}}, {"type": "Feature", "properties": {"province": "Lanao del Sur", "municipality": "Bubong", "barangay": "Pantar"}, "geometry": {"type": "Polygon", "coordinates": [[[124.40113008600008, 7.979124465000043], [124.39646857700008, 7.981238844000075], [124.39314018000006, 7.97884162200006], [124.39380950900012, 7.978670572000055], [124.39885919200003, 7.97595326100003], [124.44385407500012, 7.953333454000072], [124.4499241960001, 7.957784877000054], [124.40113008600008, 7.979124465000043]]]}}, {"type": "Feature", "properties": {"province": "Lanao del Sur", "municipality": "Bubong", "barangay": "Pendogoan"}, "geometry": {"type": "Polygon", "coordinates": [[[124.38024386300005, 8.020416614000057], [124.37687058600011, 8.020937787000035], [124.3667480370001, 7.991654341000072], [124.36839232000011, 7.983422311000027], [124.36838563000005, 7.980303239000023], [124.37233114200002, 7.97974572100003], [124.3730897260001, 7.982389978000072], [124.37369710500002, 7.984607485000026], [124.37533214100006, 7.989931126000042], [124.373319142, 7.990675109000051], [124.37643225400008, 8.009636275000048], [124.38024386300005, 8.020416614000057]]]}}, {"type": "Feature", "properties": {"province": "Lanao del Sur", "municipality": "Bubong", "barangay": "Polayagan"}, "geometry": {"type": "Polygon", "coordinates": [[[124.38092477300006, 7.992456406000033], [124.37869482400004, 7.993330862000052], [124.37718928900006, 7.989441427000031], [124.37938947800002, 7.988657711000032], [124.38092477300006, 7.992456406000033]]]}}, {"type": "Feature", "properties": {"province": "Lanao del Sur", "municipality": "Bubong", "barangay": "Ramain Bubong"}, "geometry": {"type": "Polygon", "coordinates": [[[124.35987991000003, 7.98213799800004], [124.35577309500002, 7.983013061000067], [124.36445223700002, 7.978343748000043], [124.35987991000003, 7.98213799800004]]]}}, {"type": "Feature", "properties": {"province": "Lanao del Sur", "municipality": "Bubong", "barangay": "Rogero"}, "geometry": {"type": "Polygon", "coordinates": [[[124.4671228740001, 7.968306421000023], [124.5616972040001, 7.996090109000022], [124.54880669100011, 8.041581140000062], [124.41372423500003, 8.035312037000041], [124.41286594600001, 8.02263348100007], [124.41091605700002, 8.002354968000077], [124.4671228740001, 7.968306421000023]]]}}, {"type": "Feature", "properties": {"province": "Lanao del Sur", "municipality": "Bubong", "barangay": "Salipongan"}, "geometry": {"type": "Polygon", "coordinates": [[[124.39017237800012, 7.984386957000026], [124.38576038500004, 7.991449641000031], [124.38412601200004, 7.990034847000059], [124.38822295700004, 7.98422324100005], [124.39017237800012, 7.984386957000026]]]}}, {"type": "Feature", "properties": {"province": "Lanao del Sur", "municipality": "Bubong", "barangay": "Sunggod"}, "geometry": {"type": "Polygon", "coordinates": [[[124.38880602200004, 7.981146645000021], [124.38440180400005, 7.981729688000032], [124.38698304200011, 7.975478027000063], [124.39380950900012, 7.978670572000055], [124.39314018000006, 7.97884162200006], [124.38880602200004, 7.981146645000021]]]}}, {"type": "Feature", "properties": {"province": "Lanao del Sur", "municipality": "Bubong", "barangay": "Taboro"}, "geometry": {"type": "Polygon", "coordinates": [[[124.39646857700008, 7.981238844000075], [124.39459170000009, 7.98875244800007], [124.39164203900009, 7.986844802000064], [124.39017237800012, 7.984386957000026], [124.38822295700004, 7.98422324100005], [124.38880602200004, 7.981146645000021], [124.39314018000006, 7.97884162200006], [124.39646857700008, 7.981238844000075]]]}}, {"type": "Feature", "properties": {"province": "Lanao del Sur", "municipality": "Bubong", "barangay": "Dalaon"}, "geometry": {"type": "Polygon", "coordinates": [[[124.37869482400004, 7.993330862000052], [124.37464365900007, 7.995204440000065], [124.373319142, 7.990675109000051], [124.37533214100006, 7.989931126000042], [124.37718928900006, 7.989441427000031], [124.37869482400004, 7.993330862000052]]]}}, {"type": "Feature", "properties": {"province": "Lanao del Sur", "municipality": "Bubong", "barangay": "Dimayon"}, "geometry": {"type": "Polygon", "coordinates": [[[124.44385407500012, 7.953333454000072], [124.39885919200003, 7.97595326100003], [124.39925137000012, 7.970864054000061], [124.44385407500012, 7.953333454000072]]]}}, {"type": "Feature", "properties": {"province": "Lanao del Sur", "municipality": "Bubong", "barangay": "Pindolonan"}, "geometry": {"type": "Polygon", "coordinates": [[[124.3656385480001, 7.983576224000045], [124.35987991000003, 7.98213799800004], [124.36445223700002, 7.978343748000043], [124.36838563000005, 7.980303239000023], [124.36839232000011, 7.983422311000027], [124.3656385480001, 7.983576224000045]]]}}, {"type": "Feature", "properties": {"province": "Lanao del Sur", "municipality": "Bubong", "barangay": "Punud"}, "geometry": {"type": "Polygon", "coordinates": [[[124.45781535400012, 7.962843312000078], [124.40404071400006, 7.987786711000069], [124.40113008600008, 7.979124465000043], [124.4499241960001, 7.957784877000054], [124.45781535400012, 7.962843312000078]]]}}, {"type": "Feature", "properties": {"province": "Lanao del Sur", "municipality": "Buadipuso Buntong", "barangay": "Bacolod"}, "geometry": {"type": "Polygon", "coordinates": [[[124.36382588800006, 7.959796160000052], [124.36183486800006, 7.964222901000028], [124.35955407600011, 7.961501774000054], [124.3595114200001, 7.957531070000071], [124.36367718300004, 7.958698208000042], [124.36382588800006, 7.959796160000052]]]}}, {"type": "Feature", "properties": {"province": "Lanao del Sur", "municipality": "Buadipuso Buntong", "barangay": "Bangon"}, "geometry": {"type": "Polygon", "coordinates": [[[124.4116111410001, 7.963233215000059], [124.39697556500003, 7.971807974000059], [124.39175833, 7.962152612000065], [124.4116111410001, 7.963233215000059]]]}}, {"type": "Feature", "properties": {"province": "Lanao del Sur", "municipality": "Buadipuso Buntong", "barangay": "Buadiposo Lilod"}, "geometry": {"type": "Polygon", "coordinates": [[[124.36609466300001, 7.964512039000056], [124.36332339600006, 7.965969558000037], [124.36183486800006, 7.964222901000028], [124.36382588800006, 7.959796160000052], [124.36824142000012, 7.962453423000056], [124.36800135700003, 7.962863436000019], [124.36609466300001, 7.964512039000056]]]}}, {"type": "Feature", "properties": {"province": "Lanao del Sur", "municipality": "Buadipuso Buntong", "barangay": "Buadiposo Proper"}, "geometry": {"type": "Polygon", "coordinates": [[[124.36875638900004, 7.96344762800004], [124.36747425500005, 7.967483921000051], [124.36609466300001, 7.964512039000056], [124.36800135700003, 7.962863436000019], [124.36875638900004, 7.96344762800004]]]}}, {"type": "Feature", "properties": {"province": "Lanao del Sur", "municipality": "Buadipuso Buntong", "barangay": "Bubong"}, "geometry": {"type": "Polygon", "coordinates": [[[124.38912991200004, 7.962022513000021], [124.38903498200013, 7.96302896100002], [124.38460353900005, 7.960821500000065], [124.38542555400011, 7.956175661000031], [124.38967639600004, 7.956474528000056], [124.38912991200004, 7.962022513000021]]]}}, {"type": "Feature", "properties": {"province": "Lanao del Sur", "municipality": "Buadipuso Buntong", "barangay": "Buntong Proper"}, "geometry": {"type": "Polygon", "coordinates": [[[124.3815213030001, 7.956609065000063], [124.37863833600011, 7.95616603600007], [124.37849204100006, 7.950827784000068], [124.37996274400005, 7.948873769000043], [124.3815213030001, 7.956609065000063]]]}}, {"type": "Feature", "properties": {"province": "Lanao del Sur", "municipality": "Buadipuso Buntong", "barangay": "Cadayonan"}, "geometry": {"type": "Polygon", "coordinates": [[[124.38903498200013, 7.96302896100002], [124.39172735500006, 7.973732107000046], [124.3824966640001, 7.964260482000042], [124.38385464500004, 7.962789280000036], [124.38460353900005, 7.960821500000065], [124.38903498200013, 7.96302896100002]]]}}, {"type": "Feature", "properties": {"province": "Lanao del Sur", "municipality": "Buadipuso Buntong", "barangay": "Dansalan"}, "geometry": {"type": "Polygon", "coordinates": [[[124.37717809200002, 7.95875580300003], [124.376051028, 7.960792987000048], [124.37322857300002, 7.959183969000033], [124.37125563800008, 7.95793286600002], [124.36723709500005, 7.955499894000072], [124.36783748700009, 7.95406581100002], [124.37717809200002, 7.95875580300003]]]}}, {"type": "Feature", "properties": {"province": "Lanao del Sur", "municipality": "Buadipuso Buntong", "barangay": "Gata"}, "geometry": {"type": "Polygon", "coordinates": [[[124.38072390200013, 7.940799476000052], [124.37149611200005, 7.942517625000051], [124.40593836900008, 7.929503630000054], [124.38072390200013, 7.940799476000052]]]}}, {"type": "Feature", "properties": {"province": "Lanao del Sur", "municipality": "Buadipuso Buntong", "barangay": "Kalakala"}, "geometry": {"type": "Polygon", "coordinates": [[[124.3769059230001, 7.966377829000066], [124.37659231500004, 7.966568991000031], [124.3738322270001, 7.964735535000044], [124.376051028, 7.960792987000048], [124.37717809200002, 7.95875580300003], [124.37800847600012, 7.959106812000072], [124.38076219100003, 7.960594967000079], [124.3769059230001, 7.966377829000066]]]}}, {"type": "Feature", "properties": {"province": "Lanao del Sur", "municipality": "Buadipuso Buntong", "barangay": "Katogonan"}, "geometry": {"type": "Polygon", "coordinates": [[[124.38460353900005, 7.960821500000065], [124.38385464500004, 7.962789280000036], [124.38076219100003, 7.960594967000079], [124.37800847600012, 7.959106812000072], [124.37863833600011, 7.95616603600007], [124.3815213030001, 7.956609065000063], [124.38306160600008, 7.955621634000069], [124.38542555400011, 7.956175661000031], [124.38460353900005, 7.960821500000065]]]}}, {"type": "Feature", "properties": {"province": "Lanao del Sur", "municipality": "Buadipuso Buntong", "barangay": "Lumbac"}, "geometry": {"type": "Polygon", "coordinates": [[[124.37973646800005, 7.967136710000034], [124.3769059230001, 7.966377829000066], [124.38076219100003, 7.960594967000079], [124.38385464500004, 7.962789280000036], [124.3824966640001, 7.964260482000042], [124.37973646800005, 7.967136710000034]]]}}, {"type": "Feature", "properties": {"province": "Lanao del Sur", "municipality": "Buadipuso Buntong", "barangay": "Lumbatan Manacab"}, "geometry": {"type": "Polygon", "coordinates": [[[124.38432101900004, 7.94857193200005], [124.38121399400006, 7.946952517000057], [124.38072390200013, 7.940799476000052], [124.40593836900008, 7.929503630000054], [124.42507912400004, 7.941795172000071], [124.38432101900004, 7.94857193200005]]]}}, {"type": "Feature", "properties": {"province": "Lanao del Sur", "municipality": "Buadipuso Buntong", "barangay": "Lumbatan Pataingud"}, "geometry": {"type": "Polygon", "coordinates": [[[124.376051028, 7.960792987000048], [124.3738322270001, 7.964735535000044], [124.37108049500013, 7.963254706000043], [124.37322857300002, 7.959183969000033], [124.376051028, 7.960792987000048]]]}}, {"type": "Feature", "properties": {"province": "Lanao del Sur", "municipality": "Buadipuso Buntong", "barangay": "Manacab"}, "geometry": {"type": "Polygon", "coordinates": [[[124.37849204100006, 7.950827784000068], [124.37768618200005, 7.950507665000032], [124.37068790700005, 7.948681284000031], [124.37118473900013, 7.947091603000048], [124.37996992, 7.947013743000067], [124.37996274400005, 7.948873769000043], [124.37849204100006, 7.950827784000068]]]}}, {"type": "Feature", "properties": {"province": "Lanao del Sur", "municipality": "Buadipuso Buntong", "barangay": "Minanga"}, "geometry": {"type": "Polygon", "coordinates": [[[124.37768618200005, 7.950507665000032], [124.36962158200004, 7.950866017000067], [124.37068790700005, 7.948681284000031], [124.37768618200005, 7.950507665000032]]]}}, {"type": "Feature", "properties": {"province": "Lanao del Sur", "municipality": "Buadipuso Buntong", "barangay": "Paling"}, "geometry": {"type": "Polygon", "coordinates": [[[124.38801795300003, 7.975118374000031], [124.37659231500004, 7.966568991000031], [124.3769059230001, 7.966377829000066], [124.37973646800005, 7.967136710000034], [124.38801795300003, 7.975118374000031]]]}}, {"type": "Feature", "properties": {"province": "Lanao del Sur", "municipality": "Buadipuso Buntong", "barangay": "Pindolonan"}, "geometry": {"type": "Polygon", "coordinates": [[[124.35788124900012, 7.963775340000042], [124.3547224460001, 7.966206691000025], [124.35557307100011, 7.957674365000059], [124.35788124900012, 7.963775340000042]]]}}, {"type": "Feature", "properties": {"province": "Lanao del Sur", "municipality": "Buadipuso Buntong", "barangay": "Pualas"}, "geometry": {"type": "Polygon", "coordinates": [[[124.39172735500006, 7.973732107000046], [124.38801795300003, 7.975118374000031], [124.37973646800005, 7.967136710000034], [124.3824966640001, 7.964260482000042], [124.39172735500006, 7.973732107000046]]]}}, {"type": "Feature", "properties": {"province": "Lanao del Sur", "municipality": "Buadipuso Buntong", "barangay": "Buadiposo Raya"}, "geometry": {"type": "Polygon", "coordinates": [[[124.37108049500013, 7.963254706000043], [124.36875638900004, 7.96344762800004], [124.36800135700003, 7.962863436000019], [124.36824142000012, 7.962453423000056], [124.37125563800008, 7.95793286600002], [124.37322857300002, 7.959183969000033], [124.37108049500013, 7.963254706000043]]]}}, {"type": "Feature", "properties": {"province": "Lanao del Sur", "municipality": "Buadipuso Buntong", "barangay": "Sapot"}, "geometry": {"type": "Polygon", "coordinates": [[[124.37996992, 7.947013743000067], [124.37118473900013, 7.947091603000048], [124.37149611200005, 7.942517625000051], [124.38072390200013, 7.940799476000052], [124.38121399400006, 7.946952517000057], [124.37996992, 7.947013743000067]]]}}, {"type": "Feature", "properties": {"province": "Lanao del Sur", "municipality": "Buadipuso Buntong", "barangay": "Tangcal"}, "geometry": {"type": "Polygon", "coordinates": [[[124.42613725900003, 7.955584940000051], [124.38967639600004, 7.956474528000056], [124.38542555400011, 7.956175661000031], [124.38306160600008, 7.955621634000069], [124.38432101900004, 7.94857193200005], [124.42507912400004, 7.941795172000071], [124.42613725900003, 7.955584940000051]]]}}, {"type": "Feature", "properties": {"province": "Lanao del Sur", "municipality": "Buadipuso Buntong", "barangay": "Tarik"}, "geometry": {"type": "Polygon", "coordinates": [[[124.37863833600011, 7.95616603600007], [124.37800847600012, 7.959106812000072], [124.37717809200002, 7.95875580300003], [124.36783748700009, 7.95406581100002], [124.36962158200004, 7.950866017000067], [124.37768618200005, 7.950507665000032], [124.37849204100006, 7.950827784000068], [124.37863833600011, 7.95616603600007]]]}}, {"type": "Feature", "properties": {"province": "Lanao del Sur", "municipality": "Buadipuso Buntong", "barangay": "Tuka"}, "geometry": {"type": "Polygon", "coordinates": [[[124.35955407600011, 7.961501774000054], [124.35788124900012, 7.963775340000042], [124.35557307100011, 7.957674365000059], [124.3595114200001, 7.957531070000071], [124.35955407600011, 7.961501774000054]]]}}, {"type": "Feature", "properties": {"province": "Lanao del Sur", "municipality": "Buadipuso Buntong", "barangay": "Bangon Proper"}, "geometry": {"type": "Polygon", "coordinates": [[[124.39697556500003, 7.971807974000059], [124.39172735500006, 7.973732107000046], [124.38903498200013, 7.96302896100002], [124.38912991200004, 7.962022513000021], [124.39175833, 7.962152612000065], [124.39697556500003, 7.971807974000059]]]}}, {"type": "Feature", "properties": {"province": "Lanao del Sur", "municipality": "Buadipuso Buntong", "barangay": "Raya Buntong"}, "geometry": {"type": "Polygon", "coordinates": [[[124.38306160600008, 7.955621634000069], [124.3815213030001, 7.956609065000063], [124.37996274400005, 7.948873769000043], [124.37996992, 7.947013743000067], [124.38121399400006, 7.946952517000057], [124.38432101900004, 7.94857193200005], [124.38306160600008, 7.955621634000069]]]}}, {"type": "Feature", "properties": {"province": "Lanao del Sur", "municipality": "Buadipuso Buntong", "barangay": "Lunduban"}, "geometry": {"type": "Polygon", "coordinates": [[[124.36163256300004, 7.969040413000072], [124.35887449300002, 7.970499010000025], [124.3583134050001, 7.96988181300003], [124.36185663200001, 7.967249867000023], [124.36156796500008, 7.968543081000065], [124.36163256300004, 7.969040413000072]]]}}, {"type": "Feature", "properties": {"province": "Lanao del Sur", "municipality": "Buadipuso Buntong", "barangay": "Ragondingan East"}, "geometry": {"type": "Polygon", "coordinates": [[[124.36747425500005, 7.967483921000051], [124.36156796500008, 7.968543081000065], [124.36185663200001, 7.967249867000023], [124.36332339600006, 7.965969558000037], [124.36609466300001, 7.964512039000056], [124.36747425500005, 7.967483921000051]]]}}, {"type": "Feature", "properties": {"province": "Lanao del Sur", "municipality": "Buadipuso Buntong", "barangay": "Ragondingan Proper"}, "geometry": {"type": "Polygon", "coordinates": [[[124.36185663200001, 7.967249867000023], [124.3583134050001, 7.96988181300003], [124.3547224460001, 7.966206691000025], [124.35788124900012, 7.963775340000042], [124.35955407600011, 7.961501774000054], [124.36183486800006, 7.964222901000028], [124.36332339600006, 7.965969558000037], [124.36185663200001, 7.967249867000023]]]}}, {"type": "Feature", "properties": {"province": "Lanao del Sur", "municipality": "Buadipuso Buntong", "barangay": "Ragondingan West"}, "geometry": {"type": "Polygon", "coordinates": [[[124.36747425500005, 7.967483921000051], [124.36649963500008, 7.971036451000034], [124.36163256300004, 7.969040413000072], [124.36156796500008, 7.968543081000065], [124.36747425500005, 7.967483921000051]]]}}, {"type": "Feature", "properties": {"province": "Lanao del Sur", "municipality": "Buadipuso Buntong", "barangay": "Boto Ragondingan"}, "geometry": {"type": "Polygon", "coordinates": [[[124.36649963500008, 7.971036451000034], [124.35887449300002, 7.970499010000025], [124.36163256300004, 7.969040413000072], [124.36649963500008, 7.971036451000034]]]}}, {"type": "Feature", "properties": {"province": "Lanao del Sur", "municipality": "Buadipuso Buntong", "barangay": "Datu Tambara"}, "geometry": {"type": "Polygon", "coordinates": [[[124.37125563800008, 7.95793286600002], [124.36824142000012, 7.962453423000056], [124.36382588800006, 7.959796160000052], [124.36367718300004, 7.958698208000042], [124.36723709500005, 7.955499894000072], [124.37125563800008, 7.95793286600002]]]}}, {"type": "Feature", "properties": {"province": "Lanao del Sur", "municipality": "Buadipuso Buntong", "barangay": "Dirisan"}, "geometry": {"type": "Polygon", "coordinates": [[[124.42613725900003, 7.955584940000051], [124.4116111410001, 7.963233215000059], [124.39175833, 7.962152612000065], [124.38912991200004, 7.962022513000021], [124.38967639600004, 7.956474528000056], [124.42613725900003, 7.955584940000051]]]}}, {"type": "Feature", "properties": {"province": "Lanao del Sur", "municipality": "Maguing", "barangay": "Agagan"}, "geometry": {"type": "Polygon", "coordinates": [[[124.372382764, 7.879896595000047], [124.37014117900004, 7.880987516000061], [124.36668414600003, 7.879601266000067], [124.3603869970001, 7.877063763000025], [124.38312204600004, 7.868473792000032], [124.38558285900002, 7.874957967000059], [124.37978933300009, 7.877033277000066], [124.37649634500006, 7.878233176000038], [124.37491373800005, 7.878835622000053], [124.37368434300004, 7.879278578000026], [124.372382764, 7.879896595000047]]]}}, {"type": "Feature", "properties": {"province": "Lanao del Sur", "municipality": "Maguing", "barangay": "Balagunun"}, "geometry": {"type": "Polygon", "coordinates": [[[124.36094231400011, 7.885267591000061], [124.35958430500011, 7.89873790000007], [124.35729486500007, 7.898426878000065], [124.3580453840001, 7.881355741000049], [124.3596865090001, 7.88143525700002], [124.36077564900006, 7.882367075000047], [124.36094231400011, 7.885267591000061]]]}}, {"type": "Feature", "properties": {"province": "Lanao del Sur", "municipality": "Maguing", "barangay": "Bolao"}, "geometry": {"type": "Polygon", "coordinates": [[[124.36523172600005, 7.888601152000034], [124.36300731200004, 7.900097392000021], [124.35958430500011, 7.89873790000007], [124.36094231400011, 7.885267591000061], [124.36489269800006, 7.886605328000031], [124.36523172600005, 7.888601152000034]]]}}, {"type": "Feature", "properties": {"province": "Lanao del Sur", "municipality": "Maguing", "barangay": "Balawag"}, "geometry": {"type": "Polygon", "coordinates": [[[124.40324932700003, 7.86702716700006], [124.38558285900002, 7.874957967000059], [124.38312204600004, 7.868473792000032], [124.422018997, 7.857574402000067], [124.4233410380001, 7.859814452000025], [124.40324932700003, 7.86702716700006]]]}}, {"type": "Feature", "properties": {"province": "Lanao del Sur", "municipality": "Maguing", "barangay": "Balintao"}, "geometry": {"type": "Polygon", "coordinates": [[[124.39561633000004, 7.886388896000027], [124.39062822800008, 7.886532354000055], [124.38967689400009, 7.882566351000035], [124.39334630000006, 7.880895761000034], [124.39561633000004, 7.886388896000027]]]}}, {"type": "Feature", "properties": {"province": "Lanao del Sur", "municipality": "Maguing", "barangay": "Borocot"}, "geometry": {"type": "Polygon", "coordinates": [[[124.3698380520001, 7.885029219000045], [124.36621697400007, 7.889080525000056], [124.36523172600005, 7.888601152000034], [124.36489269800006, 7.886605328000031], [124.36996435500009, 7.882957846000068], [124.3698380520001, 7.885029219000045]]]}}, {"type": "Feature", "properties": {"province": "Lanao del Sur", "municipality": "Maguing", "barangay": "Bato-bato"}, "geometry": {"type": "Polygon", "coordinates": [[[124.58024583200006, 7.952391303000071], [124.55375745100001, 7.99398914300002], [124.38764841900003, 7.917641], [124.38514598600011, 7.898001409000074], [124.39622158700001, 7.897584797000034], [124.58024583200006, 7.952391303000071]]]}}, {"type": "Feature", "properties": {"province": "Lanao del Sur", "municipality": "Maguing", "barangay": "Borrowa"}, "geometry": {"type": "Polygon", "coordinates": [[[124.35388198600005, 7.880651516000058], [124.35570004300007, 7.894902190000035], [124.35012223500007, 7.880106396000031], [124.35371075000012, 7.876919967000048], [124.35388198600005, 7.880651516000058]]]}}, {"type": "Feature", "properties": {"province": "Lanao del Sur", "municipality": "Maguing", "barangay": "Buadiangkay"}, "geometry": {"type": "Polygon", "coordinates": [[[124.3802454580001, 7.890927109000074], [124.37615632200003, 7.88928024100005], [124.37649634500006, 7.878233176000038], [124.37978933300009, 7.877033277000066], [124.3802454580001, 7.890927109000074]]]}}, {"type": "Feature", "properties": {"province": "Lanao del Sur", "municipality": "Maguing", "barangay": "Bubong Bayabao"}, "geometry": {"type": "Polygon", "coordinates": [[[124.397789567, 7.887389903000043], [124.39561633000004, 7.886388896000027], [124.39334630000006, 7.880895761000034], [124.39545420700006, 7.879972753000062], [124.39826072100006, 7.88537039800002], [124.397789567, 7.887389903000043]]]}}, {"type": "Feature", "properties": {"province": "Lanao del Sur", "municipality": "Maguing", "barangay": "Botud"}, "geometry": {"type": "Polygon", "coordinates": [[[124.3596865090001, 7.88143525700002], [124.3580453840001, 7.881355741000049], [124.35388198600005, 7.880651516000058], [124.35371075000012, 7.876919967000048], [124.3603869970001, 7.877063763000025], [124.3596865090001, 7.88143525700002]]]}}, {"type": "Feature", "properties": {"province": "Lanao del Sur", "municipality": "Maguing", "barangay": "Camalig"}, "geometry": {"type": "Polygon", "coordinates": [[[124.38967689400009, 7.882566351000035], [124.3857207970001, 7.885249658000019], [124.38558285900002, 7.874957967000059], [124.40324932700003, 7.86702716700006], [124.4073890620001, 7.872024649000025], [124.40392256000007, 7.874279020000076], [124.39868215700004, 7.877819147000026], [124.39545420700006, 7.879972753000062], [124.39334630000006, 7.880895761000034], [124.38967689400009, 7.882566351000035]]]}}, {"type": "Feature", "properties": {"province": "Lanao del Sur", "municipality": "Maguing", "barangay": "Cambong"}, "geometry": {"type": "Polygon", "coordinates": [[[124.41153280800008, 7.870436229000063], [124.4073890620001, 7.872024649000025], [124.40324932700003, 7.86702716700006], [124.4233410380001, 7.859814452000025], [124.42624963700007, 7.864752316000022], [124.41153280800008, 7.870436229000063]]]}}, {"type": "Feature", "properties": {"province": "Lanao del Sur", "municipality": "Maguing", "barangay": "Dilausan"}, "geometry": {"type": "Polygon", "coordinates": [[[124.36947155900009, 7.889669923000041], [124.36621697400007, 7.889080525000056], [124.3698380520001, 7.885029219000045], [124.36947155900009, 7.889669923000041]]]}}, {"type": "Feature", "properties": {"province": "Lanao del Sur", "municipality": "Maguing", "barangay": "Dilimbayan"}, "geometry": {"type": "Polygon", "coordinates": [[[124.59695882500013, 7.920316348000029], [124.58024583200006, 7.952391303000071], [124.39622158700001, 7.897584797000034], [124.397789567, 7.887389903000043], [124.39826072100006, 7.88537039800002], [124.40173046100004, 7.883828491000032], [124.40780359400003, 7.879698192000036], [124.41266708600007, 7.877491639000027], [124.41423622700006, 7.877973530000075], [124.59695882500013, 7.920316348000029]]]}}, {"type": "Feature", "properties": {"province": "Lanao del Sur", "municipality": "Maguing", "barangay": "Ilalag"}, "geometry": {"type": "Polygon", "coordinates": [[[124.422018997, 7.857574402000067], [124.55495932400002, 7.881429345000071], [124.42624941100007, 7.87056495400003], [124.42624963700007, 7.864752316000022], [124.4233410380001, 7.859814452000025], [124.422018997, 7.857574402000067]]]}}, {"type": "Feature", "properties": {"province": "Lanao del Sur", "municipality": "Maguing", "barangay": "Kianodan"}, "geometry": {"type": "Polygon", "coordinates": [[[124.41423622700006, 7.877973530000075], [124.41266708600007, 7.877491639000027], [124.41153280800008, 7.870436229000063], [124.42624963700007, 7.864752316000022], [124.42624941100007, 7.87056495400003], [124.41423622700006, 7.877973530000075]]]}}, {"type": "Feature", "properties": {"province": "Lanao del Sur", "municipality": "Maguing", "barangay": "Lumbac"}, "geometry": {"type": "Polygon", "coordinates": [[[124.37014117900004, 7.880987516000061], [124.36094231400011, 7.885267591000061], [124.36077564900006, 7.882367075000047], [124.36668414600003, 7.879601266000067], [124.37014117900004, 7.880987516000061]]]}}, {"type": "Feature", "properties": {"province": "Lanao del Sur", "municipality": "Maguing", "barangay": "Madanding"}, "geometry": {"type": "Polygon", "coordinates": [[[124.37437279800008, 7.89149624500004], [124.37252842400005, 7.890301477000037], [124.372382764, 7.879896595000047], [124.37368434300004, 7.879278578000026], [124.37437279800008, 7.89149624500004]]]}}, {"type": "Feature", "properties": {"province": "Lanao del Sur", "municipality": "Maguing", "barangay": "Madaya"}, "geometry": {"type": "Polygon", "coordinates": [[[124.37145051900006, 7.890694592000044], [124.36947155900009, 7.889669923000041], [124.3698380520001, 7.885029219000045], [124.36996435500009, 7.882957846000068], [124.37014117900004, 7.880987516000061], [124.372382764, 7.879896595000047], [124.37252842400005, 7.890301477000037], [124.37145051900006, 7.890694592000044]]]}}, {"type": "Feature", "properties": {"province": "Lanao del Sur", "municipality": "Maguing", "barangay": "Maguing Proper"}, "geometry": {"type": "Polygon", "coordinates": [[[124.39622158700001, 7.897584797000034], [124.38514598600011, 7.898001409000074], [124.38384502800011, 7.891350571000033], [124.38630375900004, 7.888812252000037], [124.39062822800008, 7.886532354000055], [124.39561633000004, 7.886388896000027], [124.397789567, 7.887389903000043], [124.39622158700001, 7.897584797000034]]]}}, {"type": "Feature", "properties": {"province": "Lanao del Sur", "municipality": "Maguing", "barangay": "Malungun"}, "geometry": {"type": "Polygon", "coordinates": [[[124.38083010500009, 7.891780062000068], [124.37511450700002, 7.909179270000038], [124.36902792000002, 7.904442911000047], [124.37145051900006, 7.890694592000044], [124.37252842400005, 7.890301477000037], [124.37437279800008, 7.89149624500004], [124.37502908500005, 7.889270359000023], [124.37615632200003, 7.88928024100005], [124.3802454580001, 7.890927109000074], [124.38083010500009, 7.891780062000068]]]}}, {"type": "Feature", "properties": {"province": "Lanao del Sur", "municipality": "Maguing", "barangay": "Pagalongan"}, "geometry": {"type": "Polygon", "coordinates": [[[124.38384502800011, 7.891350571000033], [124.38083010500009, 7.891780062000068], [124.3802454580001, 7.890927109000074], [124.37978933300009, 7.877033277000066], [124.38558285900002, 7.874957967000059], [124.3857207970001, 7.885249658000019], [124.38630375900004, 7.888812252000037], [124.38384502800011, 7.891350571000033]]]}}, {"type": "Feature", "properties": {"province": "Lanao del Sur", "municipality": "Maguing", "barangay": "Panayangan"}, "geometry": {"type": "Polygon", "coordinates": [[[124.40780359400003, 7.879698192000036], [124.40173046100004, 7.883828491000032], [124.39868215700004, 7.877819147000026], [124.40392256000007, 7.874279020000076], [124.40780359400003, 7.879698192000036]]]}}, {"type": "Feature", "properties": {"province": "Lanao del Sur", "municipality": "Maguing", "barangay": "Pilimoknan"}, "geometry": {"type": "Polygon", "coordinates": [[[124.39062822800008, 7.886532354000055], [124.38630375900004, 7.888812252000037], [124.3857207970001, 7.885249658000019], [124.38967689400009, 7.882566351000035], [124.39062822800008, 7.886532354000055]]]}}, {"type": "Feature", "properties": {"province": "Lanao del Sur", "municipality": "Maguing", "barangay": "Ragayan"}, "geometry": {"type": "Polygon", "coordinates": [[[124.55495932400002, 7.881429345000071], [124.59695882500013, 7.920316348000029], [124.41423622700006, 7.877973530000075], [124.42624941100007, 7.87056495400003], [124.55495932400002, 7.881429345000071]]]}}, {"type": "Feature", "properties": {"province": "Lanao del Sur", "municipality": "Maguing", "barangay": "Lilod Maguing"}, "geometry": {"type": "Polygon", "coordinates": [[[124.38514598600011, 7.898001409000074], [124.38764841900003, 7.917641], [124.37511450700002, 7.909179270000038], [124.38083010500009, 7.891780062000068], [124.38384502800011, 7.891350571000033], [124.38514598600011, 7.898001409000074]]]}}, {"type": "Feature", "properties": {"province": "Lanao del Sur", "municipality": "Maguing", "barangay": "Bubong"}, "geometry": {"type": "Polygon", "coordinates": [[[124.40173046100004, 7.883828491000032], [124.39826072100006, 7.88537039800002], [124.39545420700006, 7.879972753000062], [124.39868215700004, 7.877819147000026], [124.40173046100004, 7.883828491000032]]]}}, {"type": "Feature", "properties": {"province": "Lanao del Sur", "municipality": "Maguing", "barangay": "Lilod Borocot"}, "geometry": {"type": "Polygon", "coordinates": [[[124.36489269800006, 7.886605328000031], [124.36094231400011, 7.885267591000061], [124.37014117900004, 7.880987516000061], [124.36996435500009, 7.882957846000068], [124.36489269800006, 7.886605328000031]]]}}, {"type": "Feature", "properties": {"province": "Lanao del Sur", "municipality": "Maguing", "barangay": "Malungun Borocot"}, "geometry": {"type": "Polygon", "coordinates": [[[124.37502908500005, 7.889270359000023], [124.37437279800008, 7.89149624500004], [124.37368434300004, 7.879278578000026], [124.37491373800005, 7.878835622000053], [124.37502908500005, 7.889270359000023]]]}}, {"type": "Feature", "properties": {"province": "Lanao del Sur", "municipality": "Maguing", "barangay": "Malungun Pagalongan"}, "geometry": {"type": "Polygon", "coordinates": [[[124.37615632200003, 7.88928024100005], [124.37502908500005, 7.889270359000023], [124.37491373800005, 7.878835622000053], [124.37649634500006, 7.878233176000038], [124.37615632200003, 7.88928024100005]]]}}, {"type": "Feature", "properties": {"province": "Lanao del Sur", "municipality": "Maguing", "barangay": "Sabala Dilausan"}, "geometry": {"type": "Polygon", "coordinates": [[[124.37145051900006, 7.890694592000044], [124.36902792000002, 7.904442911000047], [124.36300731200004, 7.900097392000021], [124.36523172600005, 7.888601152000034], [124.36621697400007, 7.889080525000056], [124.36947155900009, 7.889669923000041], [124.37145051900006, 7.890694592000044]]]}}, {"type": "Feature", "properties": {"province": "Lanao del Sur", "municipality": "Maguing", "barangay": "Lumbac-Dimarao"}, "geometry": {"type": "Polygon", "coordinates": [[[124.36668414600003, 7.879601266000067], [124.36077564900006, 7.882367075000047], [124.3596865090001, 7.88143525700002], [124.3603869970001, 7.877063763000025], [124.36668414600003, 7.879601266000067]]]}}, {"type": "Feature", "properties": {"province": "Lanao del Sur", "municipality": "Maguing", "barangay": "Pindolonan"}, "geometry": {"type": "Polygon", "coordinates": [[[124.3580453840001, 7.881355741000049], [124.35729486500007, 7.898426878000065], [124.35570004300007, 7.894902190000035], [124.35388198600005, 7.880651516000058], [124.3580453840001, 7.881355741000049]]]}}, {"type": "Feature", "properties": {"province": "Lanao del Sur", "municipality": "Ditsaan Ramain", "barangay": "Bagoaingud"}, "geometry": {"type": "Polygon", "coordinates": [[[124.3627026570001, 7.977084546000071], [124.35540189200003, 7.980049661000067], [124.35452927800009, 7.979450784000049], [124.35747546200004, 7.976952753000035], [124.3627026570001, 7.977084546000071]]]}}, {"type": "Feature", "properties": {"province": "Lanao del Sur", "municipality": "Ditsaan Ramain", "barangay": "Barimbingan"}, "geometry": {"type": "Polygon", "coordinates": [[[124.36341245900007, 8.027143660000036], [124.35878115900005, 8.029840645000036], [124.34290043500006, 7.994830844000035], [124.34349261300008, 7.993591908000043], [124.34898649900003, 7.994217246000063], [124.36341245900007, 8.027143660000036]]]}}, {"type": "Feature", "properties": {"province": "Lanao del Sur", "municipality": "Ditsaan Ramain", "barangay": "Bayabao"}, "geometry": {"type": "Polygon", "coordinates": [[[124.35827080500007, 7.993676436000047], [124.35676939200006, 7.993760345000054], [124.35364124600005, 7.981744630000036], [124.35300000600012, 7.978651547000025], [124.35452927800009, 7.979450784000049], [124.35540189200003, 7.980049661000067], [124.35827080500007, 7.993676436000047]]]}}, {"type": "Feature", "properties": {"province": "Lanao del Sur", "municipality": "Ditsaan Ramain", "barangay": "Buadi Babai"}, "geometry": {"type": "Polygon", "coordinates": [[[124.34521671700008, 7.977221816000053], [124.34157132100006, 7.978084754000064], [124.33982329000004, 7.974936977000024], [124.34421004700006, 7.973044037000022], [124.3451067950001, 7.972986824000031], [124.34521671700008, 7.977221816000053]]]}}, {"type": "Feature", "properties": {"province": "Lanao del Sur", "municipality": "Ditsaan Ramain", "barangay": "Buadi Alao"}, "geometry": {"type": "Polygon", "coordinates": [[[124.3451067950001, 7.972986824000031], [124.34421004700006, 7.973044037000022], [124.34187918400005, 7.970214454000028], [124.34256869000002, 7.969363792000025], [124.3450478430001, 7.971826132000047], [124.3456836690001, 7.972946907000052], [124.3451067950001, 7.972986824000031]]]}}, {"type": "Feature", "properties": {"province": "Lanao del Sur", "municipality": "Ditsaan Ramain", "barangay": "Buadi Oloc"}, "geometry": {"type": "Polygon", "coordinates": [[[124.34912002900013, 7.969418590000031], [124.34603853600004, 7.970671668000023], [124.34489643000008, 7.969822784000032], [124.34687452300011, 7.96781080300002], [124.35009207200005, 7.968520572000043], [124.34912002900013, 7.969418590000031]]]}}, {"type": "Feature", "properties": {"province": "Lanao del Sur", "municipality": "Ditsaan Ramain", "barangay": "Pagalongan Buadiadingan"}, "geometry": {"type": "Polygon", "coordinates": [[[124.37776178400009, 7.977353149000066], [124.3657547050001, 7.979251255000066], [124.3665717780001, 7.977690273000065], [124.36970800200005, 7.97204000100004], [124.36983143400006, 7.971818334000032], [124.37776178400009, 7.977353149000066]]]}}, {"type": "Feature", "properties": {"province": "Lanao del Sur", "municipality": "Ditsaan Ramain", "barangay": "Dado"}, "geometry": {"type": "Polygon", "coordinates": [[[124.35286934300007, 7.973437908000049], [124.35098716400012, 7.978165340000031], [124.35039450000009, 7.977818106000027], [124.34658918000002, 7.975499336000041], [124.3510612340001, 7.972047345000019], [124.35286934300007, 7.973437908000049]]]}}, {"type": "Feature", "properties": {"province": "Lanao del Sur", "municipality": "Ditsaan Ramain", "barangay": "Dangimprampiai"}, "geometry": {"type": "Polygon", "coordinates": [[[124.35747546200004, 7.976952753000035], [124.35452927800009, 7.979450784000049], [124.35300000600012, 7.978651547000025], [124.35297203000006, 7.978642961000049], [124.35525088400006, 7.975131749000069], [124.35747546200004, 7.976952753000035]]]}}, {"type": "Feature", "properties": {"province": "Lanao del Sur", "municipality": "Ditsaan Ramain", "barangay": "Darimbang"}, "geometry": {"type": "Polygon", "coordinates": [[[124.34421004700006, 7.973044037000022], [124.33982329000004, 7.974936977000024], [124.34187918400005, 7.970214454000028], [124.34421004700006, 7.973044037000022]]]}}, {"type": "Feature", "properties": {"province": "Lanao del Sur", "municipality": "Ditsaan Ramain", "barangay": "Dilausan"}, "geometry": {"type": "Polygon", "coordinates": [[[124.35429075200011, 7.964944037000064], [124.35009207200005, 7.968520572000043], [124.34687452300011, 7.96781080300002], [124.34545384700004, 7.966376930000025], [124.35429075200011, 7.964944037000064]]]}}, {"type": "Feature", "properties": {"province": "Lanao del Sur", "municipality": "Ditsaan Ramain", "barangay": "Ditsaan"}, "geometry": {"type": "Polygon", "coordinates": [[[124.34603853600004, 7.970671668000023], [124.3450478430001, 7.971826132000047], [124.34256869000002, 7.969363792000025], [124.34319755300008, 7.968938632000061], [124.34489643000008, 7.969822784000032], [124.34603853600004, 7.970671668000023]]]}}, {"type": "Feature", "properties": {"province": "Lanao del Sur", "municipality": "Ditsaan Ramain", "barangay": "Gadongan"}, "geometry": {"type": "Polygon", "coordinates": [[[124.34898649900003, 7.994217246000063], [124.34349261300008, 7.993591908000043], [124.34299153700012, 7.99087134100006], [124.34683724100013, 7.987739739000062], [124.35089706300006, 7.987932577000038], [124.35341534400003, 7.988034022000023], [124.3547905690001, 7.993872986000043], [124.34898649900003, 7.994217246000063]]]}}, {"type": "Feature", "properties": {"province": "Lanao del Sur", "municipality": "Ditsaan Ramain", "barangay": "Pagalongan Ginaopan"}, "geometry": {"type": "Polygon", "coordinates": [[[124.38068397300002, 7.976063683000062], [124.37776178400009, 7.977353149000066], [124.36983143400006, 7.971818334000032], [124.37106232400002, 7.969626413000073], [124.38068397300002, 7.976063683000062]]]}}, {"type": "Feature", "properties": {"province": "Lanao del Sur", "municipality": "Ditsaan Ramain", "barangay": "Baclayan Lilod"}, "geometry": {"type": "Polygon", "coordinates": [[[124.34299153700012, 7.99087134100006], [124.34323485800009, 7.980649710000024], [124.3463212910001, 7.983754440000039], [124.34683724100013, 7.987739739000062], [124.34299153700012, 7.99087134100006]]]}}, {"type": "Feature", "properties": {"province": "Lanao del Sur", "municipality": "Ditsaan Ramain", "barangay": "Linamon"}, "geometry": {"type": "Polygon", "coordinates": [[[124.34290043500006, 7.994830844000035], [124.35878115900005, 8.029840645000036], [124.35040105600001, 8.023939764000032], [124.34108305600012, 8.003905165000049], [124.33852478100005, 7.998307399000053], [124.34290043500006, 7.994830844000035]]]}}, {"type": "Feature", "properties": {"province": "Lanao del Sur", "municipality": "Ditsaan Ramain", "barangay": "Lumbatan Ramain"}, "geometry": {"type": "Polygon", "coordinates": [[[124.35676939200006, 7.993760345000054], [124.3547905690001, 7.993872986000043], [124.35341534400003, 7.988034022000023], [124.34970076700006, 7.980047372000057], [124.35039450000009, 7.977818106000027], [124.35098716400012, 7.978165340000031], [124.35130163600003, 7.978371459000072], [124.35364124600005, 7.981744630000036], [124.35676939200006, 7.993760345000054]]]}}, {"type": "Feature", "properties": {"province": "Lanao del Sur", "municipality": "Ditsaan Ramain", "barangay": "Buayaan Madanding"}, "geometry": {"type": "Polygon", "coordinates": [[[124.37133609600005, 7.967297955000049], [124.36904807600001, 7.967040763000057], [124.37347436100002, 7.964382761000024], [124.37133609600005, 7.967297955000049]]]}}, {"type": "Feature", "properties": {"province": "Lanao del Sur", "municipality": "Ditsaan Ramain", "barangay": "Maindig Ditsaan"}, "geometry": {"type": "Polygon", "coordinates": [[[124.35029144500004, 7.971386541000072], [124.3456836690001, 7.972946907000052], [124.3450478430001, 7.971826132000047], [124.34603853600004, 7.970671668000023], [124.34912002900013, 7.969418590000031], [124.35029144500004, 7.971386541000072]]]}}, {"type": "Feature", "properties": {"province": "Lanao del Sur", "municipality": "Ditsaan Ramain", "barangay": "Mandara"}, "geometry": {"type": "Polygon", "coordinates": [[[124.34791131400004, 7.98158920000003], [124.3463212910001, 7.983754440000039], [124.34323485800009, 7.980649710000024], [124.34157132100006, 7.978084754000064], [124.34521671700008, 7.977221816000053], [124.34796952800002, 7.981544710000037], [124.34791131400004, 7.98158920000003]]]}}, {"type": "Feature", "properties": {"province": "Lanao del Sur", "municipality": "Ditsaan Ramain", "barangay": "Maranao Timber"}, "geometry": {"type": "Polygon", "coordinates": [[[124.34108305600012, 8.003905165000049], [124.33539410800007, 8.005578637000042], [124.33852478100005, 7.998307399000053], [124.34108305600012, 8.003905165000049]]]}}, {"type": "Feature", "properties": {"province": "Lanao del Sur", "municipality": "Ditsaan Ramain", "barangay": "Pagalongan Proper"}, "geometry": {"type": "Polygon", "coordinates": [[[124.36983143400006, 7.971818334000032], [124.36970800200005, 7.97204000100004], [124.36649963500008, 7.971036451000034], [124.36723610100013, 7.968344899000046], [124.37106232400002, 7.969626413000073], [124.36983143400006, 7.971818334000032]]]}}, {"type": "Feature", "properties": {"province": "Lanao del Sur", "municipality": "Ditsaan Ramain", "barangay": "Polo"}, "geometry": {"type": "Polygon", "coordinates": [[[124.34489643000008, 7.969822784000032], [124.34319755300008, 7.968938632000061], [124.34545384700004, 7.966376930000025], [124.34687452300011, 7.96781080300002], [124.34489643000008, 7.969822784000032]]]}}, {"type": "Feature", "properties": {"province": "Lanao del Sur", "municipality": "Ditsaan Ramain", "barangay": "Ramain Poblacion"}, "geometry": {"type": "Polygon", "coordinates": [[[124.35364124600005, 7.981744630000036], [124.35130163600003, 7.978371459000072], [124.35297203000006, 7.978642961000049], [124.35300000600012, 7.978651547000025], [124.35364124600005, 7.981744630000036]]]}}, {"type": "Feature", "properties": {"province": "Lanao del Sur", "municipality": "Ditsaan Ramain", "barangay": "Ramain Proper"}, "geometry": {"type": "Polygon", "coordinates": [[[124.34658918000002, 7.975499336000041], [124.34521671700008, 7.977221816000053], [124.3451067950001, 7.972986824000031], [124.3456836690001, 7.972946907000052], [124.35029144500004, 7.971386541000072], [124.3510612340001, 7.972047345000019], [124.34658918000002, 7.975499336000041]]]}}, {"type": "Feature", "properties": {"province": "Lanao del Sur", "municipality": "Ditsaan Ramain", "barangay": "Baclayan Raya"}, "geometry": {"type": "Polygon", "coordinates": [[[124.34791131400004, 7.98158920000003], [124.35089706300006, 7.987932577000038], [124.34683724100013, 7.987739739000062], [124.3463212910001, 7.983754440000039], [124.34791131400004, 7.98158920000003]]]}}, {"type": "Feature", "properties": {"province": "Lanao del Sur", "municipality": "Ditsaan Ramain", "barangay": "Buayaan Raya"}, "geometry": {"type": "Polygon", "coordinates": [[[124.37347436100002, 7.964382761000024], [124.37693587900004, 7.971062692000034], [124.37133609600005, 7.967297955000049], [124.37347436100002, 7.964382761000024]]]}}, {"type": "Feature", "properties": {"province": "Lanao del Sur", "municipality": "Ditsaan Ramain", "barangay": "Rantian"}, "geometry": {"type": "Polygon", "coordinates": [[[124.3665717780001, 7.977690273000065], [124.3657547050001, 7.979251255000066], [124.3627026570001, 7.977084546000071], [124.35747546200004, 7.976952753000035], [124.35525088400006, 7.975131749000069], [124.35286934300007, 7.973437908000049], [124.3510612340001, 7.972047345000019], [124.35029144500004, 7.971386541000072], [124.34912002900013, 7.969418590000031], [124.35009207200005, 7.968520572000043], [124.35429075200011, 7.964944037000064], [124.36291206300005, 7.975283806000051], [124.3665717780001, 7.977690273000065]]]}}, {"type": "Feature", "properties": {"province": "Lanao del Sur", "municipality": "Ditsaan Ramain", "barangay": "Sundiga Bayabao"}, "geometry": {"type": "Polygon", "coordinates": [[[124.34970076700006, 7.980047372000057], [124.35341534400003, 7.988034022000023], [124.35089706300006, 7.987932577000038], [124.34791131400004, 7.98158920000003], [124.34796952800002, 7.981544710000037], [124.34970076700006, 7.980047372000057]]]}}, {"type": "Feature", "properties": {"province": "Lanao del Sur", "municipality": "Ditsaan Ramain", "barangay": "Talub"}, "geometry": {"type": "Polygon", "coordinates": [[[124.34970076700006, 7.980047372000057], [124.34796952800002, 7.981544710000037], [124.34521671700008, 7.977221816000053], [124.34658918000002, 7.975499336000041], [124.35039450000009, 7.977818106000027], [124.34970076700006, 7.980047372000057]]]}}, {"type": "Feature", "properties": {"province": "Lanao del Sur", "municipality": "Ditsaan Ramain", "barangay": "Buayaan Lilod"}, "geometry": {"type": "Polygon", "coordinates": [[[124.37693587900004, 7.971062692000034], [124.38068397300002, 7.976063683000062], [124.37106232400002, 7.969626413000073], [124.36723610100013, 7.968344899000046], [124.36904807600001, 7.967040763000057], [124.37133609600005, 7.967297955000049], [124.37693587900004, 7.971062692000034]]]}}, {"type": "Feature", "properties": {"province": "Lanao del Sur", "municipality": "Ditsaan Ramain", "barangay": "Bubong Dangiprampiai"}, "geometry": {"type": "Polygon", "coordinates": [[[124.35525088400006, 7.975131749000069], [124.35297203000006, 7.978642961000049], [124.35130163600003, 7.978371459000072], [124.35098716400012, 7.978165340000031], [124.35286934300007, 7.973437908000049], [124.35525088400006, 7.975131749000069]]]}}, {"type": "Feature", "properties": {"province": "Lanao del Sur", "municipality": "Ditsaan Ramain", "barangay": "Pagalongan Masioon"}, "geometry": {"type": "Polygon", "coordinates": [[[124.36970800200005, 7.97204000100004], [124.3665717780001, 7.977690273000065], [124.36291206300005, 7.975283806000051], [124.36649963500008, 7.971036451000034], [124.36970800200005, 7.97204000100004]]]}}, {"type": "Feature", "properties": {"province": "Lanao del Sur", "municipality": "Ditsaan Ramain", "barangay": "Sultan Pangadapun"}, "geometry": {"type": "Polygon", "coordinates": [[[124.35827080500007, 7.993676436000047], [124.36341245900007, 8.027143660000036], [124.34898649900003, 7.994217246000063], [124.3547905690001, 7.993872986000043], [124.35676939200006, 7.993760345000054], [124.35827080500007, 7.993676436000047]]]}}, {"type": "Feature", "properties": {"province": "Lanao del Sur", "municipality": "Ditsaan Ramain", "barangay": "Upper Pugaan"}, "geometry": {"type": "Polygon", "coordinates": [[[124.34108305600012, 8.003905165000049], [124.35040105600001, 8.023939764000032], [124.33539410800007, 8.005578637000042], [124.34108305600012, 8.003905165000049]]]}}, {"type": "Feature", "properties": {"province": "Lanao del Sur", "municipality": "Tagoloan", "barangay": "Bantalan"}, "geometry": {"type": "Polygon", "coordinates": [[[124.47955270200009, 8.12629982800007], [124.45414182000003, 8.132667874000047], [124.44085087300004, 8.096057494000036], [124.4685668640001, 8.09203447300007], [124.47955270200009, 8.12629982800007]]]}}, {"type": "Feature", "properties": {"province": "Lanao del Sur", "municipality": "Tagoloan", "barangay": "Bayog"}, "geometry": {"type": "Polygon", "coordinates": [[[124.50289352300001, 8.108373763000033], [124.47955270200009, 8.12629982800007], [124.4685668640001, 8.09203447300007], [124.50178594700003, 8.068493391000061], [124.52369223300002, 8.06895113400003], [124.50289352300001, 8.108373763000033]]]}}, {"type": "Feature", "properties": {"province": "Lanao del Sur", "municipality": "Tagoloan", "barangay": "Cadayonan"}, "geometry": {"type": "Polygon", "coordinates": [[[124.43859509800008, 8.068527935000079], [124.43090472600011, 8.078727795000017], [124.43352072900008, 8.036184126000022], [124.43945903000008, 8.035812982000035], [124.43859509800008, 8.068527935000079]]]}}, {"type": "Feature", "properties": {"province": "Lanao del Sur", "municipality": "Tagoloan", "barangay": "Dagonalan"}, "geometry": {"type": "Polygon", "coordinates": [[[124.54040531200009, 8.076172004000055], [124.5156271640001, 8.121157821000054], [124.50289352300001, 8.108373763000033], [124.52369223300002, 8.06895113400003], [124.53337023400003, 8.064242917000058], [124.54040531200009, 8.076172004000055]]]}}, {"type": "Feature", "properties": {"province": "Lanao del Sur", "municipality": "Tagoloan", "barangay": "Dimalama"}, "geometry": {"type": "Polygon", "coordinates": [[[124.50178594700003, 8.068493391000061], [124.4685668640001, 8.09203447300007], [124.46660510700008, 8.066923985000075], [124.48661502700007, 8.06744712000005], [124.50178594700003, 8.068493391000061]]]}}, {"type": "Feature", "properties": {"province": "Lanao del Sur", "municipality": "Tagoloan", "barangay": "Gayakay"}, "geometry": {"type": "Polygon", "coordinates": [[[124.5156271640001, 8.121157821000054], [124.48026881700002, 8.162042287000075], [124.45414182000003, 8.132667874000047], [124.47955270200009, 8.12629982800007], [124.50289352300001, 8.108373763000033], [124.5156271640001, 8.121157821000054]]]}}, {"type": "Feature", "properties": {"province": "Lanao del Sur", "municipality": "Tagoloan", "barangay": "Inodaran"}, "geometry": {"type": "Polygon", "coordinates": [[[124.43090472600011, 8.078727795000017], [124.42329164700004, 8.078868701000035], [124.42579478500011, 8.041575933000047], [124.43352072900008, 8.036184126000022], [124.43090472600011, 8.078727795000017]]]}}, {"type": "Feature", "properties": {"province": "Lanao del Sur", "municipality": "Tagoloan", "barangay": "Kalilangan"}, "geometry": {"type": "Polygon", "coordinates": [[[124.4169786430001, 8.136178247000032], [124.40630765300011, 8.096956562000058], [124.41233391900003, 8.115818733000026], [124.4169786430001, 8.136178247000032]]]}}, {"type": "Feature", "properties": {"province": "Lanao del Sur", "municipality": "Tagoloan", "barangay": "Kianibong"}, "geometry": {"type": "Polygon", "coordinates": [[[124.41010081700006, 8.082540474000039], [124.4036335490001, 8.081167576000041], [124.40322339600004, 8.066662962000068], [124.41182198600006, 8.05824708800003], [124.41010081700006, 8.082540474000039]]]}}, {"type": "Feature", "properties": {"province": "Lanao del Sur", "municipality": "Tagoloan", "barangay": "Kingan"}, "geometry": {"type": "Polygon", "coordinates": [[[124.4036335490001, 8.081167576000041], [124.40121395800007, 8.083327104000032], [124.40322339600004, 8.066662962000068], [124.4036335490001, 8.081167576000041]]]}}, {"type": "Feature", "properties": {"province": "Lanao del Sur", "municipality": "Tagoloan", "barangay": "Kitaon"}, "geometry": {"type": "Polygon", "coordinates": [[[124.45414182000003, 8.132667874000047], [124.4169786430001, 8.136178247000032], [124.41233391900003, 8.115818733000026], [124.44085087300004, 8.096057494000036], [124.45414182000003, 8.132667874000047]]]}}, {"type": "Feature", "properties": {"province": "Lanao del Sur", "municipality": "Tagoloan", "barangay": "Bagoaingud"}, "geometry": {"type": "Polygon", "coordinates": [[[124.53337023400003, 8.064242917000058], [124.52369223300002, 8.06895113400003], [124.50178594700003, 8.068493391000061], [124.52689643600002, 8.040898010000033], [124.53650904500012, 8.041224969000039], [124.53337023400003, 8.064242917000058]]]}}, {"type": "Feature", "properties": {"province": "Lanao del Sur", "municipality": "Tagoloan", "barangay": "Malinao"}, "geometry": {"type": "Polygon", "coordinates": [[[124.44085087300004, 8.096057494000036], [124.41233391900003, 8.115818733000026], [124.40630765300011, 8.096956562000058], [124.40121395800007, 8.083327104000032], [124.4036335490001, 8.081167576000041], [124.41010081700006, 8.082540474000039], [124.42329164700004, 8.078868701000035], [124.44085087300004, 8.096057494000036]]]}}, {"type": "Feature", "properties": {"province": "Lanao del Sur", "municipality": "Tagoloan", "barangay": "Malingon"}, "geometry": {"type": "Polygon", "coordinates": [[[124.53650904500012, 8.041224969000039], [124.54040531200009, 8.076172004000055], [124.53337023400003, 8.064242917000058], [124.53650904500012, 8.041224969000039]]]}}, {"type": "Feature", "properties": {"province": "Lanao del Sur", "municipality": "Tagoloan", "barangay": "Mama-an Pagalongan"}, "geometry": {"type": "Polygon", "coordinates": [[[124.52689643600002, 8.040898010000033], [124.50178594700003, 8.068493391000061], [124.48661502700007, 8.06744712000005], [124.50518632600004, 8.040244091000034], [124.52689643600002, 8.040898010000033]]]}}, {"type": "Feature", "properties": {"province": "Lanao del Sur", "municipality": "Tagoloan", "barangay": "Marawi"}, "geometry": {"type": "Polygon", "coordinates": [[[124.50518632600004, 8.040244091000034], [124.48661502700007, 8.06744712000005], [124.46660510700008, 8.066923985000075], [124.47157489100003, 8.038020766000045], [124.50518632600004, 8.040244091000034]]]}}, {"type": "Feature", "properties": {"province": "Lanao del Sur", "municipality": "Tagoloan", "barangay": "Maimbaguiang"}, "geometry": {"type": "Polygon", "coordinates": [[[124.42329164700004, 8.078868701000035], [124.41010081700006, 8.082540474000039], [124.41182198600006, 8.05824708800003], [124.42579478500011, 8.041575933000047], [124.42329164700004, 8.078868701000035]]]}}, {"type": "Feature", "properties": {"province": "Lanao del Sur", "municipality": "Tagoloan", "barangay": "Sigayan"}, "geometry": {"type": "Polygon", "coordinates": [[[124.46660510700008, 8.066923985000075], [124.43859509800008, 8.068527935000079], [124.43945903000008, 8.035812982000035], [124.47157489100003, 8.038020766000045], [124.46660510700008, 8.066923985000075]]]}}, {"type": "Feature", "properties": {"province": "Lanao del Sur", "municipality": "Tagoloan", "barangay": "Tagoloan Poblacion"}, "geometry": {"type": "Polygon", "coordinates": [[[124.4685668640001, 8.09203447300007], [124.44085087300004, 8.096057494000036], [124.42329164700004, 8.078868701000035], [124.43090472600011, 8.078727795000017], [124.43859509800008, 8.068527935000079], [124.46660510700008, 8.066923985000075], [124.4685668640001, 8.09203447300007]]]}}, {"type": "Feature", "properties": {"province": "Lanao del Sur", "municipality": "Masiu", "barangay": "Abdullah Buisan"}, "geometry": {"type": "Polygon", "coordinates": [[[124.31724593000001, 7.819597271000021], [124.30893188900006, 7.820639006000024], [124.31017439600011, 7.816190899000047], [124.3183166780001, 7.818480960000044], [124.31724593000001, 7.819597271000021]]]}}, {"type": "Feature", "properties": {"province": "Lanao del Sur", "municipality": "Masiu", "barangay": "Caramian Alim Raya"}, "geometry": {"type": "Polygon", "coordinates": [[[124.3316415700001, 7.826249362000055], [124.32444160700004, 7.835776540000041], [124.32549779300007, 7.831293069000025], [124.32610172400007, 7.828755912000076], [124.3207997400001, 7.820422758000062], [124.3219734390001, 7.818724881000038], [124.32337076600005, 7.817940769000074], [124.32702289200006, 7.821045819000062], [124.3316415700001, 7.826249362000055]]]}}, {"type": "Feature", "properties": {"province": "Lanao del Sur", "municipality": "Masiu", "barangay": "Alip Lalabuan"}, "geometry": {"type": "Polygon", "coordinates": [[[124.31766992600002, 7.81539664300004], [124.3183166780001, 7.818480960000044], [124.31017439600011, 7.816190899000047], [124.31075868800008, 7.811938651000046], [124.31446813800005, 7.812954946000048], [124.31766992600002, 7.81539664300004]]]}}, {"type": "Feature", "properties": {"province": "Lanao del Sur", "municipality": "Masiu", "barangay": "Alumpang Paino Mimbalay"}, "geometry": {"type": "Polygon", "coordinates": [[[124.32583583600001, 7.817063131000056], [124.32702289200006, 7.821045819000062], [124.32337076600005, 7.817940769000074], [124.32504095300008, 7.817139962000055], [124.32583583600001, 7.817063131000056]]]}}, {"type": "Feature", "properties": {"province": "Lanao del Sur", "municipality": "Masiu", "barangay": "Mai Ditimbang Balindong"}, "geometry": {"type": "Polygon", "coordinates": [[[124.32610172400007, 7.828755912000076], [124.32549779300007, 7.831293069000025], [124.31686876900004, 7.829026087000043], [124.31707520500005, 7.828801288000022], [124.32043209700011, 7.822653742000056], [124.32610172400007, 7.828755912000076]]]}}, {"type": "Feature", "properties": {"province": "Lanao del Sur", "municipality": "Masiu", "barangay": "Mai Sindaoloan Dansalan"}, "geometry": {"type": "Polygon", "coordinates": [[[124.31970028600007, 7.799299765000057], [124.31845776300008, 7.802163351000046], [124.31343495200008, 7.799713808000034], [124.31961509700011, 7.794434628000033], [124.31970028600007, 7.799299765000057]]]}}, {"type": "Feature", "properties": {"province": "Lanao del Sur", "municipality": "Masiu", "barangay": "Lakadun"}, "geometry": {"type": "Polygon", "coordinates": [[[124.40051360500001, 7.804714657000034], [124.34141233900004, 7.807530643000065], [124.3304797400001, 7.805763406000039], [124.32925801800002, 7.80238791100004], [124.33220984800006, 7.79979954400005], [124.33425674200008, 7.796706407000046], [124.40915633500003, 7.79342295500004], [124.40051360500001, 7.804714657000034]]]}}, {"type": "Feature", "properties": {"province": "Lanao del Sur", "municipality": "Masiu", "barangay": "Maranat Bontalis"}, "geometry": {"type": "Polygon", "coordinates": [[[124.40051360500001, 7.804714657000034], [124.341695016, 7.812644324000075], [124.34141233900004, 7.807530643000065], [124.40051360500001, 7.804714657000034]]]}}, {"type": "Feature", "properties": {"province": "Lanao del Sur", "municipality": "Masiu", "barangay": "Dalog Balut"}, "geometry": {"type": "Polygon", "coordinates": [[[124.31686876900004, 7.829026087000043], [124.31136585600007, 7.83512023700007], [124.30883011900005, 7.829098859000054], [124.31126442700008, 7.828134140000034], [124.31295384700003, 7.827927239000076], [124.31550225900003, 7.828495940000039], [124.31707520500005, 7.828801288000022], [124.31686876900004, 7.829026087000043]]]}}, {"type": "Feature", "properties": {"province": "Lanao del Sur", "municipality": "Masiu", "barangay": "Gindolongan Alabat"}, "geometry": {"type": "Polygon", "coordinates": [[[124.3304797400001, 7.805763406000039], [124.32752892000006, 7.80681356100007], [124.32693577900012, 7.805454274000056], [124.3275731660001, 7.802764763000027], [124.32749454900011, 7.802499995000063], [124.32925801800002, 7.80238791100004], [124.3304797400001, 7.805763406000039]]]}}, {"type": "Feature", "properties": {"province": "Lanao del Sur", "municipality": "Masiu", "barangay": "Gondarangin Asa Adigao"}, "geometry": {"type": "Polygon", "coordinates": [[[124.32043209700011, 7.822653742000056], [124.31707520500005, 7.828801288000022], [124.31550225900003, 7.828495940000039], [124.31598354200003, 7.822093605000021], [124.31724593000001, 7.819597271000021], [124.3183166780001, 7.818480960000044], [124.3219734390001, 7.818724881000038], [124.3207997400001, 7.820422758000062], [124.32043209700011, 7.822653742000056]]]}}, {"type": "Feature", "properties": {"province": "Lanao del Sur", "municipality": "Masiu", "barangay": "Sawir"}, "geometry": {"type": "Polygon", "coordinates": [[[124.40915633500003, 7.79342295500004], [124.33425674200008, 7.796706407000046], [124.3318592280001, 7.792621581000047], [124.3219540560001, 7.78742934500002], [124.3202721580001, 7.783390049000046], [124.40915633500003, 7.79342295500004]]]}}, {"type": "Feature", "properties": {"province": "Lanao del Sur", "municipality": "Masiu", "barangay": "Moriatao-Bai Labay"}, "geometry": {"type": "Polygon", "coordinates": [[[124.31960628200011, 7.807541521000075], [124.3154649400001, 7.810551487000055], [124.31113897700004, 7.808998242000031], [124.31224402500004, 7.805872082000064], [124.31800406000002, 7.805899560000056], [124.31960628200011, 7.807541521000075]]]}}, {"type": "Feature", "properties": {"province": "Lanao del Sur", "municipality": "Masiu", "barangay": "Laila Lumbac Bacon"}, "geometry": {"type": "Polygon", "coordinates": [[[124.32337076600005, 7.817940769000074], [124.3219734390001, 7.818724881000038], [124.3183166780001, 7.818480960000044], [124.31766992600002, 7.81539664300004], [124.3243860560001, 7.812510456000042], [124.3272264100001, 7.811861273000034], [124.32504095300008, 7.817139962000055], [124.32337076600005, 7.817940769000074]]]}}, {"type": "Feature", "properties": {"province": "Lanao del Sur", "municipality": "Masiu", "barangay": "Talub Langi"}, "geometry": {"type": "Polygon", "coordinates": [[[124.32646225800012, 7.79846608500003], [124.31970028600007, 7.799299765000057], [124.31961509700011, 7.794434628000033], [124.3229439920001, 7.790486184000029], [124.32446349200006, 7.789726673000075], [124.32836912000005, 7.791770124000041], [124.32646225800012, 7.79846608500003]]]}}, {"type": "Feature", "properties": {"province": "Lanao del Sur", "municipality": "Masiu", "barangay": "Lomigis Sucod"}, "geometry": {"type": "Polygon", "coordinates": [[[124.31126442700008, 7.828134140000034], [124.30883011900005, 7.829098859000054], [124.30874209500008, 7.823235041000033], [124.31041453800005, 7.823211408000073], [124.31126442700008, 7.828134140000034]]]}}, {"type": "Feature", "properties": {"province": "Lanao del Sur", "municipality": "Masiu", "barangay": "Macabangan Imbala"}, "geometry": {"type": "Polygon", "coordinates": [[[124.32700195500001, 7.800505540000072], [124.31845776300008, 7.802163351000046], [124.31970028600007, 7.799299765000057], [124.32646225800012, 7.79846608500003], [124.32700195500001, 7.800505540000072]]]}}, {"type": "Feature", "properties": {"province": "Lanao del Sur", "municipality": "Masiu", "barangay": "Macadaag Talaguian"}, "geometry": {"type": "Polygon", "coordinates": [[[124.34205683000006, 7.816231793000042], [124.3396365090001, 7.821084378000024], [124.33798693400001, 7.817013018000068], [124.34205683000006, 7.816231793000042]]]}}, {"type": "Feature", "properties": {"province": "Lanao del Sur", "municipality": "Masiu", "barangay": "Macalupang Lumbac Caramian"}, "geometry": {"type": "Polygon", "coordinates": [[[124.3207997400001, 7.820422758000062], [124.32610172400007, 7.828755912000076], [124.32043209700011, 7.822653742000056], [124.3207997400001, 7.820422758000062]]]}}, {"type": "Feature", "properties": {"province": "Lanao del Sur", "municipality": "Masiu", "barangay": "Magayo Bagoaingud"}, "geometry": {"type": "Polygon", "coordinates": [[[124.31598354200003, 7.822093605000021], [124.31550225900003, 7.828495940000039], [124.31295384700003, 7.827927239000076], [124.3143244150001, 7.822609882000052], [124.31598354200003, 7.822093605000021]]]}}, {"type": "Feature", "properties": {"province": "Lanao del Sur", "municipality": "Masiu", "barangay": "Macompara Apa Mimbalay"}, "geometry": {"type": "Polygon", "coordinates": [[[124.33330161100002, 7.82201032200004], [124.3316415700001, 7.826249362000055], [124.32702289200006, 7.821045819000062], [124.32583583600001, 7.817063131000056], [124.33347141200011, 7.817105855000021], [124.33330161100002, 7.82201032200004]]]}}, {"type": "Feature", "properties": {"province": "Lanao del Sur", "municipality": "Masiu", "barangay": "Manalocon Talub"}, "geometry": {"type": "Polygon", "coordinates": [[[124.32925801800002, 7.80238791100004], [124.32749454900011, 7.802499995000063], [124.32700195500001, 7.800505540000072], [124.32646225800012, 7.79846608500003], [124.32836912000005, 7.791770124000041], [124.33220984800006, 7.79979954400005], [124.32925801800002, 7.80238791100004]]]}}, {"type": "Feature", "properties": {"province": "Lanao del Sur", "municipality": "Masiu", "barangay": "Putad Marandang Buisan"}, "geometry": {"type": "Polygon", "coordinates": [[[124.3154649400001, 7.810551487000055], [124.31446813800005, 7.812954946000048], [124.31075868800008, 7.811938651000046], [124.31113897700004, 7.808998242000031], [124.3154649400001, 7.810551487000055]]]}}, {"type": "Feature", "properties": {"province": "Lanao del Sur", "municipality": "Masiu", "barangay": "Matao Araza"}, "geometry": {"type": "Polygon", "coordinates": [[[124.32693577900012, 7.805454274000056], [124.3197644490001, 7.807689341000072], [124.31960628200011, 7.807541521000075], [124.31800406000002, 7.805899560000056], [124.3275731660001, 7.802764763000027], [124.32693577900012, 7.805454274000056]]]}}, {"type": "Feature", "properties": {"province": "Lanao del Sur", "municipality": "Masiu", "barangay": "Mocamad Tangul"}, "geometry": {"type": "Polygon", "coordinates": [[[124.31295384700003, 7.827927239000076], [124.31126442700008, 7.828134140000034], [124.31041453800005, 7.823211408000073], [124.3143244150001, 7.822609882000052], [124.31295384700003, 7.827927239000076]]]}}, {"type": "Feature", "properties": {"province": "Lanao del Sur", "municipality": "Masiu", "barangay": "Pantao"}, "geometry": {"type": "Polygon", "coordinates": [[[124.33798693400001, 7.817013018000068], [124.33665525100002, 7.816986658000076], [124.3272264100001, 7.811861273000034], [124.3243860560001, 7.812510456000042], [124.32201124600009, 7.809949219000035], [124.32752892000006, 7.80681356100007], [124.3304797400001, 7.805763406000039], [124.34141233900004, 7.807530643000065], [124.341695016, 7.812644324000075], [124.34205683000006, 7.816231793000042], [124.33798693400001, 7.817013018000068]]]}}, {"type": "Feature", "properties": {"province": "Lanao del Sur", "municipality": "Masiu", "barangay": "Sambowang Atawa"}, "geometry": {"type": "Polygon", "coordinates": [[[124.31041453800005, 7.823211408000073], [124.30874209500008, 7.823235041000033], [124.30893188900006, 7.820639006000024], [124.31724593000001, 7.819597271000021], [124.31598354200003, 7.822093605000021], [124.3143244150001, 7.822609882000052], [124.31041453800005, 7.823211408000073]]]}}, {"type": "Feature", "properties": {"province": "Lanao del Sur", "municipality": "Masiu", "barangay": "Tamboro Cormatan"}, "geometry": {"type": "Polygon", "coordinates": [[[124.32444160700004, 7.835776540000041], [124.31136585600007, 7.83512023700007], [124.31686876900004, 7.829026087000043], [124.32549779300007, 7.831293069000025], [124.32444160700004, 7.835776540000041]]]}}, {"type": "Feature", "properties": {"province": "Lanao del Sur", "municipality": "Masiu", "barangay": "Towanao Arangga"}, "geometry": {"type": "Polygon", "coordinates": [[[124.32752892000006, 7.80681356100007], [124.32201124600009, 7.809949219000035], [124.3197644490001, 7.807689341000072], [124.32693577900012, 7.805454274000056], [124.32752892000006, 7.80681356100007]]]}}, {"type": "Feature", "properties": {"province": "Lanao del Sur", "municipality": "Masiu", "barangay": "Tomambiling Lumbaca Ingud"}, "geometry": {"type": "Polygon", "coordinates": [[[124.3243860560001, 7.812510456000042], [124.31766992600002, 7.81539664300004], [124.31446813800005, 7.812954946000048], [124.3154649400001, 7.810551487000055], [124.31960628200011, 7.807541521000075], [124.3197644490001, 7.807689341000072], [124.32201124600009, 7.809949219000035], [124.3243860560001, 7.812510456000042]]]}}, {"type": "Feature", "properties": {"province": "Lanao del Sur", "municipality": "Masiu", "barangay": "Unda Dayawan"}, "geometry": {"type": "Polygon", "coordinates": [[[124.3275731660001, 7.802764763000027], [124.31800406000002, 7.805899560000056], [124.31845776300008, 7.802163351000046], [124.32700195500001, 7.800505540000072], [124.32749454900011, 7.802499995000063], [124.3275731660001, 7.802764763000027]]]}}, {"type": "Feature", "properties": {"province": "Lanao del Sur", "municipality": "Masiu", "barangay": "Buadi Amloy"}, "geometry": {"type": "Polygon", "coordinates": [[[124.33347141200011, 7.817105855000021], [124.32583583600001, 7.817063131000056], [124.32504095300008, 7.817139962000055], [124.3272264100001, 7.811861273000034], [124.33665525100002, 7.816986658000076], [124.33347141200011, 7.817105855000021]]]}}, {"type": "Feature", "properties": {"province": "Lanao del Sur", "municipality": "Masiu", "barangay": "Kalilangan"}, "geometry": {"type": "Polygon", "coordinates": [[[124.31845776300008, 7.802163351000046], [124.31800406000002, 7.805899560000056], [124.31224402500004, 7.805872082000064], [124.31343495200008, 7.799713808000034], [124.31845776300008, 7.802163351000046]]]}}, {"type": "Feature", "properties": {"province": "Lanao del Sur", "municipality": "Masiu", "barangay": "Lumbaca Ingud"}, "geometry": {"type": "Polygon", "coordinates": [[[124.3396365090001, 7.821084378000024], [124.33330161100002, 7.82201032200004], [124.33347141200011, 7.817105855000021], [124.33665525100002, 7.816986658000076], [124.33798693400001, 7.817013018000068], [124.3396365090001, 7.821084378000024]]]}}, {"type": "Feature", "properties": {"province": "Lanao del Sur", "municipality": "Poona Bayabao", "barangay": "Ataragadong"}, "geometry": {"type": "Polygon", "coordinates": [[[124.36475218100009, 7.825850275000047], [124.3452398920001, 7.827014717000052], [124.34372263700006, 7.826985653000064], [124.34362449800007, 7.824365677000062], [124.3818255220001, 7.823101536000025], [124.38015300100007, 7.825460260000054], [124.36475218100009, 7.825850275000047]]]}}, {"type": "Feature", "properties": {"province": "Lanao del Sur", "municipality": "Poona Bayabao", "barangay": "Bangon"}, "geometry": {"type": "Polygon", "coordinates": [[[124.33691043500006, 7.851823792000059], [124.32954792400005, 7.851516185000036], [124.33393520300001, 7.850635081000062], [124.33691043500006, 7.851823792000059]]]}}, {"type": "Feature", "properties": {"province": "Lanao del Sur", "municipality": "Poona Bayabao", "barangay": "Bansayan"}, "geometry": {"type": "Polygon", "coordinates": [[[124.35283422300007, 7.841943487000037], [124.352990824, 7.846643137000059], [124.34391812500007, 7.845883168000061], [124.33940719500004, 7.845055379000031], [124.33826753400001, 7.844058128000027], [124.33860894100007, 7.84351766900005], [124.34095275100003, 7.83857026000004], [124.34188576700002, 7.835219838000059], [124.34479078100001, 7.835284451000063], [124.35097898800008, 7.839482153000064], [124.35283422300007, 7.841943487000037]]]}}, {"type": "Feature", "properties": {"province": "Lanao del Sur", "municipality": "Poona Bayabao", "barangay": "Bubong-Dimunda"}, "geometry": {"type": "Polygon", "coordinates": [[[124.34874674500008, 7.83154253200007], [124.34479078100001, 7.835284451000063], [124.34188576700002, 7.835219838000059], [124.34038140400004, 7.831876729000045], [124.34036221700002, 7.828614694000065], [124.34372263700006, 7.826985653000064], [124.3452398920001, 7.827014717000052], [124.34874674500008, 7.83154253200007]]]}}, {"type": "Feature", "properties": {"province": "Lanao del Sur", "municipality": "Poona Bayabao", "barangay": "Bualan"}, "geometry": {"type": "Polygon", "coordinates": [[[124.34118869400005, 7.823909681000031], [124.333215257, 7.823838935000027], [124.34341869700006, 7.819208257000071], [124.34118869400005, 7.823909681000031]]]}}, {"type": "Feature", "properties": {"province": "Lanao del Sur", "municipality": "Poona Bayabao", "barangay": "Cadayonan"}, "geometry": {"type": "Polygon", "coordinates": [[[124.33393520300001, 7.850635081000062], [124.32954792400005, 7.851516185000036], [124.33037588100002, 7.846755218000055], [124.33447177700009, 7.849202630000036], [124.33393520300001, 7.850635081000062]]]}}, {"type": "Feature", "properties": {"province": "Lanao del Sur", "municipality": "Poona Bayabao", "barangay": "Calilangan Dicala"}, "geometry": {"type": "Polygon", "coordinates": [[[124.34678103700003, 7.856804176000026], [124.34115440500011, 7.855897377000074], [124.34243893200005, 7.854816781000065], [124.34678103700003, 7.856804176000026]]]}}, {"type": "Feature", "properties": {"province": "Lanao del Sur", "municipality": "Poona Bayabao", "barangay": "Calupaan"}, "geometry": {"type": "Polygon", "coordinates": [[[124.34372263700006, 7.826985653000064], [124.34036221700002, 7.828614694000065], [124.33319748000007, 7.825174020000076], [124.333215257, 7.823838935000027], [124.34118869400005, 7.823909681000031], [124.34362449800007, 7.824365677000062], [124.34372263700006, 7.826985653000064]]]}}, {"type": "Feature", "properties": {"province": "Lanao del Sur", "municipality": "Poona Bayabao", "barangay": "Dimayon"}, "geometry": {"type": "Polygon", "coordinates": [[[124.33460648700009, 7.848475967000069], [124.33447177700009, 7.849202630000036], [124.33037588100002, 7.846755218000055], [124.33091423200007, 7.843926078000037], [124.334661234, 7.846648845000064], [124.33460648700009, 7.848475967000069]]]}}, {"type": "Feature", "properties": {"province": "Lanao del Sur", "municipality": "Poona Bayabao", "barangay": "Dilausan"}, "geometry": {"type": "Polygon", "coordinates": [[[124.34243893200005, 7.854816781000065], [124.34115440500011, 7.855897377000074], [124.33919167400005, 7.853193716000021], [124.34071771300012, 7.853148689000022], [124.34243893200005, 7.854816781000065]]]}}, {"type": "Feature", "properties": {"province": "Lanao del Sur", "municipality": "Poona Bayabao", "barangay": "Dongcoan"}, "geometry": {"type": "Polygon", "coordinates": [[[124.33940719500004, 7.845055379000031], [124.33460648700009, 7.848475967000069], [124.334661234, 7.846648845000064], [124.33542064000005, 7.844218173000057], [124.33826753400001, 7.844058128000027], [124.33940719500004, 7.845055379000031]]]}}, {"type": "Feature", "properties": {"province": "Lanao del Sur", "municipality": "Poona Bayabao", "barangay": "Gadongan"}, "geometry": {"type": "Polygon", "coordinates": [[[124.355871664, 7.846770930000048], [124.34818462300008, 7.852710275000051], [124.34154664000005, 7.851163780000038], [124.34391812500007, 7.845883168000061], [124.352990824, 7.846643137000059], [124.355871664, 7.846770930000048]]]}}, {"type": "Feature", "properties": {"province": "Lanao del Sur", "municipality": "Poona Bayabao", "barangay": "Poblacion"}, "geometry": {"type": "Polygon", "coordinates": [[[124.34071771300012, 7.853148689000022], [124.33919167400005, 7.853193716000021], [124.33691043500006, 7.851823792000059], [124.33393520300001, 7.850635081000062], [124.33447177700009, 7.849202630000036], [124.33460648700009, 7.848475967000069], [124.33940719500004, 7.845055379000031], [124.34391812500007, 7.845883168000061], [124.34154664000005, 7.851163780000038], [124.34071771300012, 7.853148689000022]]]}}, {"type": "Feature", "properties": {"province": "Lanao del Sur", "municipality": "Poona Bayabao", "barangay": "Liangan"}, "geometry": {"type": "Polygon", "coordinates": [[[124.34818462300008, 7.852710275000051], [124.34678103700003, 7.856804176000026], [124.34243893200005, 7.854816781000065], [124.34071771300012, 7.853148689000022], [124.34154664000005, 7.851163780000038], [124.34818462300008, 7.852710275000051]]]}}, {"type": "Feature", "properties": {"province": "Lanao del Sur", "municipality": "Poona Bayabao", "barangay": "Lumbac"}, "geometry": {"type": "Polygon", "coordinates": [[[124.34095275100003, 7.83857026000004], [124.33860894100007, 7.84351766900005], [124.332374189, 7.838254351000048], [124.33335645800001, 7.836169529000076], [124.34095275100003, 7.83857026000004]]]}}, {"type": "Feature", "properties": {"province": "Lanao del Sur", "municipality": "Poona Bayabao", "barangay": "Lumbaca Ingud"}, "geometry": {"type": "Polygon", "coordinates": [[[124.35666646400013, 7.83130211100007], [124.35283422300007, 7.841943487000037], [124.35097898800008, 7.839482153000064], [124.35024011400004, 7.832553209000024], [124.35666646400013, 7.83130211100007]]]}}, {"type": "Feature", "properties": {"province": "Lanao del Sur", "municipality": "Poona Bayabao", "barangay": "Madanding"}, "geometry": {"type": "Polygon", "coordinates": [[[124.35097898800008, 7.839482153000064], [124.34479078100001, 7.835284451000063], [124.34874674500008, 7.83154253200007], [124.35024011400004, 7.832553209000024], [124.35097898800008, 7.839482153000064]]]}}, {"type": "Feature", "properties": {"province": "Lanao del Sur", "municipality": "Poona Bayabao", "barangay": "Pantao"}, "geometry": {"type": "Polygon", "coordinates": [[[124.35666646400013, 7.83130211100007], [124.35024011400004, 7.832553209000024], [124.34874674500008, 7.83154253200007], [124.3452398920001, 7.827014717000052], [124.36475218100009, 7.825850275000047], [124.35666646400013, 7.83130211100007]]]}}, {"type": "Feature", "properties": {"province": "Lanao del Sur", "municipality": "Poona Bayabao", "barangay": "Punud"}, "geometry": {"type": "Polygon", "coordinates": [[[124.34038140400004, 7.831876729000045], [124.3324107630001, 7.833973756000035], [124.33319748000007, 7.825174020000076], [124.34036221700002, 7.828614694000065], [124.34038140400004, 7.831876729000045]]]}}, {"type": "Feature", "properties": {"province": "Lanao del Sur", "municipality": "Poona Bayabao", "barangay": "Ragayan"}, "geometry": {"type": "Polygon", "coordinates": [[[124.38015300100007, 7.825460260000054], [124.355871664, 7.846770930000048], [124.352990824, 7.846643137000059], [124.35283422300007, 7.841943487000037], [124.35666646400013, 7.83130211100007], [124.36475218100009, 7.825850275000047], [124.38015300100007, 7.825460260000054]]]}}, {"type": "Feature", "properties": {"province": "Lanao del Sur", "municipality": "Poona Bayabao", "barangay": "Rogan Cairan"}, "geometry": {"type": "Polygon", "coordinates": [[[124.33826753400001, 7.844058128000027], [124.33542064000005, 7.844218173000057], [124.33063519600012, 7.842625895000026], [124.332374189, 7.838254351000048], [124.33860894100007, 7.84351766900005], [124.33826753400001, 7.844058128000027]]]}}, {"type": "Feature", "properties": {"province": "Lanao del Sur", "municipality": "Poona Bayabao", "barangay": "Talaguian"}, "geometry": {"type": "Polygon", "coordinates": [[[124.34362449800007, 7.824365677000062], [124.34118869400005, 7.823909681000031], [124.34341869700006, 7.819208257000071], [124.37950982000007, 7.819403085000032], [124.38464998300003, 7.819094742000061], [124.3818255220001, 7.823101536000025], [124.34362449800007, 7.824365677000062]]]}}, {"type": "Feature", "properties": {"province": "Lanao del Sur", "municipality": "Poona Bayabao", "barangay": "Rogan Tandiong Dimayon"}, "geometry": {"type": "Polygon", "coordinates": [[[124.33542064000005, 7.844218173000057], [124.334661234, 7.846648845000064], [124.33091423200007, 7.843926078000037], [124.33063519600012, 7.842625895000026], [124.33542064000005, 7.844218173000057]]]}}, {"type": "Feature", "properties": {"province": "Lanao del Sur", "municipality": "Poona Bayabao", "barangay": "Taporog"}, "geometry": {"type": "Polygon", "coordinates": [[[124.34188576700002, 7.835219838000059], [124.34095275100003, 7.83857026000004], [124.33335645800001, 7.836169529000076], [124.3324107630001, 7.833973756000035], [124.34038140400004, 7.831876729000045], [124.34188576700002, 7.835219838000059]]]}}, {"type": "Feature", "properties": {"province": "Lanao del Sur", "municipality": "Tamparan", "barangay": "Cabasaran"}, "geometry": {"type": "Polygon", "coordinates": [[[124.34294224300004, 7.862452075000022], [124.3451177700001, 7.865356889000052], [124.33624058500006, 7.859588051000061], [124.33338457800006, 7.858679756000074], [124.33217441400008, 7.857845640000048], [124.33752071700006, 7.856839228000069], [124.34294224300004, 7.862452075000022]]]}}, {"type": "Feature", "properties": {"province": "Lanao del Sur", "municipality": "Tamparan", "barangay": "Dilausan"}, "geometry": {"type": "Polygon", "coordinates": [[[124.33807363900007, 7.852565048000032], [124.34294224300004, 7.862452075000022], [124.33752071700006, 7.856839228000069], [124.33807363900007, 7.852565048000032]]]}}, {"type": "Feature", "properties": {"province": "Lanao del Sur", "municipality": "Tamparan", "barangay": "Lalabuan"}, "geometry": {"type": "Polygon", "coordinates": [[[124.34055842300005, 7.876564191000056], [124.3346579680001, 7.881903434000037], [124.33298841100009, 7.878677621000064], [124.33811661400011, 7.874797004000071], [124.3388259840001, 7.87496909600003], [124.34055842300005, 7.876564191000056]]]}}, {"type": "Feature", "properties": {"province": "Lanao del Sur", "municipality": "Tamparan", "barangay": "Lilod Tamparan"}, "geometry": {"type": "Polygon", "coordinates": [[[124.33073994100005, 7.886933693000059], [124.32491661800009, 7.888644475000036], [124.32371836300001, 7.886974334000059], [124.33073252700002, 7.886451247000026], [124.33073994100005, 7.886933693000059]]]}}, {"type": "Feature", "properties": {"province": "Lanao del Sur", "municipality": "Tamparan", "barangay": "Lindongan"}, "geometry": {"type": "Polygon", "coordinates": [[[124.33063427400009, 7.868618406000054], [124.32581633600013, 7.871779529000038], [124.32849313500004, 7.867587012000059], [124.33061378400009, 7.86714619000003], [124.33063427400009, 7.868618406000054]]]}}, {"type": "Feature", "properties": {"province": "Lanao del Sur", "municipality": "Tamparan", "barangay": "Linuk"}, "geometry": {"type": "Polygon", "coordinates": [[[124.32899423000005, 7.862224542000034], [124.32659919500007, 7.863534307000064], [124.3258332800001, 7.862095105000037], [124.32646701600005, 7.860670013000059], [124.32990569200001, 7.860739424000031], [124.32899423000005, 7.862224542000034]]]}}, {"type": "Feature", "properties": {"province": "Lanao del Sur", "municipality": "Tamparan", "barangay": "Occidental Linuk"}, "geometry": {"type": "Polygon", "coordinates": [[[124.32659919500007, 7.863534307000064], [124.32516485200006, 7.865247740000029], [124.32281561000002, 7.862994841000045], [124.3258332800001, 7.862095105000037], [124.32659919500007, 7.863534307000064]]]}}, {"type": "Feature", "properties": {"province": "Lanao del Sur", "municipality": "Tamparan", "barangay": "Linuk Oriental"}, "geometry": {"type": "Polygon", "coordinates": [[[124.32824664100008, 7.863895304000041], [124.32762802000002, 7.866390720000028], [124.32640317800008, 7.866382461000057], [124.32516485200006, 7.865247740000029], [124.32659919500007, 7.863534307000064], [124.32899423000005, 7.862224542000034], [124.32824664100008, 7.863895304000041]]]}}, {"type": "Feature", "properties": {"province": "Lanao del Sur", "municipality": "Tamparan", "barangay": "Lumbaca Ingud"}, "geometry": {"type": "Polygon", "coordinates": [[[124.33624058500006, 7.859588051000061], [124.33445596000001, 7.863626463000058], [124.33368632700002, 7.863409663000025], [124.33097877400007, 7.86305050900006], [124.33126127300011, 7.860738729000049], [124.33338457800006, 7.858679756000074], [124.33624058500006, 7.859588051000061]]]}}, {"type": "Feature", "properties": {"province": "Lanao del Sur", "municipality": "Tamparan", "barangay": "Lumbacaingud South"}, "geometry": {"type": "Polygon", "coordinates": [[[124.33338457800006, 7.858679756000074], [124.33126127300011, 7.860738729000049], [124.33010399900002, 7.859877380000055], [124.32670479700006, 7.858090749000042], [124.32765740700006, 7.855912486000023], [124.33217441400008, 7.857845640000048], [124.33338457800006, 7.858679756000074]]]}}, {"type": "Feature", "properties": {"province": "Lanao del Sur", "municipality": "Tamparan", "barangay": "Lumbaca Lilod"}, "geometry": {"type": "Polygon", "coordinates": [[[124.33141110500004, 7.873038764000057], [124.32789213700003, 7.874452204000024], [124.32728244000009, 7.874035727000035], [124.32581633600013, 7.871779529000038], [124.33063427400009, 7.868618406000054], [124.3308080700001, 7.869957723000025], [124.33141110500004, 7.873038764000057]]]}}, {"type": "Feature", "properties": {"province": "Lanao del Sur", "municipality": "Tamparan", "barangay": "Balutmadiar"}, "geometry": {"type": "Polygon", "coordinates": [[[124.34452905000012, 7.870047734000026], [124.3388259840001, 7.87496909600003], [124.33811661400011, 7.874797004000071], [124.33669527600013, 7.873467656000062], [124.33885133100011, 7.870817593000025], [124.34241875300006, 7.86931159900007], [124.34452905000012, 7.870047734000026]]]}}, {"type": "Feature", "properties": {"province": "Lanao del Sur", "municipality": "Tamparan", "barangay": "Mala-abangon"}, "geometry": {"type": "Polygon", "coordinates": [[[124.32578846100012, 7.867953200000043], [124.32539110200003, 7.868864004000045], [124.32043970700012, 7.867439322000052], [124.32023637100006, 7.866129599000033], [124.32578846100012, 7.867953200000043]]]}}, {"type": "Feature", "properties": {"province": "Lanao del Sur", "municipality": "Tamparan", "barangay": "Maliwanag"}, "geometry": {"type": "Polygon", "coordinates": [[[124.33016250400009, 7.875783319000048], [124.32959657100002, 7.87610892500004], [124.32841213000006, 7.874855414000024], [124.32789213700003, 7.874452204000024], [124.33141110500004, 7.873038764000057], [124.33244798600002, 7.87335227500006], [124.33016250400009, 7.875783319000048]]]}}, {"type": "Feature", "properties": {"province": "Lanao del Sur", "municipality": "Tamparan", "barangay": "Maidan Linuk"}, "geometry": {"type": "Polygon", "coordinates": [[[124.32990569200001, 7.860739424000031], [124.32646701600005, 7.860670013000059], [124.32670479700006, 7.858090749000042], [124.33010399900002, 7.859877380000055], [124.32990569200001, 7.860739424000031]]]}}, {"type": "Feature", "properties": {"province": "Lanao del Sur", "municipality": "Tamparan", "barangay": "Miondas"}, "geometry": {"type": "Polygon", "coordinates": [[[124.326236944, 7.866858713000054], [124.32578846100012, 7.867953200000043], [124.32023637100006, 7.866129599000033], [124.32118456, 7.864431354000034], [124.326236944, 7.866858713000054]]]}}, {"type": "Feature", "properties": {"province": "Lanao del Sur", "municipality": "Tamparan", "barangay": "New Lumbacaingud"}, "geometry": {"type": "Polygon", "coordinates": [[[124.3451177700001, 7.865356889000052], [124.34496884900013, 7.866466703000072], [124.33445596000001, 7.863626463000058], [124.33624058500006, 7.859588051000061], [124.3451177700001, 7.865356889000052]]]}}, {"type": "Feature", "properties": {"province": "Lanao del Sur", "municipality": "Tamparan", "barangay": "Pimbago-Pagalongan"}, "geometry": {"type": "Polygon", "coordinates": [[[124.32539110200003, 7.868864004000045], [124.32150337000007, 7.870625034000055], [124.32043970700012, 7.867439322000052], [124.32539110200003, 7.868864004000045]]]}}, {"type": "Feature", "properties": {"province": "Lanao del Sur", "municipality": "Tamparan", "barangay": "Pagayawan"}, "geometry": {"type": "Polygon", "coordinates": [[[124.34496884900013, 7.866466703000072], [124.34452905000012, 7.870047734000026], [124.34241875300006, 7.86931159900007], [124.33472304700003, 7.866097107000031], [124.33316018800006, 7.864951053000026], [124.33368632700002, 7.863409663000025], [124.33445596000001, 7.863626463000058], [124.34496884900013, 7.866466703000072]]]}}, {"type": "Feature", "properties": {"province": "Lanao del Sur", "municipality": "Tamparan", "barangay": "Picarabawan"}, "geometry": {"type": "Polygon", "coordinates": [[[124.33811661400011, 7.874797004000071], [124.33298841100009, 7.878677621000064], [124.33016250400009, 7.875783319000048], [124.33244798600002, 7.87335227500006], [124.33458605100009, 7.871451210000031], [124.33669527600013, 7.873467656000062], [124.33811661400011, 7.874797004000071]]]}}, {"type": "Feature", "properties": {"province": "Lanao del Sur", "municipality": "Tamparan", "barangay": "Poblacion I"}, "geometry": {"type": "Polygon", "coordinates": [[[124.32453522800007, 7.876769213000049], [124.32285206600011, 7.877071089000028], [124.32308520200002, 7.876271602000031], [124.32728244000009, 7.874035727000035], [124.32789213700003, 7.874452204000024], [124.32841213000006, 7.874855414000024], [124.32453522800007, 7.876769213000049]]]}}, {"type": "Feature", "properties": {"province": "Lanao del Sur", "municipality": "Tamparan", "barangay": "Poblacion II"}, "geometry": {"type": "Polygon", "coordinates": [[[124.33013661000007, 7.87817599900006], [124.32687334700007, 7.879903267000033], [124.32659824300003, 7.879435179000038], [124.32480327700011, 7.877614929000058], [124.32468022500008, 7.877256432000025], [124.32453522800007, 7.876769213000049], [124.32841213000006, 7.874855414000024], [124.32959657100002, 7.87610892500004], [124.33013661000007, 7.87817599900006]]]}}, {"type": "Feature", "properties": {"province": "Lanao del Sur", "municipality": "Tamparan", "barangay": "Poblacion III"}, "geometry": {"type": "Polygon", "coordinates": [[[124.32659824300003, 7.879435179000038], [124.32335607000006, 7.881919648000064], [124.32386790500004, 7.88051435600005], [124.32480327700011, 7.877614929000058], [124.32659824300003, 7.879435179000038]]]}}, {"type": "Feature", "properties": {"province": "Lanao del Sur", "municipality": "Tamparan", "barangay": "Poblacion IV"}, "geometry": {"type": "Polygon", "coordinates": [[[124.32468022500008, 7.877256432000025], [124.32316540100011, 7.87825459700002], [124.32285206600011, 7.877071089000028], [124.32453522800007, 7.876769213000049], [124.32468022500008, 7.877256432000025]]]}}, {"type": "Feature", "properties": {"province": "Lanao del Sur", "municipality": "Tamparan", "barangay": "Raya Niondas"}, "geometry": {"type": "Polygon", "coordinates": [[[124.32640317800008, 7.866382461000057], [124.326236944, 7.866858713000054], [124.32118456, 7.864431354000034], [124.32281561000002, 7.862994841000045], [124.32516485200006, 7.865247740000029], [124.32640317800008, 7.866382461000057]]]}}, {"type": "Feature", "properties": {"province": "Lanao del Sur", "municipality": "Tamparan", "barangay": "Raya Buadi Barao"}, "geometry": {"type": "Polygon", "coordinates": [[[124.33576167700005, 7.889182827000067], [124.3340878800001, 7.89069497600002], [124.32495141800005, 7.889853313000057], [124.32491661800009, 7.888644475000036], [124.33073994100005, 7.886933693000059], [124.33576167700005, 7.889182827000067]]]}}, {"type": "Feature", "properties": {"province": "Lanao del Sur", "municipality": "Tamparan", "barangay": "Raya Tamparan"}, "geometry": {"type": "Polygon", "coordinates": [[[124.33895718500004, 7.885770125000023], [124.33576167700005, 7.889182827000067], [124.33073994100005, 7.886933693000059], [124.33073252700002, 7.886451247000026], [124.33166406900011, 7.882968980000044], [124.3346579680001, 7.881903434000037], [124.33895718500004, 7.885770125000023]]]}}, {"type": "Feature", "properties": {"province": "Lanao del Sur", "municipality": "Tamparan", "barangay": "Salongabanding"}, "geometry": {"type": "Polygon", "coordinates": [[[124.3340099720001, 7.868462721000073], [124.3308080700001, 7.869957723000025], [124.33063427400009, 7.868618406000054], [124.33061378400009, 7.86714619000003], [124.33316018800006, 7.864951053000026], [124.33472304700003, 7.866097107000031], [124.33409274200005, 7.868210897000038], [124.3340099720001, 7.868462721000073]]]}}, {"type": "Feature", "properties": {"province": "Lanao del Sur", "municipality": "Tamparan", "barangay": "Saminunggay"}, "geometry": {"type": "Polygon", "coordinates": [[[124.32480327700011, 7.877614929000058], [124.32386790500004, 7.88051435600005], [124.32316540100011, 7.87825459700002], [124.32468022500008, 7.877256432000025], [124.32480327700011, 7.877614929000058]]]}}, {"type": "Feature", "properties": {"province": "Lanao del Sur", "municipality": "Tamparan", "barangay": "Talub"}, "geometry": {"type": "Polygon", "coordinates": [[[124.34055842300005, 7.876564191000056], [124.33895718500004, 7.885770125000023], [124.3346579680001, 7.881903434000037], [124.34055842300005, 7.876564191000056]]]}}, {"type": "Feature", "properties": {"province": "Lanao del Sur", "municipality": "Tamparan", "barangay": "Tatayawan North"}, "geometry": {"type": "Polygon", "coordinates": [[[124.33885133100011, 7.870817593000025], [124.33669527600013, 7.873467656000062], [124.33458605100009, 7.871451210000031], [124.3340099720001, 7.868462721000073], [124.33409274200005, 7.868210897000038], [124.33885133100011, 7.870817593000025]]]}}, {"type": "Feature", "properties": {"province": "Lanao del Sur", "municipality": "Tamparan", "barangay": "Tatayawan South"}, "geometry": {"type": "Polygon", "coordinates": [[[124.33885133100011, 7.870817593000025], [124.33409274200005, 7.868210897000038], [124.33472304700003, 7.866097107000031], [124.34241875300006, 7.86931159900007], [124.33885133100011, 7.870817593000025]]]}}, {"type": "Feature", "properties": {"province": "Lanao del Sur", "municipality": "Tamparan", "barangay": "Tubok"}, "geometry": {"type": "Polygon", "coordinates": [[[124.33166406900011, 7.882968980000044], [124.32731104800007, 7.884156591000021], [124.32687334700007, 7.879903267000033], [124.33013661000007, 7.87817599900006], [124.33166406900011, 7.882968980000044]]]}}, {"type": "Feature", "properties": {"province": "Lanao del Sur", "municipality": "Tamparan", "barangay": "Beruar"}, "geometry": {"type": "Polygon", "coordinates": [[[124.33458605100009, 7.871451210000031], [124.33244798600002, 7.87335227500006], [124.33141110500004, 7.873038764000057], [124.3308080700001, 7.869957723000025], [124.3340099720001, 7.868462721000073], [124.33458605100009, 7.871451210000031]]]}}, {"type": "Feature", "properties": {"province": "Lanao del Sur", "municipality": "Tamparan", "barangay": "Dasomalong"}, "geometry": {"type": "Polygon", "coordinates": [[[124.33752071700006, 7.856839228000069], [124.33217441400008, 7.857845640000048], [124.32765740700006, 7.855912486000023], [124.32855227700009, 7.853663538000031], [124.33619353200004, 7.852930164000044], [124.33807363900007, 7.852565048000032], [124.33752071700006, 7.856839228000069]]]}}, {"type": "Feature", "properties": {"province": "Lanao del Sur", "municipality": "Tamparan", "barangay": "Ginaopan"}, "geometry": {"type": "Polygon", "coordinates": [[[124.33073252700002, 7.886451247000026], [124.32371836300001, 7.886974334000059], [124.32157403400005, 7.88575149300004], [124.32731104800007, 7.884156591000021], [124.33166406900011, 7.882968980000044], [124.33073252700002, 7.886451247000026]]]}}, {"type": "Feature", "properties": {"province": "Lanao del Sur", "municipality": "Tamparan", "barangay": "Lumbac"}, "geometry": {"type": "Polygon", "coordinates": [[[124.3346579680001, 7.881903434000037], [124.33166406900011, 7.882968980000044], [124.33013661000007, 7.87817599900006], [124.32959657100002, 7.87610892500004], [124.33016250400009, 7.875783319000048], [124.33298841100009, 7.878677621000064], [124.3346579680001, 7.881903434000037]]]}}, {"type": "Feature", "properties": {"province": "Lanao del Sur", "municipality": "Tamparan", "barangay": "Minanga"}, "geometry": {"type": "Polygon", "coordinates": [[[124.32728244000009, 7.874035727000035], [124.32308520200002, 7.876271602000031], [124.32259029100011, 7.873005525000051], [124.32581633600013, 7.871779529000038], [124.32728244000009, 7.874035727000035]]]}}, {"type": "Feature", "properties": {"province": "Lanao del Sur", "municipality": "Tamparan", "barangay": "Lilod Tubok"}, "geometry": {"type": "Polygon", "coordinates": [[[124.32731104800007, 7.884156591000021], [124.32157403400005, 7.88575149300004], [124.32335607000006, 7.881919648000064], [124.32659824300003, 7.879435179000038], [124.32687334700007, 7.879903267000033], [124.32731104800007, 7.884156591000021]]]}}, {"type": "Feature", "properties": {"province": "Lanao del Sur", "municipality": "Tamparan", "barangay": "Mariatao Datu"}, "geometry": {"type": "Polygon", "coordinates": [[[124.33061378400009, 7.86714619000003], [124.32849313500004, 7.867587012000059], [124.32762802000002, 7.866390720000028], [124.32824664100008, 7.863895304000041], [124.33097877400007, 7.86305050900006], [124.33368632700002, 7.863409663000025], [124.33316018800006, 7.864951053000026], [124.33061378400009, 7.86714619000003]]]}}, {"type": "Feature", "properties": {"province": "Lanao del Sur", "municipality": "Tamparan", "barangay": "Pagalamatan Linuk"}, "geometry": {"type": "Polygon", "coordinates": [[[124.33097877400007, 7.86305050900006], [124.32824664100008, 7.863895304000041], [124.32899423000005, 7.862224542000034], [124.32990569200001, 7.860739424000031], [124.33010399900002, 7.859877380000055], [124.33126127300011, 7.860738729000049], [124.33097877400007, 7.86305050900006]]]}}, {"type": "Feature", "properties": {"province": "Lanao del Sur", "municipality": "Tamparan", "barangay": "Pindolonan Mariatao Sarip"}, "geometry": {"type": "Polygon", "coordinates": [[[124.32581633600013, 7.871779529000038], [124.32259029100011, 7.873005525000051], [124.32150337000007, 7.870625034000055], [124.32539110200003, 7.868864004000045], [124.32578846100012, 7.867953200000043], [124.326236944, 7.866858713000054], [124.32640317800008, 7.866382461000057], [124.32762802000002, 7.866390720000028], [124.32849313500004, 7.867587012000059], [124.32581633600013, 7.871779529000038]]]}}, {"type": "Feature", "properties": {"province": "Lanao del Sur", "municipality": "Taraka", "barangay": "Bandera Buisan"}, "geometry": {"type": "Polygon", "coordinates": [[[124.35363227000005, 7.890586976000066], [124.35234877300002, 7.891254395000031], [124.3465972240001, 7.883929065000075], [124.3471087600001, 7.882773662000032], [124.35315650600013, 7.889247615000045], [124.35363227000005, 7.890586976000066]]]}}, {"type": "Feature", "properties": {"province": "Lanao del Sur", "municipality": "Taraka", "barangay": "Boriongan"}, "geometry": {"type": "Polygon", "coordinates": [[[124.3428739090001, 7.886853821000046], [124.34264028600012, 7.887766947000046], [124.33960412500006, 7.885110919000053], [124.3409463590001, 7.883228426000072], [124.3434326240001, 7.885709952000069], [124.3428739090001, 7.886853821000046]]]}}, {"type": "Feature", "properties": {"province": "Lanao del Sur", "municipality": "Taraka", "barangay": "Borowa"}, "geometry": {"type": "Polygon", "coordinates": [[[124.34959230700008, 7.877404642000045], [124.35148116700009, 7.88421130000006], [124.348188391, 7.880591583000068], [124.34959230700008, 7.877404642000045]]]}}, {"type": "Feature", "properties": {"province": "Lanao del Sur", "municipality": "Taraka", "barangay": "Buadi Dingun"}, "geometry": {"type": "Polygon", "coordinates": [[[124.34422632300006, 7.897442858000033], [124.34300332900011, 7.899365769000041], [124.3414851030001, 7.898757730000056], [124.33973204500013, 7.898014586000044], [124.33702087200002, 7.896911008000074], [124.33593806200007, 7.896424480000065], [124.33729891200007, 7.895116429000042], [124.33759972400004, 7.894369478000041], [124.34422632300006, 7.897442858000033]]]}}, {"type": "Feature", "properties": {"province": "Lanao del Sur", "municipality": "Taraka", "barangay": "Buadi Amao"}, "geometry": {"type": "Polygon", "coordinates": [[[124.34359879200008, 7.887234050000075], [124.3427379740001, 7.888312646000032], [124.34241030000011, 7.887998884000069], [124.34264028600012, 7.887766947000046], [124.3428739090001, 7.886853821000046], [124.34359879200008, 7.887234050000075]]]}}, {"type": "Feature", "properties": {"province": "Lanao del Sur", "municipality": "Taraka", "barangay": "Buadi Amunta"}, "geometry": {"type": "Polygon", "coordinates": [[[124.34533351800006, 7.895209678000069], [124.34514239600003, 7.895349338000075], [124.3399516390001, 7.890596469000058], [124.34024506800006, 7.890252123000039], [124.34533351800006, 7.895209678000069]]]}}, {"type": "Feature", "properties": {"province": "Lanao del Sur", "municipality": "Taraka", "barangay": "Buadi Arorao"}, "geometry": {"type": "Polygon", "coordinates": [[[124.33459031600013, 7.899642638000046], [124.33111511500012, 7.898782513000072], [124.32940641900007, 7.896196452000027], [124.32976656000005, 7.895638083000053], [124.33593806200007, 7.896424480000065], [124.33702087200002, 7.896911008000074], [124.33607695100011, 7.898625080000044], [124.33459031600013, 7.899642638000046]]]}}, {"type": "Feature", "properties": {"province": "Lanao del Sur", "municipality": "Taraka", "barangay": "Buadi Atopa"}, "geometry": {"type": "Polygon", "coordinates": [[[124.33729891200007, 7.895116429000042], [124.33593806200007, 7.896424480000065], [124.33007204500007, 7.893899262000048], [124.33040144000006, 7.892264047000026], [124.33047817200008, 7.892160051000075], [124.33729891200007, 7.895116429000042]]]}}, {"type": "Feature", "properties": {"province": "Lanao del Sur", "municipality": "Taraka", "barangay": "Buadi Dayomangga"}, "geometry": {"type": "Polygon", "coordinates": [[[124.33486232800011, 7.911127842000042], [124.33292343200004, 7.909679982000056], [124.33578017700006, 7.900935126000035], [124.33459031600013, 7.899642638000046], [124.33607695100011, 7.898625080000044], [124.33849968100003, 7.900876167000038], [124.33486232800011, 7.911127842000042]]]}}, {"type": "Feature", "properties": {"province": "Lanao del Sur", "municipality": "Taraka", "barangay": "Buadi Ongcalo"}, "geometry": {"type": "Polygon", "coordinates": [[[124.34514239600003, 7.895349338000075], [124.34422632300006, 7.897442858000033], [124.33759972400004, 7.894369478000041], [124.33973236700001, 7.890761707000026], [124.3399516390001, 7.890596469000058], [124.34514239600003, 7.895349338000075]]]}}, {"type": "Feature", "properties": {"province": "Lanao del Sur", "municipality": "Taraka", "barangay": "Bucalan"}, "geometry": {"type": "Polygon", "coordinates": [[[124.32940641900007, 7.896196452000027], [124.32267022400003, 7.894505528000028], [124.33040144000006, 7.892264047000026], [124.33007204500007, 7.893899262000048], [124.32976656000005, 7.895638083000053], [124.32940641900007, 7.896196452000027]]]}}, {"type": "Feature", "properties": {"province": "Lanao del Sur", "municipality": "Taraka", "barangay": "Cadayonan Bagumbayan"}, "geometry": {"type": "Polygon", "coordinates": [[[124.33112750600002, 7.900752204000071], [124.33113083, 7.901654603000054], [124.32833871300011, 7.90108492400003], [124.32304206200003, 7.899981299000045], [124.32267022400003, 7.894505528000028], [124.32940641900007, 7.896196452000027], [124.33111511500012, 7.898782513000072], [124.33112750600002, 7.900752204000071]]]}}, {"type": "Feature", "properties": {"province": "Lanao del Sur", "municipality": "Taraka", "barangay": "Caramat"}, "geometry": {"type": "Polygon", "coordinates": [[[124.33049459200005, 7.903109201000064], [124.32686022300004, 7.906071856000039], [124.32820694400003, 7.901921446000074], [124.32833871300011, 7.90108492400003], [124.33113083, 7.901654603000054], [124.33049459200005, 7.903109201000064]]]}}, {"type": "Feature", "properties": {"province": "Lanao del Sur", "municipality": "Taraka", "barangay": "Carandangan Calopaan"}, "geometry": {"type": "Polygon", "coordinates": [[[124.3399516390001, 7.890596469000058], [124.33973236700001, 7.890761707000026], [124.33574470700012, 7.889203750000036], [124.33960412500006, 7.885110919000053], [124.34264028600012, 7.887766947000046], [124.34241030000011, 7.887998884000069], [124.34064233300013, 7.889757072000066], [124.34024506800006, 7.890252123000039], [124.3399516390001, 7.890596469000058]]]}}, {"type": "Feature", "properties": {"province": "Lanao del Sur", "municipality": "Taraka", "barangay": "Datu Ma-as"}, "geometry": {"type": "Polygon", "coordinates": [[[124.33325295400006, 7.903824851000024], [124.33049459200005, 7.903109201000064], [124.33113083, 7.901654603000054], [124.33112750600002, 7.900752204000071], [124.33245146400007, 7.90133230500004], [124.33325295400006, 7.903824851000024]]]}}, {"type": "Feature", "properties": {"province": "Lanao del Sur", "municipality": "Taraka", "barangay": "Dilabayan"}, "geometry": {"type": "Polygon", "coordinates": [[[124.34690664100005, 7.901165631000024], [124.34185691100004, 7.907328254000049], [124.34064829400006, 7.906716282000048], [124.34197970200012, 7.903072157000053], [124.3455941410001, 7.89934284700007], [124.34690664100005, 7.901165631000024]]]}}, {"type": "Feature", "properties": {"province": "Lanao del Sur", "municipality": "Taraka", "barangay": "Dimayon"}, "geometry": {"type": "Polygon", "coordinates": [[[124.34464666400005, 7.885477213000057], [124.3445220750001, 7.885515433000024], [124.3417331510001, 7.882400290000018], [124.34326700500003, 7.880768567000076], [124.34636108800011, 7.884194606000049], [124.34549230400013, 7.88508153400005], [124.34464666400005, 7.885477213000057]]]}}, {"type": "Feature", "properties": {"province": "Lanao del Sur", "municipality": "Taraka", "barangay": "Gapao Balindong"}, "geometry": {"type": "Polygon", "coordinates": [[[124.32686022300004, 7.906071856000039], [124.32612447100007, 7.907759821000067], [124.32160724200003, 7.904650449000028], [124.32820694400003, 7.901921446000074], [124.32686022300004, 7.906071856000039]]]}}, {"type": "Feature", "properties": {"province": "Lanao del Sur", "municipality": "Taraka", "barangay": "Ilian"}, "geometry": {"type": "Polygon", "coordinates": [[[124.3455941410001, 7.89934284700007], [124.34197970200012, 7.903072157000053], [124.34118814600005, 7.902501796000024], [124.34300332900011, 7.899365769000041], [124.34422632300006, 7.897442858000033], [124.3455941410001, 7.89934284700007]]]}}, {"type": "Feature", "properties": {"province": "Lanao del Sur", "municipality": "Taraka", "barangay": "Lumasa"}, "geometry": {"type": "Polygon", "coordinates": [[[124.35148116700009, 7.88421130000006], [124.35315650600013, 7.889247615000045], [124.3471087600001, 7.882773662000032], [124.34745282400002, 7.881601114000034], [124.348188391, 7.880591583000068], [124.35148116700009, 7.88421130000006]]]}}, {"type": "Feature", "properties": {"province": "Lanao del Sur", "municipality": "Taraka", "barangay": "Lumbac Bagoaingud"}, "geometry": {"type": "Polygon", "coordinates": [[[124.34118814600005, 7.902501796000024], [124.3365544720001, 7.912940080000055], [124.336211208, 7.912638916000049], [124.3414851030001, 7.898757730000056], [124.34300332900011, 7.899365769000041], [124.34118814600005, 7.902501796000024]]]}}, {"type": "Feature", "properties": {"province": "Lanao del Sur", "municipality": "Taraka", "barangay": "Lumbac Bubong Maindang"}, "geometry": {"type": "Polygon", "coordinates": [[[124.35051751900005, 7.892144422000059], [124.3488047830001, 7.892962215000069], [124.34464666400005, 7.885477213000057], [124.34549230400013, 7.88508153400005], [124.35051751900005, 7.892144422000059]]]}}, {"type": "Feature", "properties": {"province": "Lanao del Sur", "municipality": "Taraka", "barangay": "Lumbac Pitakus"}, "geometry": {"type": "Polygon", "coordinates": [[[124.3488047830001, 7.892962215000069], [124.34678455000005, 7.894077047000052], [124.343985126, 7.887385514000073], [124.34395373400002, 7.885593287000061], [124.3445220750001, 7.885515433000024], [124.34464666400005, 7.885477213000057], [124.3488047830001, 7.892962215000069]]]}}, {"type": "Feature", "properties": {"province": "Lanao del Sur", "municipality": "Taraka", "barangay": "Malungun"}, "geometry": {"type": "Polygon", "coordinates": [[[124.3427379740001, 7.888312646000032], [124.34251910300009, 7.892112718000022], [124.34064233300013, 7.889757072000066], [124.34241030000011, 7.887998884000069], [124.3427379740001, 7.888312646000032]]]}}, {"type": "Feature", "properties": {"province": "Lanao del Sur", "municipality": "Taraka", "barangay": "Maruhom"}, "geometry": {"type": "Polygon", "coordinates": [[[124.33578017700006, 7.900935126000035], [124.3340823530001, 7.902201522000041], [124.33245146400007, 7.90133230500004], [124.33112750600002, 7.900752204000071], [124.33111511500012, 7.898782513000072], [124.33459031600013, 7.899642638000046], [124.33578017700006, 7.900935126000035]]]}}, {"type": "Feature", "properties": {"province": "Lanao del Sur", "municipality": "Taraka", "barangay": "Masolun"}, "geometry": {"type": "Polygon", "coordinates": [[[124.34395373400002, 7.885593287000061], [124.343985126, 7.887385514000073], [124.34359879200008, 7.887234050000075], [124.3428739090001, 7.886853821000046], [124.3434326240001, 7.885709952000069], [124.34395373400002, 7.885593287000061]]]}}, {"type": "Feature", "properties": {"province": "Lanao del Sur", "municipality": "Taraka", "barangay": "Moriatao Loksa Datu"}, "geometry": {"type": "Polygon", "coordinates": [[[124.33759972400004, 7.894369478000041], [124.33729891200007, 7.895116429000042], [124.33047817200008, 7.892160051000075], [124.33574470700012, 7.889203750000036], [124.33973236700001, 7.890761707000026], [124.33759972400004, 7.894369478000041]]]}}, {"type": "Feature", "properties": {"province": "Lanao del Sur", "municipality": "Taraka", "barangay": "Pagalamatan"}, "geometry": {"type": "Polygon", "coordinates": [[[124.3465972240001, 7.883929065000075], [124.34636108800011, 7.884194606000049], [124.34326700500003, 7.880768567000076], [124.34442512500004, 7.879698556000047], [124.34745282400002, 7.881601114000034], [124.3471087600001, 7.882773662000032], [124.3465972240001, 7.883929065000075]]]}}, {"type": "Feature", "properties": {"province": "Lanao del Sur", "municipality": "Taraka", "barangay": "Pindolonan"}, "geometry": {"type": "Polygon", "coordinates": [[[124.33973204500013, 7.898014586000044], [124.33849968100003, 7.900876167000038], [124.33607695100011, 7.898625080000044], [124.33702087200002, 7.896911008000074], [124.33973204500013, 7.898014586000044]]]}}, {"type": "Feature", "properties": {"province": "Lanao del Sur", "municipality": "Taraka", "barangay": "Pitakus"}, "geometry": {"type": "Polygon", "coordinates": [[[124.35234877300002, 7.891254395000031], [124.35051751900005, 7.892144422000059], [124.34549230400013, 7.88508153400005], [124.34636108800011, 7.884194606000049], [124.3465972240001, 7.883929065000075], [124.35234877300002, 7.891254395000031]]]}}, {"type": "Feature", "properties": {"province": "Lanao del Sur", "municipality": "Taraka", "barangay": "Ririk"}, "geometry": {"type": "Polygon", "coordinates": [[[124.34609279200004, 7.909471175000022], [124.33694335600002, 7.914456024000058], [124.34064829400006, 7.906716282000048], [124.34185691100004, 7.907328254000049], [124.34609279200004, 7.909471175000022]]]}}, {"type": "Feature", "properties": {"province": "Lanao del Sur", "municipality": "Taraka", "barangay": "Salipongan"}, "geometry": {"type": "Polygon", "coordinates": [[[124.34064829400006, 7.906716282000048], [124.33694335600002, 7.914456024000058], [124.3365544720001, 7.912940080000055], [124.34118814600005, 7.902501796000024], [124.34197970200012, 7.903072157000053], [124.34064829400006, 7.906716282000048]]]}}, {"type": "Feature", "properties": {"province": "Lanao del Sur", "municipality": "Taraka", "barangay": "Lumasa Proper"}, "geometry": {"type": "Polygon", "coordinates": [[[124.348188391, 7.880591583000068], [124.34745282400002, 7.881601114000034], [124.34442512500004, 7.879698556000047], [124.34959230700008, 7.877404642000045], [124.348188391, 7.880591583000068]]]}}, {"type": "Feature", "properties": {"province": "Lanao del Sur", "municipality": "Taraka", "barangay": "Sambolawan"}, "geometry": {"type": "Polygon", "coordinates": [[[124.3414851030001, 7.898757730000056], [124.336211208, 7.912638916000049], [124.33486232800011, 7.911127842000042], [124.33849968100003, 7.900876167000038], [124.33973204500013, 7.898014586000044], [124.3414851030001, 7.898757730000056]]]}}, {"type": "Feature", "properties": {"province": "Lanao del Sur", "municipality": "Taraka", "barangay": "Samporna Salamatollah"}, "geometry": {"type": "Polygon", "coordinates": [[[124.3340823530001, 7.902201522000041], [124.33325295400006, 7.903824851000024], [124.33245146400007, 7.90133230500004], [124.3340823530001, 7.902201522000041]]]}}, {"type": "Feature", "properties": {"province": "Lanao del Sur", "municipality": "Taraka", "barangay": "Somiorang Bandingun"}, "geometry": {"type": "Polygon", "coordinates": [[[124.35008296800002, 7.90568142100005], [124.34609279200004, 7.909471175000022], [124.34185691100004, 7.907328254000049], [124.34690664100005, 7.901165631000024], [124.35008296800002, 7.90568142100005]]]}}, {"type": "Feature", "properties": {"province": "Lanao del Sur", "municipality": "Taraka", "barangay": "Sigayan Proper"}, "geometry": {"type": "Polygon", "coordinates": [[[124.35363227000005, 7.890586976000066], [124.35008296800002, 7.90568142100005], [124.34690664100005, 7.901165631000024], [124.3455941410001, 7.89934284700007], [124.34422632300006, 7.897442858000033], [124.34514239600003, 7.895349338000075], [124.34533351800006, 7.895209678000069], [124.34555532800005, 7.895039542000063], [124.34678455000005, 7.894077047000052], [124.3488047830001, 7.892962215000069], [124.35051751900005, 7.892144422000059], [124.35234877300002, 7.891254395000031], [124.35363227000005, 7.890586976000066]]]}}, {"type": "Feature", "properties": {"province": "Lanao del Sur", "municipality": "Taraka", "barangay": "Sunggod"}, "geometry": {"type": "Polygon", "coordinates": [[[124.34678455000005, 7.894077047000052], [124.34555532800005, 7.895039542000063], [124.34251910300009, 7.892112718000022], [124.3427379740001, 7.888312646000032], [124.34359879200008, 7.887234050000075], [124.343985126, 7.887385514000073], [124.34678455000005, 7.894077047000052]]]}}, {"type": "Feature", "properties": {"province": "Lanao del Sur", "municipality": "Taraka", "barangay": "Sunding"}, "geometry": {"type": "Polygon", "coordinates": [[[124.34395373400002, 7.885593287000061], [124.3434326240001, 7.885709952000069], [124.3409463590001, 7.883228426000072], [124.3417331510001, 7.882400290000018], [124.3445220750001, 7.885515433000024], [124.34395373400002, 7.885593287000061]]]}}, {"type": "Feature", "properties": {"province": "Lanao del Sur", "municipality": "Taraka", "barangay": "Supangan"}, "geometry": {"type": "Polygon", "coordinates": [[[124.32820694400003, 7.901921446000074], [124.32160724200003, 7.904650449000028], [124.32304206200003, 7.899981299000045], [124.32833871300011, 7.90108492400003], [124.32820694400003, 7.901921446000074]]]}}, {"type": "Feature", "properties": {"province": "Lanao del Sur", "municipality": "Taraka", "barangay": "Tupa-an Buadiatupa"}, "geometry": {"type": "Polygon", "coordinates": [[[124.33593806200007, 7.896424480000065], [124.32976656000005, 7.895638083000053], [124.33007204500007, 7.893899262000048], [124.33593806200007, 7.896424480000065]]]}}, {"type": "Feature", "properties": {"province": "Lanao del Sur", "municipality": "Taraka", "barangay": "Buadi Amunud"}, "geometry": {"type": "Polygon", "coordinates": [[[124.34555532800005, 7.895039542000063], [124.34533351800006, 7.895209678000069], [124.34024506800006, 7.890252123000039], [124.34064233300013, 7.889757072000066], [124.34251910300009, 7.892112718000022], [124.34555532800005, 7.895039542000063]]]}}, {"type": "Feature", "properties": {"province": "Lanao del Sur", "municipality": "Taraka", "barangay": "Mangayao"}, "geometry": {"type": "Polygon", "coordinates": [[[124.33292343200004, 7.909679982000056], [124.32612447100007, 7.907759821000067], [124.32686022300004, 7.906071856000039], [124.33049459200005, 7.903109201000064], [124.33325295400006, 7.903824851000024], [124.3340823530001, 7.902201522000041], [124.33578017700006, 7.900935126000035], [124.33292343200004, 7.909679982000056]]]}}, {"type": "Feature", "properties": {"province": "Lanao del Sur", "municipality": "Mulundo", "barangay": "Bangon"}, "geometry": {"type": "Polygon", "coordinates": [[[124.351383972, 7.917226773000037], [124.34744828200007, 7.924188249000053], [124.34680731900006, 7.923008306000042], [124.35405741400007, 7.911022338000068], [124.365151534, 7.90162954300007], [124.36643250000007, 7.902548306000027], [124.35457659100007, 7.912352565000048], [124.351383972, 7.917226773000037]]]}}, {"type": "Feature", "properties": {"province": "Lanao del Sur", "municipality": "Mulundo", "barangay": "Bubonga Guilopa"}, "geometry": {"type": "Polygon", "coordinates": [[[124.36955795500012, 7.913559042000032], [124.36539525400008, 7.920408066000049], [124.36212418800004, 7.91851337000003], [124.3666808040001, 7.912856968000027], [124.36955795500012, 7.913559042000032]]]}}, {"type": "Feature", "properties": {"province": "Lanao del Sur", "municipality": "Mulundo", "barangay": "Buadi-Abala"}, "geometry": {"type": "Polygon", "coordinates": [[[124.35353659600003, 7.926244953000033], [124.34962050200009, 7.925306472000044], [124.35411442800013, 7.918024723000033], [124.35432309600003, 7.918132002000047], [124.35634605900009, 7.919163604000061], [124.35639134000007, 7.919304825000038], [124.35643992200005, 7.919826846000033], [124.35353659600003, 7.926244953000033]]]}}, {"type": "Feature", "properties": {"province": "Lanao del Sur", "municipality": "Mulundo", "barangay": "Buadi-Bayawa"}, "geometry": {"type": "Polygon", "coordinates": [[[124.35863836300007, 7.920872557000054], [124.35591282400003, 7.927053730000068], [124.35509868300005, 7.926682093000068], [124.35643992200005, 7.919826846000033], [124.35639134000007, 7.919304825000038], [124.35900622600002, 7.920209567000029], [124.35863836300007, 7.920872557000054]]]}}, {"type": "Feature", "properties": {"province": "Lanao del Sur", "municipality": "Mulundo", "barangay": "Buadi-Insuba"}, "geometry": {"type": "Polygon", "coordinates": [[[124.35668922000002, 7.917866980000042], [124.35634605900009, 7.919163604000061], [124.35432309600003, 7.918132002000047], [124.3557839780001, 7.91523607600004], [124.35618660200011, 7.915464445000056], [124.35668922000002, 7.917866980000042]]]}}, {"type": "Feature", "properties": {"province": "Lanao del Sur", "municipality": "Mulundo", "barangay": "Bubong"}, "geometry": {"type": "Polygon", "coordinates": [[[124.34680731900006, 7.923008306000042], [124.34255453700007, 7.922921319000066], [124.36302739500002, 7.900108522000038], [124.365151534, 7.90162954300007], [124.35405741400007, 7.911022338000068], [124.34680731900006, 7.923008306000042]]]}}, {"type": "Feature", "properties": {"province": "Lanao del Sur", "municipality": "Mulundo", "barangay": "Cabasaran"}, "geometry": {"type": "Polygon", "coordinates": [[[124.3557839780001, 7.91523607600004], [124.35432309600003, 7.918132002000047], [124.35411442800013, 7.918024723000033], [124.35260920800009, 7.917205335000061], [124.35491571500006, 7.913184320000026], [124.35556310200002, 7.913660333000053], [124.3557839780001, 7.91523607600004]]]}}, {"type": "Feature", "properties": {"province": "Lanao del Sur", "municipality": "Mulundo", "barangay": "Cairatan"}, "geometry": {"type": "Polygon", "coordinates": [[[124.36382385600007, 7.912156777000063], [124.3607621230001, 7.917072637000047], [124.35618660200011, 7.915464445000056], [124.3557839780001, 7.91523607600004], [124.35556310200002, 7.913660333000053], [124.36226499600004, 7.908560685000054], [124.36382385600007, 7.912156777000063]]]}}, {"type": "Feature", "properties": {"province": "Lanao del Sur", "municipality": "Mulundo", "barangay": "Cormatan"}, "geometry": {"type": "Polygon", "coordinates": [[[124.3743072760001, 7.914684297000064], [124.36786787000005, 7.922176686000059], [124.36539525400008, 7.920408066000049], [124.36955795500012, 7.913559042000032], [124.3743072760001, 7.914684297000064]]]}}, {"type": "Feature", "properties": {"province": "Lanao del Sur", "municipality": "Mulundo", "barangay": "Poblacion"}, "geometry": {"type": "Polygon", "coordinates": [[[124.36064799700011, 7.921030451000035], [124.35863836300007, 7.920872557000054], [124.35900622600002, 7.920209567000029], [124.35964142600007, 7.919099861000063], [124.3607621230001, 7.917072637000047], [124.36382385600007, 7.912156777000063], [124.3666808040001, 7.912856968000027], [124.36212418800004, 7.91851337000003], [124.36160107, 7.91932907300003], [124.36096849500007, 7.920416318000036], [124.36064799700011, 7.921030451000035]]]}}, {"type": "Feature", "properties": {"province": "Lanao del Sur", "municipality": "Mulundo", "barangay": "Dalama"}, "geometry": {"type": "Polygon", "coordinates": [[[124.38823592700011, 7.918082623000034], [124.39468048800006, 7.922532235000062], [124.36717715700003, 7.937092239000038], [124.36643578400003, 7.932011917000067], [124.37012515100002, 7.929655415000071], [124.38823592700011, 7.918082623000034]]]}}, {"type": "Feature", "properties": {"province": "Lanao del Sur", "municipality": "Mulundo", "barangay": "Dansalan"}, "geometry": {"type": "Polygon", "coordinates": [[[124.37012515100002, 7.929655415000071], [124.36643578400003, 7.932011917000067], [124.36146777500007, 7.927564326000037], [124.36419820900007, 7.923848451000024], [124.37012515100002, 7.929655415000071]]]}}, {"type": "Feature", "properties": {"province": "Lanao del Sur", "municipality": "Mulundo", "barangay": "Dimarao"}, "geometry": {"type": "Polygon", "coordinates": [[[124.38654575200007, 7.916775483000037], [124.3706602210001, 7.92786860600006], [124.36096849500007, 7.920416318000036], [124.36160107, 7.91932907300003], [124.37076415600006, 7.926512241000067], [124.3854227270001, 7.915930374000025], [124.38654575200007, 7.916775483000037]]]}}, {"type": "Feature", "properties": {"province": "Lanao del Sur", "municipality": "Mulundo", "barangay": "Guilopa"}, "geometry": {"type": "Polygon", "coordinates": [[[124.3854227270001, 7.915930374000025], [124.37076415600006, 7.926512241000067], [124.36160107, 7.91932907300003], [124.36212418800004, 7.91851337000003], [124.36539525400008, 7.920408066000049], [124.36786787000005, 7.922176686000059], [124.38149699300004, 7.916180218000021], [124.38372507800013, 7.914677557000062], [124.3854227270001, 7.915930374000025]]]}}, {"type": "Feature", "properties": {"province": "Lanao del Sur", "municipality": "Mulundo", "barangay": "Ilian"}, "geometry": {"type": "Polygon", "coordinates": [[[124.38149699300004, 7.916180218000021], [124.36786787000005, 7.922176686000059], [124.3743072760001, 7.914684297000064], [124.38149699300004, 7.916180218000021]]]}}, {"type": "Feature", "properties": {"province": "Lanao del Sur", "municipality": "Mulundo", "barangay": "Kitambugun"}, "geometry": {"type": "Polygon", "coordinates": [[[124.38823592700011, 7.918082623000034], [124.37012515100002, 7.929655415000071], [124.36419820900007, 7.923848451000024], [124.36215236600002, 7.92206453500006], [124.36064799700011, 7.921030451000035], [124.36096849500007, 7.920416318000036], [124.3706602210001, 7.92786860600006], [124.38654575200007, 7.916775483000037], [124.38823592700011, 7.918082623000034]]]}}, {"type": "Feature", "properties": {"province": "Lanao del Sur", "municipality": "Mulundo", "barangay": "Lama"}, "geometry": {"type": "Polygon", "coordinates": [[[124.35260920800009, 7.917205335000061], [124.351383972, 7.917226773000037], [124.35457659100007, 7.912352565000048], [124.35491571500006, 7.913184320000026], [124.35260920800009, 7.917205335000061]]]}}, {"type": "Feature", "properties": {"province": "Lanao del Sur", "municipality": "Mulundo", "barangay": "Lilod"}, "geometry": {"type": "Polygon", "coordinates": [[[124.35643992200005, 7.919826846000033], [124.35509868300005, 7.926682093000068], [124.35353659600003, 7.926244953000033], [124.35643992200005, 7.919826846000033]]]}}, {"type": "Feature", "properties": {"province": "Lanao del Sur", "municipality": "Mulundo", "barangay": "Lilod Raybalai"}, "geometry": {"type": "Polygon", "coordinates": [[[124.3607621230001, 7.917072637000047], [124.35964142600007, 7.919099861000063], [124.35668922000002, 7.917866980000042], [124.35618660200011, 7.915464445000056], [124.3607621230001, 7.917072637000047]]]}}, {"type": "Feature", "properties": {"province": "Lanao del Sur", "municipality": "Mulundo", "barangay": "Lumbaca Ingud"}, "geometry": {"type": "Polygon", "coordinates": [[[124.35921776700003, 7.927186603000051], [124.35591282400003, 7.927053730000068], [124.35863836300007, 7.920872557000054], [124.36064799700011, 7.921030451000035], [124.36215236600002, 7.92206453500006], [124.35921776700003, 7.927186603000051]]]}}, {"type": "Feature", "properties": {"province": "Lanao del Sur", "municipality": "Mulundo", "barangay": "Madaya"}, "geometry": {"type": "Polygon", "coordinates": [[[124.36226499600004, 7.908560685000054], [124.35556310200002, 7.913660333000053], [124.35491571500006, 7.913184320000026], [124.35457659100007, 7.912352565000048], [124.36643250000007, 7.902548306000027], [124.36835935700003, 7.903953753000053], [124.36226499600004, 7.908560685000054]]]}}, {"type": "Feature", "properties": {"province": "Lanao del Sur", "municipality": "Mulundo", "barangay": "Pindolonan"}, "geometry": {"type": "Polygon", "coordinates": [[[124.38372507800013, 7.914677557000062], [124.38149699300004, 7.916180218000021], [124.3743072760001, 7.914684297000064], [124.36955795500012, 7.913559042000032], [124.3666808040001, 7.912856968000027], [124.36382385600007, 7.912156777000063], [124.36226499600004, 7.908560685000054], [124.36835935700003, 7.903953753000053], [124.38372507800013, 7.914677557000062]]]}}, {"type": "Feature", "properties": {"province": "Lanao del Sur", "municipality": "Mulundo", "barangay": "Salipongan"}, "geometry": {"type": "Polygon", "coordinates": [[[124.35964142600007, 7.919099861000063], [124.35900622600002, 7.920209567000029], [124.35639134000007, 7.919304825000038], [124.35634605900009, 7.919163604000061], [124.35668922000002, 7.917866980000042], [124.35964142600007, 7.919099861000063]]]}}, {"type": "Feature", "properties": {"province": "Lanao del Sur", "municipality": "Mulundo", "barangay": "Sugan"}, "geometry": {"type": "Polygon", "coordinates": [[[124.36146777500007, 7.927564326000037], [124.35921776700003, 7.927186603000051], [124.36215236600002, 7.92206453500006], [124.36419820900007, 7.923848451000024], [124.36146777500007, 7.927564326000037]]]}}, {"type": "Feature", "properties": {"province": "Lanao del Sur", "municipality": "Mulundo", "barangay": "Bagoaingud"}, "geometry": {"type": "Polygon", "coordinates": [[[124.35411442800013, 7.918024723000033], [124.34962050200009, 7.925306472000044], [124.34744828200007, 7.924188249000053], [124.351383972, 7.917226773000037], [124.35260920800009, 7.917205335000061], [124.35411442800013, 7.918024723000033]]]}}, {"type": "Feature", "properties": {"province": "Lanao del Sur", "municipality": "Butig", "barangay": "Butig Proper"}, "geometry": {"type": "Polygon", "coordinates": [[[124.3052667400001, 7.735602255000061], [124.30444421800007, 7.741177865000052], [124.29743506300008, 7.740635990000043], [124.29717846200003, 7.734624497000027], [124.29750630300009, 7.724495209000055], [124.3052667400001, 7.735602255000061]]]}}, {"type": "Feature", "properties": {"province": "Lanao del Sur", "municipality": "Butig", "barangay": "Cabasaran"}, "geometry": {"type": "Polygon", "coordinates": [[[124.29315494000002, 7.683279112000036], [124.26511650600003, 7.724051762000046], [124.27868143500007, 7.557954299000073], [124.35373087800008, 7.58642368900007], [124.29315494000002, 7.683279112000036]]]}}, {"type": "Feature", "properties": {"province": "Lanao del Sur", "municipality": "Butig", "barangay": "Coloyan Tambo"}, "geometry": {"type": "Polygon", "coordinates": [[[124.41129169200009, 7.760142068000052], [124.32349439600013, 7.764597493000053], [124.32728685600011, 7.753230678000023], [124.44866244800005, 7.742487027000037], [124.41129169200009, 7.760142068000052]]]}}, {"type": "Feature", "properties": {"province": "Lanao del Sur", "municipality": "Butig", "barangay": "Dilimbayan"}, "geometry": {"type": "Polygon", "coordinates": [[[124.3073152620001, 7.762563444000024], [124.2986085880001, 7.769405516000062], [124.29266595100013, 7.761752699000055], [124.30421929500005, 7.751791194000019], [124.3073152620001, 7.762563444000024]]]}}, {"type": "Feature", "properties": {"province": "Lanao del Sur", "municipality": "Butig", "barangay": "Dolangan"}, "geometry": {"type": "Polygon", "coordinates": [[[124.29021683500002, 7.71277531000004], [124.2674998660001, 7.730122109000035], [124.26511650600003, 7.724051762000046], [124.29315494000002, 7.683279112000036], [124.29021683500002, 7.71277531000004]]]}}, {"type": "Feature", "properties": {"province": "Lanao del Sur", "municipality": "Butig", "barangay": "Pindolonan"}, "geometry": {"type": "Polygon", "coordinates": [[[124.29743506300008, 7.740635990000043], [124.29205542900002, 7.746629237000036], [124.28031145400007, 7.737411941000061], [124.28437617800013, 7.734559416000025], [124.29350448400008, 7.733387950000066], [124.29717846200003, 7.734624497000027], [124.29743506300008, 7.740635990000043]]]}}, {"type": "Feature", "properties": {"province": "Lanao del Sur", "municipality": "Butig", "barangay": "Bayabao Poblacion"}, "geometry": {"type": "Polygon", "coordinates": [[[124.31596206300003, 7.750179283000023], [124.3161799080001, 7.764541608000059], [124.30744249500005, 7.764488970000058], [124.3073152620001, 7.762563444000024], [124.30421929500005, 7.751791194000019], [124.30444421800007, 7.741177865000052], [124.3052667400001, 7.735602255000061], [124.31968944800008, 7.733013739000056], [124.31596206300003, 7.750179283000023]]]}}, {"type": "Feature", "properties": {"province": "Lanao del Sur", "municipality": "Butig", "barangay": "Poktan"}, "geometry": {"type": "Polygon", "coordinates": [[[124.32728685600011, 7.753230678000023], [124.32349439600013, 7.764597493000053], [124.31613624100011, 7.764710726000033], [124.3161799080001, 7.764541608000059], [124.31596206300003, 7.750179283000023], [124.32728685600011, 7.753230678000023]]]}}, {"type": "Feature", "properties": {"province": "Lanao del Sur", "municipality": "Butig", "barangay": "Ragayan"}, "geometry": {"type": "Polygon", "coordinates": [[[124.44866244800005, 7.742487027000037], [124.32728685600011, 7.753230678000023], [124.31596206300003, 7.750179283000023], [124.31968944800008, 7.733013739000056], [124.47928540900011, 7.701858068000035], [124.44866244800005, 7.742487027000037]]]}}, {"type": "Feature", "properties": {"province": "Lanao del Sur", "municipality": "Butig", "barangay": "Raya"}, "geometry": {"type": "Polygon", "coordinates": [[[124.30421929500005, 7.751791194000019], [124.29266595100013, 7.761752699000055], [124.28487632500004, 7.752976118000048], [124.29205542900002, 7.746629237000036], [124.29743506300008, 7.740635990000043], [124.30444421800007, 7.741177865000052], [124.30421929500005, 7.751791194000019]]]}}, {"type": "Feature", "properties": {"province": "Lanao del Sur", "municipality": "Butig", "barangay": "Samer"}, "geometry": {"type": "Polygon", "coordinates": [[[124.41129169200009, 7.760142068000052], [124.3180384220001, 7.779974585000046], [124.31613624100011, 7.764710726000033], [124.32349439600013, 7.764597493000053], [124.41129169200009, 7.760142068000052]]]}}, {"type": "Feature", "properties": {"province": "Lanao del Sur", "municipality": "Butig", "barangay": "Sandab Madaya"}, "geometry": {"type": "Polygon", "coordinates": [[[124.31968944800008, 7.733013739000056], [124.3052667400001, 7.735602255000061], [124.29750630300009, 7.724495209000055], [124.29021683500002, 7.71277531000004], [124.29315494000002, 7.683279112000036], [124.35373087800008, 7.58642368900007], [124.47928540900011, 7.701858068000035], [124.31968944800008, 7.733013739000056]]]}}, {"type": "Feature", "properties": {"province": "Lanao del Sur", "municipality": "Butig", "barangay": "Sundig"}, "geometry": {"type": "Polygon", "coordinates": [[[124.28031145400007, 7.737411941000061], [124.27634762900004, 7.74133440600002], [124.2674998660001, 7.730122109000035], [124.29021683500002, 7.71277531000004], [124.29750630300009, 7.724495209000055], [124.29717846200003, 7.734624497000027], [124.29350448400008, 7.733387950000066], [124.28437617800013, 7.734559416000025], [124.28031145400007, 7.737411941000061]]]}}, {"type": "Feature", "properties": {"province": "Lanao del Sur", "municipality": "Butig", "barangay": "Tiowi"}, "geometry": {"type": "Polygon", "coordinates": [[[124.30744249500005, 7.764488970000058], [124.30844227500008, 7.779597504000035], [124.2986085880001, 7.769405516000062], [124.3073152620001, 7.762563444000024], [124.30744249500005, 7.764488970000058]]]}}, {"type": "Feature", "properties": {"province": "Lanao del Sur", "municipality": "Butig", "barangay": "Timbab"}, "geometry": {"type": "Polygon", "coordinates": [[[124.3180384220001, 7.779974585000046], [124.30844227500008, 7.779597504000035], [124.30744249500005, 7.764488970000058], [124.3161799080001, 7.764541608000059], [124.31613624100011, 7.764710726000033], [124.3180384220001, 7.779974585000046]]]}}, {"type": "Feature", "properties": {"province": "Lanao del Sur", "municipality": "Butig", "barangay": "Malungun"}, "geometry": {"type": "Polygon", "coordinates": [[[124.29205542900002, 7.746629237000036], [124.28487632500004, 7.752976118000048], [124.27634762900004, 7.74133440600002], [124.28031145400007, 7.737411941000061], [124.29205542900002, 7.746629237000036]]]}}, {"type": "Feature", "properties": {"province": "Lanao del Sur", "municipality": "Lumbayanague", "barangay": "Bagoaingud"}, "geometry": {"type": "Polygon", "coordinates": [[[124.27447311200001, 7.776091013000041], [124.26784600500002, 7.780188250000039], [124.26581713200005, 7.775353952000045], [124.269748573, 7.770096383000066], [124.27447311200001, 7.776091013000041]]]}}, {"type": "Feature", "properties": {"province": "Lanao del Sur", "municipality": "Lumbayanague", "barangay": "Balaigay"}, "geometry": {"type": "Polygon", "coordinates": [[[124.31468273100005, 7.783392961000059], [124.30568766800002, 7.788191625000023], [124.30526816400005, 7.784782168000051], [124.31468273100005, 7.783392961000059]]]}}, {"type": "Feature", "properties": {"province": "Lanao del Sur", "municipality": "Lumbayanague", "barangay": "Bualan"}, "geometry": {"type": "Polygon", "coordinates": [[[124.26209612900004, 7.775371715000063], [124.26152839400004, 7.763255694000066], [124.269748573, 7.770096383000066], [124.26581713200005, 7.775353952000045], [124.26209612900004, 7.775371715000063]]]}}, {"type": "Feature", "properties": {"province": "Lanao del Sur", "municipality": "Lumbayanague", "barangay": "Cadingilan"}, "geometry": {"type": "Polygon", "coordinates": [[[124.27357052200011, 7.783338857000046], [124.27419047500007, 7.787069545000064], [124.2691448710001, 7.786117297000032], [124.26762220100011, 7.784152435000063], [124.26788321800005, 7.78068821900007], [124.27357052200011, 7.783338857000046]]]}}, {"type": "Feature", "properties": {"province": "Lanao del Sur", "municipality": "Lumbayanague", "barangay": "Casalayan"}, "geometry": {"type": "Polygon", "coordinates": [[[124.29732955500002, 7.776848119000022], [124.29640531300002, 7.782117835000065], [124.29314910200002, 7.781348468000031], [124.28289487600013, 7.777150518000042], [124.28671465200011, 7.772194228000044], [124.29732955500002, 7.776848119000022]]]}}, {"type": "Feature", "properties": {"province": "Lanao del Sur", "municipality": "Lumbayanague", "barangay": "Dala"}, "geometry": {"type": "Polygon", "coordinates": [[[124.29315799200003, 7.78831632200007], [124.28960713000004, 7.789027703000043], [124.28029040000003, 7.782989448000022], [124.28088219000006, 7.780185161000077], [124.28289487600013, 7.777150518000042], [124.29314910200002, 7.781348468000031], [124.29315799200003, 7.78831632200007]]]}}, {"type": "Feature", "properties": {"province": "Lanao del Sur", "municipality": "Lumbayanague", "barangay": "Dilimbayan"}, "geometry": {"type": "Polygon", "coordinates": [[[124.28671465200011, 7.772194228000044], [124.28289487600013, 7.777150518000042], [124.27974743900005, 7.771890275000031], [124.2794723940001, 7.767005009000058], [124.28503891800007, 7.762888578000059], [124.28900118700005, 7.76956731300004], [124.28671465200011, 7.772194228000044]]]}}, {"type": "Feature", "properties": {"province": "Lanao del Sur", "municipality": "Lumbayanague", "barangay": "Cabuntungan"}, "geometry": {"type": "Polygon", "coordinates": [[[124.29437973200004, 7.763958666000063], [124.29732955500002, 7.776848119000022], [124.28671465200011, 7.772194228000044], [124.28900118700005, 7.76956731300004], [124.29437973200004, 7.763958666000063]]]}}, {"type": "Feature", "properties": {"province": "Lanao del Sur", "municipality": "Lumbayanague", "barangay": "Lamin"}, "geometry": {"type": "Polygon", "coordinates": [[[124.29437973200004, 7.763958666000063], [124.28900118700005, 7.76956731300004], [124.28503891800007, 7.762888578000059], [124.28292147300012, 7.757260446000032], [124.28646175900006, 7.754127950000054], [124.29437973200004, 7.763958666000063]]]}}, {"type": "Feature", "properties": {"province": "Lanao del Sur", "municipality": "Lumbayanague", "barangay": "Diromoyod"}, "geometry": {"type": "Polygon", "coordinates": [[[124.28960713000004, 7.789027703000043], [124.28163180100012, 7.789416910000057], [124.27887485300003, 7.783941752000031], [124.28029040000003, 7.782989448000022], [124.28960713000004, 7.789027703000043]]]}}, {"type": "Feature", "properties": {"province": "Lanao del Sur", "municipality": "Lumbayanague", "barangay": "Kabasaran"}, "geometry": {"type": "Polygon", "coordinates": [[[124.28163180100012, 7.789416910000057], [124.27149858800011, 7.789912740000033], [124.2691448710001, 7.786117297000032], [124.27419047500007, 7.787069545000064], [124.27887485300003, 7.783941752000031], [124.28163180100012, 7.789416910000057]]]}}, {"type": "Feature", "properties": {"province": "Lanao del Sur", "municipality": "Lumbayanague", "barangay": "Nanagun"}, "geometry": {"type": "Polygon", "coordinates": [[[124.30949731300007, 7.780117251000035], [124.30526001100007, 7.784301283000046], [124.29640531300002, 7.782117835000065], [124.29732955500002, 7.776848119000022], [124.30949731300007, 7.780117251000035]]]}}, {"type": "Feature", "properties": {"province": "Lanao del Sur", "municipality": "Lumbayanague", "barangay": "Mapantao-Balangas"}, "geometry": {"type": "Polygon", "coordinates": [[[124.27663357900008, 7.765284212000042], [124.269748573, 7.770096383000066], [124.26152839400004, 7.763255694000066], [124.26752079500012, 7.757649740000033], [124.27364751700007, 7.762776835000071], [124.27663357900008, 7.765284212000042]]]}}, {"type": "Feature", "properties": {"province": "Lanao del Sur", "municipality": "Lumbayanague", "barangay": "Miniros"}, "geometry": {"type": "Polygon", "coordinates": [[[124.28503891800007, 7.762888578000059], [124.2794723940001, 7.767005009000058], [124.27663357900008, 7.765284212000042], [124.27364751700007, 7.762776835000071], [124.28292147300012, 7.757260446000032], [124.28503891800007, 7.762888578000059]]]}}, {"type": "Feature", "properties": {"province": "Lanao del Sur", "municipality": "Lumbayanague", "barangay": "Pantaon"}, "geometry": {"type": "Polygon", "coordinates": [[[124.28292147300012, 7.757260446000032], [124.27364751700007, 7.762776835000071], [124.26752079500012, 7.757649740000033], [124.28646175900006, 7.754127950000054], [124.28292147300012, 7.757260446000032]]]}}, {"type": "Feature", "properties": {"province": "Lanao del Sur", "municipality": "Lumbayanague", "barangay": "Pindolonan"}, "geometry": {"type": "Polygon", "coordinates": [[[124.27357052200011, 7.783338857000046], [124.26788321800005, 7.78068821900007], [124.26784600500002, 7.780188250000039], [124.27447311200001, 7.776091013000041], [124.27974743900005, 7.771890275000031], [124.28289487600013, 7.777150518000042], [124.28088219000006, 7.780185161000077], [124.27357052200011, 7.783338857000046]]]}}, {"type": "Feature", "properties": {"province": "Lanao del Sur", "municipality": "Lumbayanague", "barangay": "Pitatanglan"}, "geometry": {"type": "Polygon", "coordinates": [[[124.2691448710001, 7.786117297000032], [124.27149858800011, 7.789912740000033], [124.26043995700002, 7.783758632000057], [124.26762220100011, 7.784152435000063], [124.2691448710001, 7.786117297000032]]]}}, {"type": "Feature", "properties": {"province": "Lanao del Sur", "municipality": "Lumbayanague", "barangay": "Poctan"}, "geometry": {"type": "Polygon", "coordinates": [[[124.26788321800005, 7.78068821900007], [124.26762220100011, 7.784152435000063], [124.26043995700002, 7.783758632000057], [124.26209612900004, 7.775371715000063], [124.26581713200005, 7.775353952000045], [124.26784600500002, 7.780188250000039], [124.26788321800005, 7.78068821900007]]]}}, {"type": "Feature", "properties": {"province": "Lanao del Sur", "municipality": "Lumbayanague", "barangay": "Singcara"}, "geometry": {"type": "Polygon", "coordinates": [[[124.31468273100005, 7.783392961000059], [124.30526816400005, 7.784782168000051], [124.30526001100007, 7.784301283000046], [124.30949731300007, 7.780117251000035], [124.31468273100005, 7.783392961000059]]]}}, {"type": "Feature", "properties": {"province": "Lanao del Sur", "municipality": "Lumbayanague", "barangay": "Wago"}, "geometry": {"type": "Polygon", "coordinates": [[[124.27974743900005, 7.771890275000031], [124.27447311200001, 7.776091013000041], [124.269748573, 7.770096383000066], [124.27663357900008, 7.765284212000042], [124.2794723940001, 7.767005009000058], [124.27974743900005, 7.771890275000031]]]}}, {"type": "Feature", "properties": {"province": "Lanao del Sur", "municipality": "Lumbayanague", "barangay": "Cadayonan"}, "geometry": {"type": "Polygon", "coordinates": [[[124.30568766800002, 7.788191625000023], [124.29315799200003, 7.78831632200007], [124.29314910200002, 7.781348468000031], [124.29640531300002, 7.782117835000065], [124.30526001100007, 7.784301283000046], [124.30526816400005, 7.784782168000051], [124.30568766800002, 7.788191625000023]]]}}, {"type": "Feature", "properties": {"province": "Lanao del Sur", "municipality": "Lumbayanague", "barangay": "Cadingilan A"}, "geometry": {"type": "Polygon", "coordinates": [[[124.27887485300003, 7.783941752000031], [124.27419047500007, 7.787069545000064], [124.27357052200011, 7.783338857000046], [124.28088219000006, 7.780185161000077], [124.28029040000003, 7.782989448000022], [124.27887485300003, 7.783941752000031]]]}}, {"type": "Feature", "properties": {"province": "Lanao del Sur", "municipality": "Sultan Dumalundong", "barangay": "Bacayawan"}, "geometry": {"type": "Polygon", "coordinates": [[[124.26996124400013, 7.755320236000045], [124.26517326400005, 7.760466622000024], [124.25521124400007, 7.751152957000042], [124.2600977310001, 7.746218149000073], [124.26996124400013, 7.755320236000045]]]}}, {"type": "Feature", "properties": {"province": "Lanao del Sur", "municipality": "Sultan Dumalundong", "barangay": "Dinganun Guilopa"}, "geometry": {"type": "Polygon", "coordinates": [[[124.26892174500006, 7.736345448000063], [124.26182521600003, 7.745493330000043], [124.25519501800012, 7.738384237000049], [124.24890646300001, 7.730428567000045], [124.26267986900007, 7.722673128000054], [124.26892174500006, 7.736345448000063]]]}}, {"type": "Feature", "properties": {"province": "Lanao del Sur", "municipality": "Sultan Dumalundong", "barangay": "Lumbac"}, "geometry": {"type": "Polygon", "coordinates": [[[124.26517326400005, 7.760466622000024], [124.24778141500008, 7.759214654000059], [124.25521124400007, 7.751152957000042], [124.26517326400005, 7.760466622000024]]]}}, {"type": "Feature", "properties": {"province": "Lanao del Sur", "municipality": "Sultan Dumalundong", "barangay": "Malalis"}, "geometry": {"type": "Polygon", "coordinates": [[[124.26267986900007, 7.722673128000054], [124.24890646300001, 7.730428567000045], [124.23853921300008, 7.683593312000026], [124.2631328970001, 7.711513708000041], [124.26267986900007, 7.722673128000054]]]}}, {"type": "Feature", "properties": {"province": "Lanao del Sur", "municipality": "Sultan Dumalundong", "barangay": "Pagalongan"}, "geometry": {"type": "Polygon", "coordinates": [[[124.26892174500006, 7.736345448000063], [124.26996124400013, 7.755320236000045], [124.2600977310001, 7.746218149000073], [124.26182521600003, 7.745493330000043], [124.26892174500006, 7.736345448000063]]]}}, {"type": "Feature", "properties": {"province": "Lanao del Sur", "municipality": "Sultan Dumalundong", "barangay": "Tagoranao"}, "geometry": {"type": "Polygon", "coordinates": [[[124.25521124400007, 7.751152957000042], [124.24778141500008, 7.759214654000059], [124.25519501800012, 7.738384237000049], [124.26182521600003, 7.745493330000043], [124.2600977310001, 7.746218149000073], [124.25521124400007, 7.751152957000042]]]}}, {"type": "Feature", "properties": {"province": "Lanao del Sur", "municipality": "Lumbaca Unayan", "barangay": "Bangon"}, "geometry": {"type": "Polygon", "coordinates": [[[124.21221751600001, 7.744762467000041], [124.19984672700004, 7.751372788000027], [124.19600545800007, 7.742929088000039], [124.20025934300008, 7.734579299000076], [124.21135149800011, 7.743947643000071], [124.21221751600001, 7.744762467000041]]]}}, {"type": "Feature", "properties": {"province": "Lanao del Sur", "municipality": "Lumbaca Unayan", "barangay": "Beta (Proper Beta)"}, "geometry": {"type": "Polygon", "coordinates": [[[124.2160502930001, 7.744778774000052], [124.2145585930001, 7.747271739000041], [124.21221751600001, 7.744762467000041], [124.21135149800011, 7.743947643000071], [124.21790362900005, 7.732939789000056], [124.2160502930001, 7.744778774000052]]]}}, {"type": "Feature", "properties": {"province": "Lanao del Sur", "municipality": "Lumbaca Unayan", "barangay": "Calalon"}, "geometry": {"type": "Polygon", "coordinates": [[[124.2181870490001, 7.747602098000073], [124.2160502930001, 7.744778774000052], [124.21790362900005, 7.732939789000056], [124.21845538600009, 7.723778862000074], [124.2261357210001, 7.715115492000051], [124.2181870490001, 7.747602098000073]]]}}, {"type": "Feature", "properties": {"province": "Lanao del Sur", "municipality": "Lumbaca Unayan", "barangay": "Calipapa"}, "geometry": {"type": "Polygon", "coordinates": [[[124.21845538600009, 7.723778862000074], [124.19904656600012, 7.73239315300003], [124.2261357210001, 7.715115492000051], [124.21845538600009, 7.723778862000074]]]}}, {"type": "Feature", "properties": {"province": "Lanao del Sur", "municipality": "Lumbaca Unayan", "barangay": "Dilausan"}, "geometry": {"type": "Polygon", "coordinates": [[[124.2145585930001, 7.747271739000041], [124.20712625200008, 7.755959390000045], [124.19984672700004, 7.751372788000027], [124.21221751600001, 7.744762467000041], [124.2145585930001, 7.747271739000041]]]}}, {"type": "Feature", "properties": {"province": "Lanao del Sur", "municipality": "Lumbaca Unayan", "barangay": "Dimapaok"}, "geometry": {"type": "Polygon", "coordinates": [[[124.20593768800006, 7.76209779900006], [124.19581089400003, 7.757697968000057], [124.19984672700004, 7.751372788000027], [124.20712625200008, 7.755959390000045], [124.20593768800006, 7.76209779900006]]]}}, {"type": "Feature", "properties": {"province": "Lanao del Sur", "municipality": "Lumbaca Unayan", "barangay": "Oriental Beta"}, "geometry": {"type": "Polygon", "coordinates": [[[124.21790362900005, 7.732939789000056], [124.21135149800011, 7.743947643000071], [124.20025934300008, 7.734579299000076], [124.19904656600012, 7.73239315300003], [124.21845538600009, 7.723778862000074], [124.21790362900005, 7.732939789000056]]]}}, {"type": "Feature", "properties": {"province": "Lanao del Sur", "municipality": "Lumbaca Unayan", "barangay": "Tringun"}, "geometry": {"type": "Polygon", "coordinates": [[[124.2181870490001, 7.747602098000073], [124.20593768800006, 7.76209779900006], [124.20712625200008, 7.755959390000045], [124.2145585930001, 7.747271739000041], [124.2160502930001, 7.744778774000052], [124.2181870490001, 7.747602098000073]]]}}, {"type": "Feature", "properties": {"province": "Lanao del Sur", "municipality": "Marogong", "barangay": "Bagumbayan"}, "geometry": {"type": "Polygon", "coordinates": [[[124.22224041500012, 7.62457019900006], [124.17750087400009, 7.66054725600003], [124.16201066900011, 7.650276492000045], [124.16593364300003, 7.642265527000062], [124.16258938900013, 7.625573479000025], [124.22224041500012, 7.62457019900006]]]}}, {"type": "Feature", "properties": {"province": "Lanao del Sur", "municipality": "Marogong", "barangay": "Balut"}, "geometry": {"type": "Polygon", "coordinates": [[[124.18413782200004, 7.692721736000066], [124.16028704300004, 7.694712802000026], [124.16880461200003, 7.680547219000062], [124.18144234800002, 7.684855391000043], [124.18413782200004, 7.692721736000066]]]}}, {"type": "Feature", "properties": {"province": "Lanao del Sur", "municipality": "Marogong", "barangay": "Bitayan"}, "geometry": {"type": "Polygon", "coordinates": [[[124.11590333200002, 7.624575435000056], [124.11864867100009, 7.641845962000049], [124.09880933200007, 7.633111035000068], [124.10950326200009, 7.61294547600005], [124.11895099800006, 7.609541485000022], [124.11590333200002, 7.624575435000056]]]}}, {"type": "Feature", "properties": {"province": "Lanao del Sur", "municipality": "Marogong", "barangay": "Bonga"}, "geometry": {"type": "Polygon", "coordinates": [[[124.22224041500012, 7.62457019900006], [124.16258938900013, 7.625573479000025], [124.14290266500008, 7.619723332000035], [124.14009738700008, 7.610238619000028], [124.26490899200007, 7.60271586500005], [124.25796458600007, 7.625129443000048], [124.22224041500012, 7.62457019900006]]]}}, {"type": "Feature", "properties": {"province": "Lanao del Sur", "municipality": "Marogong", "barangay": "Cabasaran"}, "geometry": {"type": "Polygon", "coordinates": [[[124.16201066900011, 7.650276492000045], [124.15427243900001, 7.668333095000038], [124.1496940720001, 7.662994133000041], [124.14506574600011, 7.656956390000062], [124.14329072400007, 7.640817710000019], [124.16593364300003, 7.642265527000062], [124.16201066900011, 7.650276492000045]]]}}, {"type": "Feature", "properties": {"province": "Lanao del Sur", "municipality": "Marogong", "barangay": "Cahera"}, "geometry": {"type": "Polygon", "coordinates": [[[124.17750087400009, 7.66054725600003], [124.15725827600009, 7.674890092000056], [124.15427243900001, 7.668333095000038], [124.16201066900011, 7.650276492000045], [124.17750087400009, 7.66054725600003]]]}}, {"type": "Feature", "properties": {"province": "Lanao del Sur", "municipality": "Marogong", "barangay": "Cairantang"}, "geometry": {"type": "Polygon", "coordinates": [[[124.17750087400009, 7.66054725600003], [124.18144234800002, 7.684855391000043], [124.16880461200003, 7.680547219000062], [124.15725827600009, 7.674890092000056], [124.17750087400009, 7.66054725600003]]]}}, {"type": "Feature", "properties": {"province": "Lanao del Sur", "municipality": "Marogong", "barangay": "Canibongan"}, "geometry": {"type": "Polygon", "coordinates": [[[124.13990338600001, 7.683150703000022], [124.11259346300005, 7.695542691000069], [124.13029131300003, 7.67247224500005], [124.13990338600001, 7.683150703000022]]]}}, {"type": "Feature", "properties": {"province": "Lanao del Sur", "municipality": "Marogong", "barangay": "Diragun"}, "geometry": {"type": "Polygon", "coordinates": [[[124.27262326800007, 7.578579898000044], [124.16302253900005, 7.592092035000065], [124.1522423770001, 7.574872331000053], [124.27262326800007, 7.578579898000044]]]}}, {"type": "Feature", "properties": {"province": "Lanao del Sur", "municipality": "Marogong", "barangay": "Mantailoco"}, "geometry": {"type": "Polygon", "coordinates": [[[124.16258938900013, 7.625573479000025], [124.16593364300003, 7.642265527000062], [124.14329072400007, 7.640817710000019], [124.14085775100013, 7.620138751000068], [124.14290266500008, 7.619723332000035], [124.16258938900013, 7.625573479000025]]]}}, {"type": "Feature", "properties": {"province": "Lanao del Sur", "municipality": "Marogong", "barangay": "Mapantao"}, "geometry": {"type": "Polygon", "coordinates": [[[124.14085775100013, 7.620138751000068], [124.1268772530001, 7.623051069000042], [124.13060810500008, 7.609784456000057], [124.14009738700008, 7.610238619000028], [124.14290266500008, 7.619723332000035], [124.14085775100013, 7.620138751000068]]]}}, {"type": "Feature", "properties": {"province": "Lanao del Sur", "municipality": "Marogong", "barangay": "Marogong East"}, "geometry": {"type": "Polygon", "coordinates": [[[124.13990338600001, 7.683150703000022], [124.13029131300003, 7.67247224500005], [124.11939867800004, 7.655637502000044], [124.13403340000002, 7.651547529000025], [124.14506574600011, 7.656956390000062], [124.1496940720001, 7.662994133000041], [124.1468333580001, 7.680412414000047], [124.13990338600001, 7.683150703000022]]]}}, {"type": "Feature", "properties": {"province": "Lanao del Sur", "municipality": "Marogong", "barangay": "Marogong Proper (Poblacion)"}, "geometry": {"type": "Polygon", "coordinates": [[[124.16880461200003, 7.680547219000062], [124.16028704300004, 7.694712802000026], [124.15272382500008, 7.693958523000048], [124.14733524300003, 7.684484502000034], [124.1468333580001, 7.680412414000047], [124.1496940720001, 7.662994133000041], [124.15427243900001, 7.668333095000038], [124.15725827600009, 7.674890092000056], [124.16880461200003, 7.680547219000062]]]}}, {"type": "Feature", "properties": {"province": "Lanao del Sur", "municipality": "Marogong", "barangay": "Mayaman"}, "geometry": {"type": "Polygon", "coordinates": [[[124.13029131300003, 7.67247224500005], [124.11259346300005, 7.695542691000069], [124.10049102100002, 7.660723597000073], [124.11939867800004, 7.655637502000044], [124.13029131300003, 7.67247224500005]]]}}, {"type": "Feature", "properties": {"province": "Lanao del Sur", "municipality": "Marogong", "barangay": "Paigoay Coda"}, "geometry": {"type": "Polygon", "coordinates": [[[124.09211476400003, 7.649403188000062], [124.09880933200007, 7.633111035000068], [124.11864867100009, 7.641845962000049], [124.09211476400003, 7.649403188000062]]]}}, {"type": "Feature", "properties": {"province": "Lanao del Sur", "municipality": "Marogong", "barangay": "Piangologan"}, "geometry": {"type": "Polygon", "coordinates": [[[124.25796458600007, 7.625129443000048], [124.18413782200004, 7.692721736000066], [124.18144234800002, 7.684855391000043], [124.17750087400009, 7.66054725600003], [124.22224041500012, 7.62457019900006], [124.25796458600007, 7.625129443000048]]]}}, {"type": "Feature", "properties": {"province": "Lanao del Sur", "municipality": "Marogong", "barangay": "Romagondong"}, "geometry": {"type": "Polygon", "coordinates": [[[124.1268772530001, 7.623051069000042], [124.12892134900005, 7.648322651000059], [124.11864867100009, 7.641845962000049], [124.11590333200002, 7.624575435000056], [124.1268772530001, 7.623051069000042]]]}}, {"type": "Feature", "properties": {"province": "Lanao del Sur", "municipality": "Lumbatan", "barangay": "Buad"}, "geometry": {"type": "Polygon", "coordinates": [[[124.2533351820001, 7.774359956000068], [124.24258223300002, 7.771490182000035], [124.23793423500003, 7.769516403000068], [124.23952702300006, 7.765254713000047], [124.24778141500008, 7.759214654000059], [124.2550134060001, 7.774086664000036], [124.2533351820001, 7.774359956000068]]]}}, {"type": "Feature", "properties": {"province": "Lanao del Sur", "municipality": "Lumbatan", "barangay": "Bubong Macadar"}, "geometry": {"type": "Polygon", "coordinates": [[[124.22909636300005, 7.75477912100007], [124.22640813100008, 7.762783717000047], [124.22338171800004, 7.759826850000024], [124.22752009900013, 7.75311630300007], [124.22909636300005, 7.75477912100007]]]}}, {"type": "Feature", "properties": {"province": "Lanao del Sur", "municipality": "Lumbatan", "barangay": "Budi"}, "geometry": {"type": "Polygon", "coordinates": [[[124.24682619500004, 7.785629539000068], [124.23370153100008, 7.78310636200007], [124.2326422970001, 7.781444175000047], [124.24359693400004, 7.782668062000026], [124.24572335600011, 7.783076449000019], [124.24682619500004, 7.785629539000068]]]}}, {"type": "Feature", "properties": {"province": "Lanao del Sur", "municipality": "Lumbatan", "barangay": "Dago-ok"}, "geometry": {"type": "Polygon", "coordinates": [[[124.2550134060001, 7.774086664000036], [124.2581045600001, 7.786882467000055], [124.25369582800009, 7.778497438000047], [124.2533351820001, 7.774359956000068], [124.2550134060001, 7.774086664000036]]]}}, {"type": "Feature", "properties": {"province": "Lanao del Sur", "municipality": "Lumbatan", "barangay": "Dalama"}, "geometry": {"type": "Polygon", "coordinates": [[[124.23534041700009, 7.758135680000068], [124.22750099100004, 7.763043736000043], [124.22640813100008, 7.762783717000047], [124.22909636300005, 7.75477912100007], [124.23521222000012, 7.745807512000056], [124.23654667500013, 7.747019519000051], [124.2418311550001, 7.752017285000024], [124.23534041700009, 7.758135680000068]]]}}, {"type": "Feature", "properties": {"province": "Lanao del Sur", "municipality": "Lumbatan", "barangay": "Dalipuga"}, "geometry": {"type": "Polygon", "coordinates": [[[124.23399313200004, 7.773107303000073], [124.23173125000005, 7.773278658000036], [124.22750099100004, 7.763043736000043], [124.23534041700009, 7.758135680000068], [124.23952702300006, 7.765254713000047], [124.23793423500003, 7.769516403000068], [124.23399313200004, 7.773107303000073]]]}}, {"type": "Feature", "properties": {"province": "Lanao del Sur", "municipality": "Lumbatan", "barangay": "Lalapung"}, "geometry": {"type": "Polygon", "coordinates": [[[124.23173125000005, 7.773278658000036], [124.2185141450001, 7.773589121000042], [124.2173400480001, 7.765045181000062], [124.22261585800004, 7.760503040000058], [124.22338171800004, 7.759826850000024], [124.22640813100008, 7.762783717000047], [124.22750099100004, 7.763043736000043], [124.23173125000005, 7.773278658000036]]]}}, {"type": "Feature", "properties": {"province": "Lanao del Sur", "municipality": "Lumbatan", "barangay": "Ligue"}, "geometry": {"type": "Polygon", "coordinates": [[[124.23370153100008, 7.78310636200007], [124.2206196100001, 7.776647630000071], [124.23280563900005, 7.780439737000051], [124.2326422970001, 7.781444175000047], [124.23370153100008, 7.78310636200007]]]}}, {"type": "Feature", "properties": {"province": "Lanao del Sur", "municipality": "Lumbatan", "barangay": "Lumbac (Talbo)"}, "geometry": {"type": "Polygon", "coordinates": [[[124.24258223300002, 7.771490182000035], [124.24359693400004, 7.782668062000026], [124.2326422970001, 7.781444175000047], [124.23280563900005, 7.780439737000051], [124.23399313200004, 7.773107303000073], [124.23793423500003, 7.769516403000068], [124.24258223300002, 7.771490182000035]]]}}, {"type": "Feature", "properties": {"province": "Lanao del Sur", "municipality": "Lumbatan", "barangay": "Lumbac Bacayawan"}, "geometry": {"type": "Polygon", "coordinates": [[[124.2289287860001, 7.74249205600006], [124.22462319500005, 7.751493743000029], [124.2181870490001, 7.747602098000073], [124.2240723120001, 7.735570626000025], [124.2289287860001, 7.74249205600006]]]}}, {"type": "Feature", "properties": {"province": "Lanao del Sur", "municipality": "Lumbatan", "barangay": "Lunay"}, "geometry": {"type": "Polygon", "coordinates": [[[124.24778141500008, 7.759214654000059], [124.23952702300006, 7.765254713000047], [124.23534041700009, 7.758135680000068], [124.2418311550001, 7.752017285000024], [124.24436002800007, 7.74943990500003], [124.24778141500008, 7.759214654000059]]]}}, {"type": "Feature", "properties": {"province": "Lanao del Sur", "municipality": "Lumbatan", "barangay": "Macadar (Poblacion)"}, "geometry": {"type": "Polygon", "coordinates": [[[124.22338171800004, 7.759826850000024], [124.22261585800004, 7.760503040000058], [124.21636135300001, 7.753255304000051], [124.2181870490001, 7.747602098000073], [124.22462319500005, 7.751493743000029], [124.22752009900013, 7.75311630300007], [124.22338171800004, 7.759826850000024]]]}}, {"type": "Feature", "properties": {"province": "Lanao del Sur", "municipality": "Lumbatan", "barangay": "Madaya (Tambac)"}, "geometry": {"type": "Polygon", "coordinates": [[[124.24436002800007, 7.74943990500003], [124.2418311550001, 7.752017285000024], [124.23654667500013, 7.747019519000051], [124.2438267670001, 7.736874059000058], [124.24969255100007, 7.731736315000035], [124.24436002800007, 7.74943990500003]]]}}, {"type": "Feature", "properties": {"province": "Lanao del Sur", "municipality": "Lumbatan", "barangay": "Pantar"}, "geometry": {"type": "Polygon", "coordinates": [[[124.23399313200004, 7.773107303000073], [124.23280563900005, 7.780439737000051], [124.2206196100001, 7.776647630000071], [124.2185141450001, 7.773589121000042], [124.23173125000005, 7.773278658000036], [124.23399313200004, 7.773107303000073]]]}}, {"type": "Feature", "properties": {"province": "Lanao del Sur", "municipality": "Lumbatan", "barangay": "Penaring (Lilod a Macadar)"}, "geometry": {"type": "Polygon", "coordinates": [[[124.2438267670001, 7.736874059000058], [124.23654667500013, 7.747019519000051], [124.23521222000012, 7.745807512000056], [124.22977871000013, 7.740727813000034], [124.23535573700008, 7.726989878000039], [124.2438267670001, 7.736874059000058]]]}}, {"type": "Feature", "properties": {"province": "Lanao del Sur", "municipality": "Lumbatan", "barangay": "Picotaan"}, "geometry": {"type": "Polygon", "coordinates": [[[124.22977871000013, 7.740727813000034], [124.2289287860001, 7.74249205600006], [124.2240723120001, 7.735570626000025], [124.24109624800008, 7.720171154000071], [124.23535573700008, 7.726989878000039], [124.22977871000013, 7.740727813000034]]]}}, {"type": "Feature", "properties": {"province": "Lanao del Sur", "municipality": "Lumbatan", "barangay": "Poblacion (Lumbatan)"}, "geometry": {"type": "Polygon", "coordinates": [[[124.2581045600001, 7.786882467000055], [124.24682619500004, 7.785629539000068], [124.24572335600011, 7.783076449000019], [124.25369582800009, 7.778497438000047], [124.2581045600001, 7.786882467000055]]]}}, {"type": "Feature", "properties": {"province": "Lanao del Sur", "municipality": "Tubaran", "barangay": "Alog"}, "geometry": {"type": "Polygon", "coordinates": [[[124.15602338800011, 7.755269656000053], [124.15547330300002, 7.761215795000053], [124.14953893600011, 7.759453903000064], [124.15233520900006, 7.743807874000027], [124.15402485000006, 7.74222748300002], [124.15602338800011, 7.755269656000053]]]}}, {"type": "Feature", "properties": {"province": "Lanao del Sur", "municipality": "Tubaran", "barangay": "Beta"}, "geometry": {"type": "Polygon", "coordinates": [[[124.18601574600007, 7.691072577000057], [124.19826598300006, 7.731001008000021], [124.19147838100002, 7.718387404000054], [124.18729574400004, 7.703596845000048], [124.18601574600007, 7.691072577000057]]]}}, {"type": "Feature", "properties": {"province": "Lanao del Sur", "municipality": "Tubaran", "barangay": "Campo"}, "geometry": {"type": "Polygon", "coordinates": [[[124.18333853900003, 7.750947752000059], [124.16587554500006, 7.749718479000021], [124.16767968400006, 7.736169172000073], [124.18048985500003, 7.736739989000059], [124.18333853900003, 7.750947752000059]]]}}, {"type": "Feature", "properties": {"province": "Lanao del Sur", "municipality": "Tubaran", "barangay": "Datumanong"}, "geometry": {"type": "Polygon", "coordinates": [[[124.16160217400012, 7.774063734000037], [124.15654841800004, 7.774821644000041], [124.15524355300009, 7.761821101000066], [124.16073138200011, 7.762650335000045], [124.16160217400012, 7.774063734000037]]]}}, {"type": "Feature", "properties": {"province": "Lanao del Sur", "municipality": "Tubaran", "barangay": "Dinaigan"}, "geometry": {"type": "Polygon", "coordinates": [[[124.16096108700002, 7.726013212000056], [124.14541369400003, 7.726028310000058], [124.15239425900006, 7.71563179100002], [124.16611258900004, 7.714438283000046], [124.1655269370001, 7.720179088000066], [124.16096108700002, 7.726013212000056]]]}}, {"type": "Feature", "properties": {"province": "Lanao del Sur", "municipality": "Tubaran", "barangay": "Gadongan"}, "geometry": {"type": "Polygon", "coordinates": [[[124.18428568700004, 7.753048007000075], [124.16500194200012, 7.762783842000033], [124.16532158100004, 7.76097008800002], [124.16559866800003, 7.751546345000064], [124.16587554500006, 7.749718479000021], [124.18333853900003, 7.750947752000059], [124.18428568700004, 7.753048007000075]]]}}, {"type": "Feature", "properties": {"province": "Lanao del Sur", "municipality": "Tubaran", "barangay": "Gaput"}, "geometry": {"type": "Polygon", "coordinates": [[[124.1392229060001, 7.738933114000075], [124.13881445000004, 7.73920408300006], [124.14541369400003, 7.726028310000058], [124.16096108700002, 7.726013212000056], [124.16208127900006, 7.731732243000068], [124.1392229060001, 7.738933114000075]]]}}, {"type": "Feature", "properties": {"province": "Lanao del Sur", "municipality": "Tubaran", "barangay": "Guiarong"}, "geometry": {"type": "Polygon", "coordinates": [[[124.14415023700009, 7.741667663000042], [124.14107857200008, 7.759371407000061], [124.13881445000004, 7.73920408300006], [124.1392229060001, 7.738933114000075], [124.14415023700009, 7.741667663000042]]]}}, {"type": "Feature", "properties": {"province": "Lanao del Sur", "municipality": "Tubaran", "barangay": "Madaya"}, "geometry": {"type": "Polygon", "coordinates": [[[124.16611258900004, 7.714438283000046], [124.15239425900006, 7.71563179100002], [124.16854170300009, 7.700765105000071], [124.16611258900004, 7.714438283000046]]]}}, {"type": "Feature", "properties": {"province": "Lanao del Sur", "municipality": "Tubaran", "barangay": "Malaganding"}, "geometry": {"type": "Polygon", "coordinates": [[[124.18729574400004, 7.703596845000048], [124.16611258900004, 7.714438283000046], [124.16854170300009, 7.700765105000071], [124.18601574600007, 7.691072577000057], [124.18729574400004, 7.703596845000048]]]}}, {"type": "Feature", "properties": {"province": "Lanao del Sur", "municipality": "Tubaran", "barangay": "Matiticop (Metadicop)"}, "geometry": {"type": "Polygon", "coordinates": [[[124.16559866800003, 7.751546345000064], [124.15602338800011, 7.755269656000053], [124.15402485000006, 7.74222748300002], [124.16272636500003, 7.735022966000029], [124.16767968400006, 7.736169172000073], [124.16587554500006, 7.749718479000021], [124.16559866800003, 7.751546345000064]]]}}, {"type": "Feature", "properties": {"province": "Lanao del Sur", "municipality": "Tubaran", "barangay": "Mindamudag (Mindamdag)"}, "geometry": {"type": "Polygon", "coordinates": [[[124.16073138200011, 7.762650335000045], [124.15524355300009, 7.761821101000066], [124.15547330300002, 7.761215795000053], [124.15602338800011, 7.755269656000053], [124.16559866800003, 7.751546345000064], [124.16532158100004, 7.76097008800002], [124.16073138200011, 7.762650335000045]]]}}, {"type": "Feature", "properties": {"province": "Lanao del Sur", "municipality": "Tubaran", "barangay": "Pagalamatan"}, "geometry": {"type": "Polygon", "coordinates": [[[124.19826598300006, 7.731001008000021], [124.19600545800007, 7.742929088000039], [124.18048985500003, 7.736739989000059], [124.1809256680001, 7.719113767000067], [124.19147838100002, 7.718387404000054], [124.19826598300006, 7.731001008000021]]]}}, {"type": "Feature", "properties": {"province": "Lanao del Sur", "municipality": "Tubaran", "barangay": "Paigoay-Pimbataan"}, "geometry": {"type": "Polygon", "coordinates": [[[124.15654841800004, 7.774821644000041], [124.15020796500005, 7.77555746400003], [124.14678069400009, 7.769665010000038], [124.14953893600011, 7.759453903000064], [124.15547330300002, 7.761215795000053], [124.15524355300009, 7.761821101000066], [124.15654841800004, 7.774821644000041]]]}}, {"type": "Feature", "properties": {"province": "Lanao del Sur", "municipality": "Tubaran", "barangay": "Poblacion (Buribid)"}, "geometry": {"type": "Polygon", "coordinates": [[[124.19600545800007, 7.742929088000039], [124.18428568700004, 7.753048007000075], [124.18333853900003, 7.750947752000059], [124.18048985500003, 7.736739989000059], [124.19600545800007, 7.742929088000039]]]}}, {"type": "Feature", "properties": {"province": "Lanao del Sur", "municipality": "Tubaran", "barangay": "Polo"}, "geometry": {"type": "Polygon", "coordinates": [[[124.1809256680001, 7.719113767000067], [124.18048985500003, 7.736739989000059], [124.16767968400006, 7.736169172000073], [124.16272636500003, 7.735022966000029], [124.16208127900006, 7.731732243000068], [124.16096108700002, 7.726013212000056], [124.1655269370001, 7.720179088000066], [124.1809256680001, 7.719113767000067]]]}}, {"type": "Feature", "properties": {"province": "Lanao del Sur", "municipality": "Tubaran", "barangay": "Riantaran"}, "geometry": {"type": "Polygon", "coordinates": [[[124.1809256680001, 7.719113767000067], [124.1655269370001, 7.720179088000066], [124.16611258900004, 7.714438283000046], [124.18729574400004, 7.703596845000048], [124.19147838100002, 7.718387404000054], [124.1809256680001, 7.719113767000067]]]}}, {"type": "Feature", "properties": {"province": "Lanao del Sur", "municipality": "Tubaran", "barangay": "Tangcal"}, "geometry": {"type": "Polygon", "coordinates": [[[124.16500194200012, 7.762783842000033], [124.16160217400012, 7.774063734000037], [124.16073138200011, 7.762650335000045], [124.16532158100004, 7.76097008800002], [124.16500194200012, 7.762783842000033]]]}}, {"type": "Feature", "properties": {"province": "Lanao del Sur", "municipality": "Tubaran", "barangay": "Tubaran Proper"}, "geometry": {"type": "Polygon", "coordinates": [[[124.15402485000006, 7.74222748300002], [124.15233520900006, 7.743807874000027], [124.14415023700009, 7.741667663000042], [124.1392229060001, 7.738933114000075], [124.16208127900006, 7.731732243000068], [124.16272636500003, 7.735022966000029], [124.15402485000006, 7.74222748300002]]]}}, {"type": "Feature", "properties": {"province": "Lanao del Sur", "municipality": "Tubaran", "barangay": "Wago"}, "geometry": {"type": "Polygon", "coordinates": [[[124.14953893600011, 7.759453903000064], [124.14107857200008, 7.759371407000061], [124.14415023700009, 7.741667663000042], [124.15233520900006, 7.743807874000027], [124.14953893600011, 7.759453903000064]]]}}, {"type": "Feature", "properties": {"province": "Lanao del Sur", "municipality": "Bayang", "barangay": "Bangon (Poblacion)"}, "geometry": {"type": "Polygon", "coordinates": [[[124.198495793, 7.797130497000071], [124.192785221, 7.798615674000075], [124.19253990500012, 7.798272061000032], [124.20039682500011, 7.796087187000068], [124.2002147190001, 7.796779609000054], [124.198495793, 7.797130497000071]]]}}, {"type": "Feature", "properties": {"province": "Lanao del Sur", "municipality": "Bayang", "barangay": "Ilian"}, "geometry": {"type": "Polygon", "coordinates": [[[124.19490998800006, 7.78596788300007], [124.18934987300008, 7.788952022000045], [124.19267662800007, 7.779522513000077], [124.19779342800008, 7.784853791000047], [124.19490998800006, 7.78596788300007]]]}}, {"type": "Feature", "properties": {"province": "Lanao del Sur", "municipality": "Bayang", "barangay": "Mapantao"}, "geometry": {"type": "Polygon", "coordinates": [[[124.20961531400008, 7.782793309000057], [124.2037790270001, 7.784465625000051], [124.20270940800003, 7.782922995000036], [124.20006206100004, 7.780006581000067], [124.20411057700005, 7.779791246000058], [124.20910923100007, 7.77812693100003], [124.20961531400008, 7.782793309000057]]]}}, {"type": "Feature", "properties": {"province": "Lanao del Sur", "municipality": "Bayang", "barangay": "Poblacion (Lumbac)"}, "geometry": {"type": "Polygon", "coordinates": [[[124.198495793, 7.797130497000071], [124.192785221, 7.798615674000075], [124.19253990500012, 7.798272061000032], [124.20039682500011, 7.796087187000068], [124.2002147190001, 7.796779609000054], [124.198495793, 7.797130497000071]]]}}, {"type": "Feature", "properties": {"province": "Lanao del Sur", "municipality": "Binidayan", "barangay": "Badak"}, "geometry": {"type": "Polygon", "coordinates": [[[124.15654841800004, 7.774821644000041], [124.15623855900004, 7.792526749000046], [124.153351412, 7.792056013000037], [124.1492200670001, 7.792463167000047], [124.15020796500005, 7.77555746400003], [124.15654841800004, 7.774821644000041]]]}}, {"type": "Feature", "properties": {"province": "Lanao del Sur", "municipality": "Binidayan", "barangay": "Baguiangun"}, "geometry": {"type": "Polygon", "coordinates": [[[124.1492200670001, 7.792463167000047], [124.14588742900001, 7.792840088000045], [124.14544345600008, 7.775405714000044], [124.15020796500005, 7.77555746400003], [124.1492200670001, 7.792463167000047]]]}}, {"type": "Feature", "properties": {"province": "Lanao del Sur", "municipality": "Binidayan", "barangay": "Basak"}, "geometry": {"type": "Polygon", "coordinates": [[[124.16195126200012, 7.806898416000022], [124.16194537500009, 7.807621599000072], [124.15679856500005, 7.800784125000065], [124.161920301, 7.799630508000066], [124.16195126200012, 7.806898416000022]]]}}, {"type": "Feature", "properties": {"province": "Lanao del Sur", "municipality": "Binidayan", "barangay": "Bubong"}, "geometry": {"type": "Polygon", "coordinates": [[[124.16163565800004, 7.80934461000004], [124.15437946400006, 7.808665524000048], [124.15409405700007, 7.801815708000048], [124.15679856500005, 7.800784125000065], [124.16194537500009, 7.807621599000072], [124.16163565800004, 7.80934461000004]]]}}, {"type": "Feature", "properties": {"province": "Lanao del Sur", "municipality": "Binidayan", "barangay": "Bubonga-Ranao"}, "geometry": {"type": "Polygon", "coordinates": [[[124.15409405700007, 7.801815708000048], [124.15291402900006, 7.802363722000052], [124.153351412, 7.792056013000037], [124.15623855900004, 7.792526749000046], [124.16071785300005, 7.789694462000057], [124.161920301, 7.799630508000066], [124.15679856500005, 7.800784125000065], [124.15409405700007, 7.801815708000048]]]}}, {"type": "Feature", "properties": {"province": "Lanao del Sur", "municipality": "Binidayan", "barangay": "Dansalan Dacsula"}, "geometry": {"type": "Polygon", "coordinates": [[[124.17807537100008, 7.805821099000068], [124.17490615400004, 7.805336172000067], [124.17449082400005, 7.803387538000037], [124.17714520400011, 7.803027248000032], [124.17807537100008, 7.805821099000068]]]}}, {"type": "Feature", "properties": {"province": "Lanao del Sur", "municipality": "Binidayan", "barangay": "Ingud"}, "geometry": {"type": "Polygon", "coordinates": [[[124.14900628900011, 7.808022736000054], [124.1410470940001, 7.806584884000075], [124.14003276800008, 7.802512841000066], [124.14325599500013, 7.802150489000041], [124.14724125500005, 7.802240479000034], [124.14900628900011, 7.808022736000054]]]}}, {"type": "Feature", "properties": {"province": "Lanao del Sur", "municipality": "Binidayan", "barangay": "Kialilidan"}, "geometry": {"type": "Polygon", "coordinates": [[[124.15437946400006, 7.808665524000048], [124.14900628900011, 7.808022736000054], [124.14724125500005, 7.802240479000034], [124.15291402900006, 7.802363722000052], [124.15409405700007, 7.801815708000048], [124.15437946400006, 7.808665524000048]]]}}, {"type": "Feature", "properties": {"province": "Lanao del Sur", "municipality": "Binidayan", "barangay": "Lumbac"}, "geometry": {"type": "Polygon", "coordinates": [[[124.17184824900005, 7.806026646000022], [124.16965466400006, 7.807246315000043], [124.16780253000002, 7.799849602000051], [124.17037073600012, 7.799428295000042], [124.17184824900005, 7.806026646000022]]]}}, {"type": "Feature", "properties": {"province": "Lanao del Sur", "municipality": "Binidayan", "barangay": "Macaguiling"}, "geometry": {"type": "Polygon", "coordinates": [[[124.13583349100008, 7.810758452000073], [124.12875524700007, 7.806386649000046], [124.13221341400003, 7.804736768000057], [124.13583349100008, 7.810758452000073]]]}}, {"type": "Feature", "properties": {"province": "Lanao del Sur", "municipality": "Binidayan", "barangay": "Madaya"}, "geometry": {"type": "Polygon", "coordinates": [[[124.17348638000011, 7.798410070000044], [124.17037073600012, 7.799428295000042], [124.16812002900008, 7.784311759000047], [124.17697426300005, 7.797894192000057], [124.17348638000011, 7.798410070000044]]]}}, {"type": "Feature", "properties": {"province": "Lanao del Sur", "municipality": "Binidayan", "barangay": "Magonaya"}, "geometry": {"type": "Polygon", "coordinates": [[[124.18303758600005, 7.802435747000059], [124.17807537100008, 7.805821099000068], [124.17714520400011, 7.803027248000032], [124.18303758600005, 7.802435747000059]]]}}, {"type": "Feature", "properties": {"province": "Lanao del Sur", "municipality": "Binidayan", "barangay": "Maindig"}, "geometry": {"type": "Polygon", "coordinates": [[[124.16818638100006, 7.807293266000042], [124.1668077930001, 7.807389383000042], [124.1658255010001, 7.806125965000033], [124.16561827300008, 7.805297411000025], [124.16818638100006, 7.807293266000042]]]}}, {"type": "Feature", "properties": {"province": "Lanao del Sur", "municipality": "Binidayan", "barangay": "Masolun"}, "geometry": {"type": "Polygon", "coordinates": [[[124.14544345600008, 7.775405714000044], [124.14588742900001, 7.792840088000045], [124.14335964300005, 7.792739447000032], [124.1379125310001, 7.792663306000066], [124.14544345600008, 7.775405714000044]]]}}, {"type": "Feature", "properties": {"province": "Lanao del Sur", "municipality": "Binidayan", "barangay": "Olama"}, "geometry": {"type": "Polygon", "coordinates": [[[124.1658255010001, 7.806125965000033], [124.16195126200012, 7.806898416000022], [124.161920301, 7.799630508000066], [124.16489667000009, 7.799660572000053], [124.16561827300008, 7.805297411000025], [124.1658255010001, 7.806125965000033]]]}}, {"type": "Feature", "properties": {"province": "Lanao del Sur", "municipality": "Binidayan", "barangay": "Pagalamatan"}, "geometry": {"type": "Polygon", "coordinates": [[[124.17037073600012, 7.799428295000042], [124.16780253000002, 7.799849602000051], [124.16568633000009, 7.799699645000032], [124.16562078800007, 7.783942166000031], [124.16812002900008, 7.784311759000047], [124.17037073600012, 7.799428295000042]]]}}, {"type": "Feature", "properties": {"province": "Lanao del Sur", "municipality": "Binidayan", "barangay": "Pantar"}, "geometry": {"type": "Polygon", "coordinates": [[[124.17714520400011, 7.803027248000032], [124.17449082400005, 7.803387538000037], [124.17348638000011, 7.798410070000044], [124.17697426300005, 7.797894192000057], [124.18303758600005, 7.802435747000059], [124.17714520400011, 7.803027248000032]]]}}, {"type": "Feature", "properties": {"province": "Lanao del Sur", "municipality": "Binidayan", "barangay": "Picalilangan"}, "geometry": {"type": "Polygon", "coordinates": [[[124.15291402900006, 7.802363722000052], [124.14724125500005, 7.802240479000034], [124.14325599500013, 7.802150489000041], [124.14335964300005, 7.792739447000032], [124.14588742900001, 7.792840088000045], [124.1492200670001, 7.792463167000047], [124.153351412, 7.792056013000037], [124.15291402900006, 7.802363722000052]]]}}, {"type": "Feature", "properties": {"province": "Lanao del Sur", "municipality": "Binidayan", "barangay": "Picotaan"}, "geometry": {"type": "Polygon", "coordinates": [[[124.16071785300005, 7.789694462000057], [124.15623855900004, 7.792526749000046], [124.15654841800004, 7.774821644000041], [124.16160217400012, 7.774063734000037], [124.16071785300005, 7.789694462000057]]]}}, {"type": "Feature", "properties": {"province": "Lanao del Sur", "municipality": "Binidayan", "barangay": "Pindolonan"}, "geometry": {"type": "Polygon", "coordinates": [[[124.16965466400006, 7.807246315000043], [124.16818638100006, 7.807293266000042], [124.16561827300008, 7.805297411000025], [124.16489667000009, 7.799660572000053], [124.16568633000009, 7.799699645000032], [124.16780253000002, 7.799849602000051], [124.16965466400006, 7.807246315000043]]]}}, {"type": "Feature", "properties": {"province": "Lanao del Sur", "municipality": "Binidayan", "barangay": "Poblacion"}, "geometry": {"type": "Polygon", "coordinates": [[[124.16562078800007, 7.783942166000031], [124.16568633000009, 7.799699645000032], [124.16489667000009, 7.799660572000053], [124.161920301, 7.799630508000066], [124.16071785300005, 7.789694462000057], [124.16160217400012, 7.774063734000037], [124.16562078800007, 7.783942166000031]]]}}, {"type": "Feature", "properties": {"province": "Lanao del Sur", "municipality": "Binidayan", "barangay": "Soldaroro"}, "geometry": {"type": "Polygon", "coordinates": [[[124.13583349100008, 7.810758452000073], [124.13221341400003, 7.804736768000057], [124.14003276800008, 7.802512841000066], [124.1410470940001, 7.806584884000075], [124.13583349100008, 7.810758452000073]]]}}, {"type": "Feature", "properties": {"province": "Lanao del Sur", "municipality": "Binidayan", "barangay": "Tambac"}, "geometry": {"type": "Polygon", "coordinates": [[[124.17490615400004, 7.805336172000067], [124.17184824900005, 7.806026646000022], [124.17037073600012, 7.799428295000042], [124.17348638000011, 7.798410070000044], [124.17449082400005, 7.803387538000037], [124.17490615400004, 7.805336172000067]]]}}, {"type": "Feature", "properties": {"province": "Lanao del Sur", "municipality": "Binidayan", "barangay": "Timbangan"}, "geometry": {"type": "Polygon", "coordinates": [[[124.13221341400003, 7.804736768000057], [124.12875524700007, 7.806386649000046], [124.1379125310001, 7.792663306000066], [124.14335964300005, 7.792739447000032], [124.14325599500013, 7.802150489000041], [124.14003276800008, 7.802512841000066], [124.13221341400003, 7.804736768000057]]]}}, {"type": "Feature", "properties": {"province": "Lanao del Sur", "municipality": "Binidayan", "barangay": "Tuca"}, "geometry": {"type": "Polygon", "coordinates": [[[124.1668077930001, 7.807389383000042], [124.16163565800004, 7.80934461000004], [124.16194537500009, 7.807621599000072], [124.16195126200012, 7.806898416000022], [124.1658255010001, 7.806125965000033], [124.1668077930001, 7.807389383000042]]]}}, {"type": "Feature", "properties": {"province": "Lanao del Sur", "municipality": "Ganassi", "barangay": "Balintad"}, "geometry": {"type": "Polygon", "coordinates": [[[124.086808657, 7.80433569500002], [124.08416225100008, 7.798420515000033], [124.08885881700007, 7.796652243000039], [124.09066874100007, 7.79665385100003], [124.09103375500003, 7.80394833200006], [124.08880414700002, 7.804174083000021], [124.086808657, 7.80433569500002]]]}}, {"type": "Feature", "properties": {"province": "Lanao del Sur", "municipality": "Ganassi", "barangay": "Barit"}, "geometry": {"type": "Polygon", "coordinates": [[[124.0929360990001, 7.816117074000033], [124.08304908900004, 7.816683939000029], [124.086808657, 7.80433569500002], [124.08880414700002, 7.804174083000021], [124.09304499300002, 7.812181638000029], [124.0929360990001, 7.816117074000033]]]}}, {"type": "Feature", "properties": {"province": "Lanao del Sur", "municipality": "Ganassi", "barangay": "Bato Batoray"}, "geometry": {"type": "Polygon", "coordinates": [[[124.1143045430001, 7.795179324000059], [124.1025251310001, 7.795231960000021], [124.1199034220001, 7.783914176000054], [124.1143045430001, 7.795179324000059]]]}}, {"type": "Feature", "properties": {"province": "Lanao del Sur", "municipality": "Ganassi", "barangay": "Campong a Raya"}, "geometry": {"type": "Polygon", "coordinates": [[[124.09955780000008, 7.82719988300005], [124.09665236500008, 7.827652811000066], [124.09394962400005, 7.823100783000028], [124.10037632700005, 7.82261469000002], [124.10205274600003, 7.826551219000068], [124.09955780000008, 7.82719988300005]]]}}, {"type": "Feature", "properties": {"province": "Lanao del Sur", "municipality": "Ganassi", "barangay": "Gadongan"}, "geometry": {"type": "Polygon", "coordinates": [[[124.08885881700007, 7.796652243000039], [124.08416225100008, 7.798420515000033], [124.08312991500009, 7.798120581000036], [124.0834639200001, 7.785975068000027], [124.08793350800012, 7.781684751000058], [124.08885881700007, 7.796652243000039]]]}}, {"type": "Feature", "properties": {"province": "Lanao del Sur", "municipality": "Ganassi", "barangay": "Gui"}, "geometry": {"type": "Polygon", "coordinates": [[[124.09665236500008, 7.827652811000066], [124.09267125200007, 7.827255408000042], [124.08711076400003, 7.823923514000056], [124.09315830100002, 7.82007154300004], [124.09394962400005, 7.823100783000028], [124.09665236500008, 7.827652811000066]]]}}, {"type": "Feature", "properties": {"province": "Lanao del Sur", "municipality": "Ganassi", "barangay": "Lumbac"}, "geometry": {"type": "Polygon", "coordinates": [[[124.10047807300009, 7.810062021000022], [124.09631493500002, 7.811499033000075], [124.09486066700005, 7.803602905000048], [124.09774013700009, 7.803328206000059], [124.10220726400007, 7.803220839000058], [124.10731794000003, 7.801457212000058], [124.10671326800002, 7.807556449000058], [124.10695583200004, 7.808446171000071], [124.10047807300009, 7.810062021000022]]]}}, {"type": "Feature", "properties": {"province": "Lanao del Sur", "municipality": "Ganassi", "barangay": "Macabao"}, "geometry": {"type": "Polygon", "coordinates": [[[124.10037694400013, 7.831730341000025], [124.09245124100006, 7.834709208000049], [124.09267125200007, 7.827255408000042], [124.09665236500008, 7.827652811000066], [124.09955780000008, 7.82719988300005], [124.09968969500005, 7.828225068000052], [124.10037694400013, 7.831730341000025]]]}}, {"type": "Feature", "properties": {"province": "Lanao del Sur", "municipality": "Ganassi", "barangay": "Macaguiling"}, "geometry": {"type": "Polygon", "coordinates": [[[124.12587993200007, 7.814769975000047], [124.1176973490001, 7.819394395000073], [124.11727107600008, 7.816566041000044], [124.11676645800003, 7.811453817000029], [124.1194943500001, 7.81017192100006], [124.12301390800009, 7.809973604000048], [124.12587993200007, 7.814769975000047]]]}}, {"type": "Feature", "properties": {"province": "Lanao del Sur", "municipality": "Ganassi", "barangay": "Pagalongan"}, "geometry": {"type": "Polygon", "coordinates": [[[124.08711076400003, 7.823923514000056], [124.086053364, 7.824570592000042], [124.08263791500008, 7.824141332000068], [124.08304908900004, 7.816683939000029], [124.0929360990001, 7.816117074000033], [124.09291993200009, 7.817768217000036], [124.09315830100002, 7.82007154300004], [124.08711076400003, 7.823923514000056]]]}}, {"type": "Feature", "properties": {"province": "Lanao del Sur", "municipality": "Ganassi", "barangay": "Panggawalupa"}, "geometry": {"type": "Polygon", "coordinates": [[[124.1017430080001, 7.816870719000064], [124.09291993200009, 7.817768217000036], [124.0929360990001, 7.816117074000033], [124.09304499300002, 7.812181638000029], [124.09631493500002, 7.811499033000075], [124.10047807300009, 7.810062021000022], [124.1017430080001, 7.816870719000064]]]}}, {"type": "Feature", "properties": {"province": "Lanao del Sur", "municipality": "Ganassi", "barangay": "Pantaon A"}, "geometry": {"type": "Polygon", "coordinates": [[[124.12416120900002, 7.795762582000067], [124.1170643480001, 7.797476782000045], [124.1143045430001, 7.795179324000059], [124.1199034220001, 7.783914176000054], [124.12416120900002, 7.795762582000067]]]}}, {"type": "Feature", "properties": {"province": "Lanao del Sur", "municipality": "Ganassi", "barangay": "Para-aba"}, "geometry": {"type": "Polygon", "coordinates": [[[124.10731794000003, 7.801457212000058], [124.10220726400007, 7.803220839000058], [124.1025251310001, 7.795231960000021], [124.1143045430001, 7.795179324000059], [124.1170643480001, 7.797476782000045], [124.11510012600002, 7.802461630000039], [124.10731794000003, 7.801457212000058]]]}}, {"type": "Feature", "properties": {"province": "Lanao del Sur", "municipality": "Ganassi", "barangay": "Pindolonan"}, "geometry": {"type": "Polygon", "coordinates": [[[124.08591340500004, 7.835141502000056], [124.08263791500008, 7.824141332000068], [124.086053364, 7.824570592000042], [124.08591340500004, 7.835141502000056]]]}}, {"type": "Feature", "properties": {"province": "Lanao del Sur", "municipality": "Ganassi", "barangay": "Poblacion"}, "geometry": {"type": "Polygon", "coordinates": [[[124.10265511100012, 7.82735821800003], [124.09968969500005, 7.828225068000052], [124.09955780000008, 7.82719988300005], [124.10205274600003, 7.826551219000068], [124.1053025980001, 7.82535219500005], [124.106150823, 7.825909054000021], [124.10265511100012, 7.82735821800003]]]}}, {"type": "Feature", "properties": {"province": "Lanao del Sur", "municipality": "Ganassi", "barangay": "Baya"}, "geometry": {"type": "Polygon", "coordinates": [[[124.08793350800012, 7.781684751000058], [124.09796546600012, 7.796692667000061], [124.09066874100007, 7.79665385100003], [124.08885881700007, 7.796652243000039], [124.08793350800012, 7.781684751000058]]]}}, {"type": "Feature", "properties": {"province": "Lanao del Sur", "municipality": "Ganassi", "barangay": "Sogod Madaya"}, "geometry": {"type": "Polygon", "coordinates": [[[124.11676645800003, 7.811453817000029], [124.10778072000004, 7.814793886000074], [124.10695583200004, 7.808446171000071], [124.10671326800002, 7.807556449000058], [124.11692608800001, 7.806953286000065], [124.1194943500001, 7.81017192100006], [124.11676645800003, 7.811453817000029]]]}}, {"type": "Feature", "properties": {"province": "Lanao del Sur", "municipality": "Ganassi", "barangay": "Tabuan"}, "geometry": {"type": "Polygon", "coordinates": [[[124.11727107600008, 7.816566041000044], [124.10958262800011, 7.818253819000064], [124.10778072000004, 7.814793886000074], [124.11676645800003, 7.811453817000029], [124.11727107600008, 7.816566041000044]]]}}, {"type": "Feature", "properties": {"province": "Lanao del Sur", "municipality": "Ganassi", "barangay": "Taganonok"}, "geometry": {"type": "Polygon", "coordinates": [[[124.1053025980001, 7.82535219500005], [124.10205274600003, 7.826551219000068], [124.10037632700005, 7.82261469000002], [124.10192418400004, 7.821515873000069], [124.10422703700009, 7.82312306800003], [124.1053025980001, 7.82535219500005]]]}}, {"type": "Feature", "properties": {"province": "Lanao del Sur", "municipality": "Ganassi", "barangay": "Taliogon"}, "geometry": {"type": "Polygon", "coordinates": [[[124.10780212500005, 7.818639494000026], [124.10286740500011, 7.820990984000047], [124.1017430080001, 7.816870719000064], [124.10047807300009, 7.810062021000022], [124.10695583200004, 7.808446171000071], [124.10778072000004, 7.814793886000074], [124.10958262800011, 7.818253819000064], [124.10780212500005, 7.818639494000026]]]}}, {"type": "Feature", "properties": {"province": "Lanao del Sur", "municipality": "Ganassi", "barangay": "Masolun"}, "geometry": {"type": "Polygon", "coordinates": [[[124.10422703700009, 7.82312306800003], [124.10192418400004, 7.821515873000069], [124.10286740500011, 7.820990984000047], [124.10780212500005, 7.818639494000026], [124.10842263900008, 7.821016047000057], [124.10422703700009, 7.82312306800003]]]}}, {"type": "Feature", "properties": {"province": "Lanao del Sur", "municipality": "Ganassi", "barangay": "Lumbacaingud"}, "geometry": {"type": "Polygon", "coordinates": [[[124.09304499300002, 7.812181638000029], [124.08880414700002, 7.804174083000021], [124.09103375500003, 7.80394833200006], [124.09486066700005, 7.803602905000048], [124.09631493500002, 7.811499033000075], [124.09304499300002, 7.812181638000029]]]}}, {"type": "Feature", "properties": {"province": "Lanao del Sur", "municipality": "Ganassi", "barangay": "Sekun Matampay"}, "geometry": {"type": "Polygon", "coordinates": [[[124.09245124100006, 7.834709208000049], [124.08591340500004, 7.835141502000056], [124.086053364, 7.824570592000042], [124.08711076400003, 7.823923514000056], [124.09267125200007, 7.827255408000042], [124.09245124100006, 7.834709208000049]]]}}, {"type": "Feature", "properties": {"province": "Lanao del Sur", "municipality": "Ganassi", "barangay": "Dapaan"}, "geometry": {"type": "Polygon", "coordinates": [[[124.1176973490001, 7.819394395000073], [124.10842263900008, 7.821016047000057], [124.10780212500005, 7.818639494000026], [124.10958262800011, 7.818253819000064], [124.11727107600008, 7.816566041000044], [124.1176973490001, 7.819394395000073]]]}}, {"type": "Feature", "properties": {"province": "Lanao del Sur", "municipality": "Ganassi", "barangay": "Balintad A"}, "geometry": {"type": "Polygon", "coordinates": [[[124.09486066700005, 7.803602905000048], [124.09103375500003, 7.80394833200006], [124.09066874100007, 7.79665385100003], [124.09796546600012, 7.796692667000061], [124.09774013700009, 7.803328206000059], [124.09486066700005, 7.803602905000048]]]}}, {"type": "Feature", "properties": {"province": "Lanao del Sur", "municipality": "Ganassi", "barangay": "Barorao"}, "geometry": {"type": "Polygon", "coordinates": [[[124.10037632700005, 7.82261469000002], [124.09394962400005, 7.823100783000028], [124.09315830100002, 7.82007154300004], [124.09291993200009, 7.817768217000036], [124.1017430080001, 7.816870719000064], [124.10286740500011, 7.820990984000047], [124.10192418400004, 7.821515873000069], [124.10037632700005, 7.82261469000002]]]}}, {"type": "Feature", "properties": {"province": "Lanao del Sur", "municipality": "Ganassi", "barangay": "Campong Sabela"}, "geometry": {"type": "Polygon", "coordinates": [[[124.11692608800001, 7.806953286000065], [124.10671326800002, 7.807556449000058], [124.10731794000003, 7.801457212000058], [124.11510012600002, 7.802461630000039], [124.11692608800001, 7.806953286000065]]]}}, {"type": "Feature", "properties": {"province": "Lanao del Sur", "municipality": "Ganassi", "barangay": "Pangadapun"}, "geometry": {"type": "Polygon", "coordinates": [[[124.10329878200002, 7.829269345000059], [124.10037694400013, 7.831730341000025], [124.09968969500005, 7.828225068000052], [124.10265511100012, 7.82735821800003], [124.10329878200002, 7.829269345000059]]]}}, {"type": "Feature", "properties": {"province": "Lanao del Sur", "municipality": "Ganassi", "barangay": "Pamalian"}, "geometry": {"type": "Polygon", "coordinates": [[[124.106150823, 7.825909054000021], [124.10329878200002, 7.829269345000059], [124.10265511100012, 7.82735821800003], [124.106150823, 7.825909054000021]]]}}, {"type": "Feature", "properties": {"province": "Lanao del Sur", "municipality": "Pagayawan", "barangay": "Ayong"}, "geometry": {"type": "Polygon", "coordinates": [[[124.13799170700008, 7.772823040000049], [124.13254642800007, 7.796249004000058], [124.1340545170001, 7.772148911000043], [124.13799170700008, 7.772823040000049]]]}}, {"type": "Feature", "properties": {"province": "Lanao del Sur", "municipality": "Pagayawan", "barangay": "Bangon"}, "geometry": {"type": "Polygon", "coordinates": [[[124.13720500400008, 7.769207496000034], [124.13799170700008, 7.772823040000049], [124.1340545170001, 7.772148911000043], [124.13127596400011, 7.768810292000069], [124.12828234700011, 7.755445150000072], [124.13920607800003, 7.759365075000063], [124.13720500400008, 7.769207496000034]]]}}, {"type": "Feature", "properties": {"province": "Lanao del Sur", "municipality": "Pagayawan", "barangay": "Biala-an"}, "geometry": {"type": "Polygon", "coordinates": [[[124.1340545170001, 7.772148911000043], [124.13254642800007, 7.796249004000058], [124.13216764900005, 7.796126910000056], [124.13197633000004, 7.78916095200003], [124.13167272600003, 7.784419306000075], [124.13077563000002, 7.770941576000039], [124.13127596400011, 7.768810292000069], [124.1340545170001, 7.772148911000043]]]}}, {"type": "Feature", "properties": {"province": "Lanao del Sur", "municipality": "Pagayawan", "barangay": "Diampaca"}, "geometry": {"type": "Polygon", "coordinates": [[[124.12290929400001, 7.764099006000039], [124.1145463150001, 7.763987933000067], [124.1338866320001, 7.735305057000064], [124.13706901400009, 7.738098639000044], [124.12828234700011, 7.755445150000072], [124.122919421, 7.764101444000062], [124.12290929400001, 7.764099006000039]]]}}, {"type": "Feature", "properties": {"province": "Lanao del Sur", "municipality": "Pagayawan", "barangay": "Guiarong"}, "geometry": {"type": "Polygon", "coordinates": [[[124.13972009100007, 7.75928180300002], [124.13920607800003, 7.759365075000063], [124.12828234700011, 7.755445150000072], [124.13706901400009, 7.738098639000044], [124.13972009100007, 7.75928180300002]]]}}, {"type": "Feature", "properties": {"province": "Lanao del Sur", "municipality": "Pagayawan", "barangay": "Ilian"}, "geometry": {"type": "Polygon", "coordinates": [[[124.13127596400011, 7.768810292000069], [124.13077563000002, 7.770941576000039], [124.12713023700006, 7.770299746000035], [124.122919421, 7.764101444000062], [124.12828234700011, 7.755445150000072], [124.13127596400011, 7.768810292000069]]]}}, {"type": "Feature", "properties": {"province": "Lanao del Sur", "municipality": "Pagayawan", "barangay": "Madang"}, "geometry": {"type": "Polygon", "coordinates": [[[124.12713023700006, 7.770299746000035], [124.12403178900001, 7.784032448000062], [124.12036893700008, 7.782848399000044], [124.12211984200007, 7.771722668000051], [124.12290929400001, 7.764099006000039], [124.122919421, 7.764101444000062], [124.12713023700006, 7.770299746000035]]]}}, {"type": "Feature", "properties": {"province": "Lanao del Sur", "municipality": "Pagayawan", "barangay": "Mapantao"}, "geometry": {"type": "Polygon", "coordinates": [[[124.12036893700008, 7.782848399000044], [124.11095374400007, 7.786716452000065], [124.11119069200004, 7.777449156000045], [124.12211984200007, 7.771722668000051], [124.12036893700008, 7.782848399000044]]]}}, {"type": "Feature", "properties": {"province": "Lanao del Sur", "municipality": "Pagayawan", "barangay": "Ngingir"}, "geometry": {"type": "Polygon", "coordinates": [[[124.11119069200004, 7.777449156000045], [124.09721271800005, 7.782278845000065], [124.08834602800005, 7.766506421000031], [124.10748646, 7.72837659000004], [124.10726631400007, 7.762926897000057], [124.11119069200004, 7.777449156000045]]]}}, {"type": "Feature", "properties": {"province": "Lanao del Sur", "municipality": "Pagayawan", "barangay": "Padas"}, "geometry": {"type": "Polygon", "coordinates": [[[124.1338866320001, 7.735305057000064], [124.1145463150001, 7.763987933000067], [124.10726631400007, 7.762926897000057], [124.10748646, 7.72837659000004], [124.11626274000004, 7.708404158000063], [124.13162008300004, 7.711922017000064], [124.13663446200009, 7.714572734000058], [124.1338866320001, 7.735305057000064]]]}}, {"type": "Feature", "properties": {"province": "Lanao del Sur", "municipality": "Pagayawan", "barangay": "Paigoay"}, "geometry": {"type": "Polygon", "coordinates": [[[124.13972009100007, 7.75928180300002], [124.13720500400008, 7.769207496000034], [124.13920607800003, 7.759365075000063], [124.13972009100007, 7.75928180300002]]]}}, {"type": "Feature", "properties": {"province": "Lanao del Sur", "municipality": "Pagayawan", "barangay": "Pinalangca"}, "geometry": {"type": "Polygon", "coordinates": [[[124.11095374400007, 7.786716452000065], [124.1020798180001, 7.792040249000022], [124.09773190900012, 7.791795841000067], [124.09721271800005, 7.782278845000065], [124.11119069200004, 7.777449156000045], [124.11095374400007, 7.786716452000065]]]}}, {"type": "Feature", "properties": {"province": "Lanao del Sur", "municipality": "Pagayawan", "barangay": "Rangiran"}, "geometry": {"type": "Polygon", "coordinates": [[[124.13663446200009, 7.714572734000058], [124.13706901400009, 7.738098639000044], [124.1338866320001, 7.735305057000064], [124.13663446200009, 7.714572734000058]]]}}, {"type": "Feature", "properties": {"province": "Lanao del Sur", "municipality": "Pagayawan", "barangay": "Rubokun"}, "geometry": {"type": "Polygon", "coordinates": [[[124.13077563000002, 7.770941576000039], [124.13167272600003, 7.784419306000075], [124.12403178900001, 7.784032448000062], [124.12713023700006, 7.770299746000035], [124.13077563000002, 7.770941576000039]]]}}, {"type": "Feature", "properties": {"province": "Lanao del Sur", "municipality": "Pagayawan", "barangay": "Linindingan"}, "geometry": {"type": "Polygon", "coordinates": [[[124.12211984200007, 7.771722668000051], [124.11119069200004, 7.777449156000045], [124.10726631400007, 7.762926897000057], [124.1145463150001, 7.763987933000067], [124.12290929400001, 7.764099006000039], [124.12211984200007, 7.771722668000051]]]}}, {"type": "Feature", "properties": {"province": "Lanao del Sur", "municipality": "Pualas", "barangay": "Badak"}, "geometry": {"type": "Polygon", "coordinates": [[[124.0554660790001, 7.826600839000038], [124.049668816, 7.842559801000048], [124.02942349100012, 7.821626718000062], [124.03133860300011, 7.819290609000062], [124.05653145800012, 7.82047544200003], [124.05784120600003, 7.820486133000033], [124.0554660790001, 7.826600839000038]]]}}, {"type": "Feature", "properties": {"province": "Lanao del Sur", "municipality": "Pualas", "barangay": "Bantayan"}, "geometry": {"type": "Polygon", "coordinates": [[[124.0755319320001, 7.813508801000071], [124.06803394300003, 7.814166197000077], [124.06667885200011, 7.813145615000052], [124.07015156400008, 7.805492926000056], [124.07428267600005, 7.804837148000047], [124.07525091500007, 7.811249563000049], [124.0755319320001, 7.813508801000071]]]}}, {"type": "Feature", "properties": {"province": "Lanao del Sur", "municipality": "Pualas", "barangay": "Basagad"}, "geometry": {"type": "Polygon", "coordinates": [[[124.06252813300013, 7.804634295000027], [124.05379293600005, 7.807006652000042], [124.05223137600002, 7.802800725000052], [124.06285395300006, 7.798728345000031], [124.06252813300013, 7.804634295000027]]]}}, {"type": "Feature", "properties": {"province": "Lanao del Sur", "municipality": "Pualas", "barangay": "Bolinsong"}, "geometry": {"type": "Polygon", "coordinates": [[[124.06745716100009, 7.835057886000075], [124.049668816, 7.842559801000048], [124.0554660790001, 7.826600839000038], [124.06403307200003, 7.82475414900006], [124.06745716100009, 7.835057886000075]]]}}, {"type": "Feature", "properties": {"province": "Lanao del Sur", "municipality": "Pualas", "barangay": "Boring"}, "geometry": {"type": "Polygon", "coordinates": [[[124.08028436000006, 7.798066180000036], [124.06956539400004, 7.798630493000075], [124.06880074900005, 7.792184936000067], [124.08336914100005, 7.784222247000059], [124.08028436000006, 7.798066180000036]]]}}, {"type": "Feature", "properties": {"province": "Lanao del Sur", "municipality": "Pualas", "barangay": "Bualan"}, "geometry": {"type": "Polygon", "coordinates": [[[124.06667885200011, 7.813145615000052], [124.05630426000005, 7.81389739100007], [124.05379293600005, 7.807006652000042], [124.06252813300013, 7.804634295000027], [124.07002422700009, 7.803943928000024], [124.07015156400008, 7.805492926000056], [124.06667885200011, 7.813145615000052]]]}}, {"type": "Feature", "properties": {"province": "Lanao del Sur", "municipality": "Pualas", "barangay": "Danugan"}, "geometry": {"type": "Polygon", "coordinates": [[[124.05223137600002, 7.802800725000052], [124.04708694200006, 7.805188884000075], [124.04861847300003, 7.79833158100007], [124.06460349800011, 7.791726783000057], [124.06880074900005, 7.792184936000067], [124.06285395300006, 7.798728345000031], [124.05223137600002, 7.802800725000052]]]}}, {"type": "Feature", "properties": {"province": "Lanao del Sur", "municipality": "Pualas", "barangay": "Dapao"}, "geometry": {"type": "Polygon", "coordinates": [[[124.03239964200009, 7.795473059000074], [124.01457953100011, 7.812341068000022], [124.03912641700003, 7.763373623000064], [124.04218107400006, 7.777926936000028], [124.03239964200009, 7.795473059000074]]]}}, {"type": "Feature", "properties": {"province": "Lanao del Sur", "municipality": "Pualas", "barangay": "Diamla"}, "geometry": {"type": "Polygon", "coordinates": [[[124.0822781920001, 7.810043918000074], [124.07525091500007, 7.811249563000049], [124.07428267600005, 7.804837148000047], [124.0854556050001, 7.804407917000046], [124.0822781920001, 7.810043918000074]]]}}, {"type": "Feature", "properties": {"province": "Lanao del Sur", "municipality": "Pualas", "barangay": "Gadongan"}, "geometry": {"type": "Polygon", "coordinates": [[[124.07002422700009, 7.803943928000024], [124.06252813300013, 7.804634295000027], [124.06285395300006, 7.798728345000031], [124.06880074900005, 7.792184936000067], [124.06956539400004, 7.798630493000075], [124.07002422700009, 7.803943928000024]]]}}, {"type": "Feature", "properties": {"province": "Lanao del Sur", "municipality": "Pualas", "barangay": "Ingud"}, "geometry": {"type": "Polygon", "coordinates": [[[124.0778041850001, 7.835761682000056], [124.06745716100009, 7.835057886000075], [124.06403307200003, 7.82475414900006], [124.06914511500007, 7.822270014000025], [124.07498727100007, 7.822844489000035], [124.0778041850001, 7.835761682000056]]]}}, {"type": "Feature", "properties": {"province": "Lanao del Sur", "municipality": "Pualas", "barangay": "Linuk"}, "geometry": {"type": "Polygon", "coordinates": [[[124.08327519700003, 7.781516032000068], [124.06099058200004, 7.783419515000051], [124.06992284100012, 7.772297725000045], [124.08758040900011, 7.778381315000045], [124.08327519700003, 7.781516032000068]]]}}, {"type": "Feature", "properties": {"province": "Lanao del Sur", "municipality": "Pualas", "barangay": "Lumbac"}, "geometry": {"type": "Polygon", "coordinates": [[[124.06403307200003, 7.82475414900006], [124.0554660790001, 7.826600839000038], [124.05784120600003, 7.820486133000033], [124.06917515600004, 7.820605758000056], [124.06914511500007, 7.822270014000025], [124.06403307200003, 7.82475414900006]]]}}, {"type": "Feature", "properties": {"province": "Lanao del Sur", "municipality": "Pualas", "barangay": "Maligo"}, "geometry": {"type": "Polygon", "coordinates": [[[124.082253594, 7.81640056200007], [124.07570843500002, 7.816555239000025], [124.0755319320001, 7.813508801000071], [124.07525091500007, 7.811249563000049], [124.0822781920001, 7.810043918000074], [124.082253594, 7.81640056200007]]]}}, {"type": "Feature", "properties": {"province": "Lanao del Sur", "municipality": "Pualas", "barangay": "Masao"}, "geometry": {"type": "Polygon", "coordinates": [[[124.07570843500002, 7.816555239000025], [124.07498727100007, 7.822844489000035], [124.06914511500007, 7.822270014000025], [124.06917515600004, 7.820605758000056], [124.06909561400005, 7.816170143000021], [124.07570843500002, 7.816555239000025]]]}}, {"type": "Feature", "properties": {"province": "Lanao del Sur", "municipality": "Pualas", "barangay": "Notong"}, "geometry": {"type": "Polygon", "coordinates": [[[124.05630426000005, 7.81389739100007], [124.05653145800012, 7.82047544200003], [124.03133860300011, 7.819290609000062], [124.04708694200006, 7.805188884000075], [124.05223137600002, 7.802800725000052], [124.05379293600005, 7.807006652000042], [124.05630426000005, 7.81389739100007]]]}}, {"type": "Feature", "properties": {"province": "Lanao del Sur", "municipality": "Pualas", "barangay": "Porug"}, "geometry": {"type": "Polygon", "coordinates": [[[124.03912641700003, 7.763373623000064], [124.0753543950001, 7.766514501000072], [124.08758040900011, 7.778381315000045], [124.06992284100012, 7.772297725000045], [124.04218107400006, 7.777926936000028], [124.03912641700003, 7.763373623000064]]]}}, {"type": "Feature", "properties": {"province": "Lanao del Sur", "municipality": "Pualas", "barangay": "Romagondong"}, "geometry": {"type": "Polygon", "coordinates": [[[124.0755319320001, 7.813508801000071], [124.07570843500002, 7.816555239000025], [124.06909561400005, 7.816170143000021], [124.06803394300003, 7.814166197000077], [124.0755319320001, 7.813508801000071]]]}}, {"type": "Feature", "properties": {"province": "Lanao del Sur", "municipality": "Pualas", "barangay": "Tambo"}, "geometry": {"type": "Polygon", "coordinates": [[[124.082253594, 7.81640056200007], [124.0778041850001, 7.835761682000056], [124.07498727100007, 7.822844489000035], [124.07570843500002, 7.816555239000025], [124.082253594, 7.81640056200007]]]}}, {"type": "Feature", "properties": {"province": "Lanao del Sur", "municipality": "Pualas", "barangay": "Tamlang"}, "geometry": {"type": "Polygon", "coordinates": [[[124.06909561400005, 7.816170143000021], [124.06917515600004, 7.820605758000056], [124.05784120600003, 7.820486133000033], [124.05653145800012, 7.82047544200003], [124.05630426000005, 7.81389739100007], [124.06667885200011, 7.813145615000052], [124.06803394300003, 7.814166197000077], [124.06909561400005, 7.816170143000021]]]}}, {"type": "Feature", "properties": {"province": "Lanao del Sur", "municipality": "Pualas", "barangay": "Tuka"}, "geometry": {"type": "Polygon", "coordinates": [[[124.08336914100005, 7.784222247000059], [124.06880074900005, 7.792184936000067], [124.06460349800011, 7.791726783000057], [124.06099058200004, 7.783419515000051], [124.08327519700003, 7.781516032000068], [124.08336914100005, 7.784222247000059]]]}}, {"type": "Feature", "properties": {"province": "Lanao del Sur", "municipality": "Pualas", "barangay": "Tomarompong"}, "geometry": {"type": "Polygon", "coordinates": [[[124.07428267600005, 7.804837148000047], [124.07015156400008, 7.805492926000056], [124.07002422700009, 7.803943928000024], [124.06956539400004, 7.798630493000075], [124.08028436000006, 7.798066180000036], [124.0854556050001, 7.804407917000046], [124.07428267600005, 7.804837148000047]]]}}, {"type": "Feature", "properties": {"province": "Lanao del Sur", "municipality": "Pualas", "barangay": "Yaran"}, "geometry": {"type": "Polygon", "coordinates": [[[124.03133860300011, 7.819290609000062], [124.02942349100012, 7.821626718000062], [124.01457953100011, 7.812341068000022], [124.03239964200009, 7.795473059000074], [124.04861847300003, 7.79833158100007], [124.04708694200006, 7.805188884000075], [124.03133860300011, 7.819290609000062]]]}}, {"type": "Feature", "properties": {"province": "Lanao del Sur", "municipality": "Balindong", "barangay": "Abaga"}, "geometry": {"type": "Polygon", "coordinates": [[[124.18766606500002, 7.920313925000071], [124.16982195000003, 7.946281755000031], [124.16473969000003, 7.944836160000023], [124.18316282700003, 7.912597983000069], [124.1875679210001, 7.913230926000038], [124.19074206100002, 7.913614797000035], [124.18766606500002, 7.920313925000071]]]}}, {"type": "Feature", "properties": {"province": "Lanao del Sur", "municipality": "Balindong", "barangay": "Poblacion"}, "geometry": {"type": "Polygon", "coordinates": [[[124.20449043700012, 7.908568737000055], [124.1951058840001, 7.915648795000039], [124.19399732800004, 7.915139289000027], [124.20506329900003, 7.906032701000072], [124.20449043700012, 7.908568737000055]]]}}, {"type": "Feature", "properties": {"province": "Lanao del Sur", "municipality": "Balindong", "barangay": "Pantaragoo"}, "geometry": {"type": "Polygon", "coordinates": [[[124.219780451, 7.927845130000035], [124.20860478500003, 7.93146039000004], [124.20411055100011, 7.929428802000076], [124.20669720700005, 7.922579401000062], [124.20818460600005, 7.920990238000057], [124.2089833890001, 7.921735119000062], [124.21054163000008, 7.922875900000068], [124.21538006700007, 7.922757601000056], [124.21870282300007, 7.926458727000066], [124.219780451, 7.927845130000035]]]}}, {"type": "Feature", "properties": {"province": "Lanao del Sur", "municipality": "Balindong", "barangay": "Bantoga Wato"}, "geometry": {"type": "Polygon", "coordinates": [[[124.20690830800005, 7.91009791400006], [124.20562176700003, 7.915095122000028], [124.2032643230001, 7.913486524000065], [124.20522413300012, 7.909328044000062], [124.20690830800005, 7.91009791400006]]]}}, {"type": "Feature", "properties": {"province": "Lanao del Sur", "municipality": "Balindong", "barangay": "Barit"}, "geometry": {"type": "Polygon", "coordinates": [[[124.18316282700003, 7.912597983000069], [124.16473969000003, 7.944836160000023], [124.1593205040001, 7.943686750000041], [124.17045136700004, 7.91606604800006], [124.1777838600001, 7.911314366000054], [124.18366451800011, 7.910789395000053], [124.18316282700003, 7.912597983000069]]]}}, {"type": "Feature", "properties": {"province": "Lanao del Sur", "municipality": "Balindong", "barangay": "Bubong"}, "geometry": {"type": "Polygon", "coordinates": [[[124.21538006700007, 7.922757601000056], [124.21054163000008, 7.922875900000068], [124.21716603700008, 7.91853790300007], [124.21891026000004, 7.920591789000071], [124.21538006700007, 7.922757601000056]]]}}, {"type": "Feature", "properties": {"province": "Lanao del Sur", "municipality": "Balindong", "barangay": "Bubong Cadapaan"}, "geometry": {"type": "Polygon", "coordinates": [[[124.18366451800011, 7.910789395000053], [124.1777838600001, 7.911314366000054], [124.17432920400007, 7.901561764000062], [124.18019859000002, 7.897071080000047], [124.18366451800011, 7.910789395000053]]]}}, {"type": "Feature", "properties": {"province": "Lanao del Sur", "municipality": "Balindong", "barangay": "Borakis"}, "geometry": {"type": "Polygon", "coordinates": [[[124.20987373800004, 7.893603284000049], [124.2092615250001, 7.895574799000031], [124.20859177800001, 7.895269283000062], [124.20589549500004, 7.893777273000067], [124.20205996300001, 7.890982843000073], [124.20310745300002, 7.88742224500004], [124.20987373800004, 7.893603284000049]]]}}, {"type": "Feature", "properties": {"province": "Lanao del Sur", "municipality": "Balindong", "barangay": "Bualan"}, "geometry": {"type": "Polygon", "coordinates": [[[124.17045136700004, 7.91606604800006], [124.1593205040001, 7.943686750000041], [124.12925723, 7.941980840000042], [124.16470214500009, 7.90475548100005], [124.17045136700004, 7.91606604800006]]]}}, {"type": "Feature", "properties": {"province": "Lanao del Sur", "municipality": "Balindong", "barangay": "Cadapaan"}, "geometry": {"type": "Polygon", "coordinates": [[[124.1923528320001, 7.90838942600004], [124.1875679210001, 7.913230926000038], [124.18316282700003, 7.912597983000069], [124.18366451800011, 7.910789395000053], [124.18019859000002, 7.897071080000047], [124.18424022500005, 7.892842071000077], [124.18760037300002, 7.897706166000034], [124.1923528320001, 7.90838942600004]]]}}, {"type": "Feature", "properties": {"province": "Lanao del Sur", "municipality": "Balindong", "barangay": "Cadayonan"}, "geometry": {"type": "Polygon", "coordinates": [[[124.21257085200011, 7.913737542000036], [124.20676983600002, 7.916238297000062], [124.20562176700003, 7.915095122000028], [124.20690830800005, 7.91009791400006], [124.21257085200011, 7.913737542000036]]]}}, {"type": "Feature", "properties": {"province": "Lanao del Sur", "municipality": "Balindong", "barangay": "Kaluntay"}, "geometry": {"type": "Polygon", "coordinates": [[[124.19822684700013, 7.926048448000076], [124.19283885800007, 7.92354424800004], [124.19665661200008, 7.92164049300004], [124.19860613800006, 7.919065223000076], [124.20107016100008, 7.920928753000057], [124.19822684700013, 7.926048448000076]]]}}, {"type": "Feature", "properties": {"province": "Lanao del Sur", "municipality": "Balindong", "barangay": "Dadayag"}, "geometry": {"type": "Polygon", "coordinates": [[[124.19283885800007, 7.92354424800004], [124.18905353600009, 7.924672088000023], [124.18766606500002, 7.920313925000071], [124.19074206100002, 7.913614797000035], [124.19399732800004, 7.915139289000027], [124.1951058840001, 7.915648795000039], [124.19665661200008, 7.92164049300004], [124.19283885800007, 7.92354424800004]]]}}, {"type": "Feature", "properties": {"province": "Lanao del Sur", "municipality": "Balindong", "barangay": "Dado"}, "geometry": {"type": "Polygon", "coordinates": [[[124.20860478500003, 7.93146039000004], [124.18216657600011, 7.950918211000045], [124.19822684700013, 7.926048448000076], [124.20411055100011, 7.929428802000076], [124.20860478500003, 7.93146039000004]]]}}, {"type": "Feature", "properties": {"province": "Lanao del Sur", "municipality": "Balindong", "barangay": "Dibarusan"}, "geometry": {"type": "Polygon", "coordinates": [[[124.1777838600001, 7.911314366000054], [124.17045136700004, 7.91606604800006], [124.16470214500009, 7.90475548100005], [124.17432920400007, 7.901561764000062], [124.1777838600001, 7.911314366000054]]]}}, {"type": "Feature", "properties": {"province": "Lanao del Sur", "municipality": "Balindong", "barangay": "Dilausan"}, "geometry": {"type": "Polygon", "coordinates": [[[124.19860613800006, 7.919065223000076], [124.19665661200008, 7.92164049300004], [124.1951058840001, 7.915648795000039], [124.20449043700012, 7.908568737000055], [124.20522413300012, 7.909328044000062], [124.2032643230001, 7.913486524000065], [124.19860613800006, 7.919065223000076]]]}}, {"type": "Feature", "properties": {"province": "Lanao del Sur", "municipality": "Balindong", "barangay": "Dimarao"}, "geometry": {"type": "Polygon", "coordinates": [[[124.2025760460001, 7.904905444000065], [124.19379578200005, 7.908926819000041], [124.1923528320001, 7.90838942600004], [124.18760037300002, 7.897706166000034], [124.20278021500009, 7.89882678300006], [124.2025760460001, 7.904905444000065]]]}}, {"type": "Feature", "properties": {"province": "Lanao del Sur", "municipality": "Balindong", "barangay": "Ingud"}, "geometry": {"type": "Polygon", "coordinates": [[[124.20706139900007, 7.899352768000029], [124.20638781900006, 7.899654610000029], [124.20859177800001, 7.895269283000062], [124.2092615250001, 7.895574799000031], [124.20706139900007, 7.899352768000029]]]}}, {"type": "Feature", "properties": {"province": "Lanao del Sur", "municipality": "Balindong", "barangay": "Lalabuan"}, "geometry": {"type": "Polygon", "coordinates": [[[124.22098878700001, 7.922047140000075], [124.219780451, 7.927845130000035], [124.21870282300007, 7.926458727000066], [124.22098878700001, 7.922047140000075]]]}}, {"type": "Feature", "properties": {"province": "Lanao del Sur", "municipality": "Balindong", "barangay": "Lilod"}, "geometry": {"type": "Polygon", "coordinates": [[[124.20987373800004, 7.893603284000049], [124.21248463000006, 7.899262610000051], [124.21034939900007, 7.896410803000037], [124.2092615250001, 7.895574799000031], [124.20987373800004, 7.893603284000049]]]}}, {"type": "Feature", "properties": {"province": "Lanao del Sur", "municipality": "Balindong", "barangay": "Lumbayao"}, "geometry": {"type": "Polygon", "coordinates": [[[124.20506329900003, 7.906032701000072], [124.19399732800004, 7.915139289000027], [124.19074206100002, 7.913614797000035], [124.19379578200005, 7.908926819000041], [124.2025760460001, 7.904905444000065], [124.20346179600004, 7.905026693000026], [124.20506329900003, 7.906032701000072]]]}}, {"type": "Feature", "properties": {"province": "Lanao del Sur", "municipality": "Balindong", "barangay": "Limbo"}, "geometry": {"type": "Polygon", "coordinates": [[[124.20445474400005, 7.895944484000039], [124.20278021500009, 7.89882678300006], [124.18760037300002, 7.897706166000034], [124.18424022500005, 7.892842071000077], [124.20310745300002, 7.88742224500004], [124.20205996300001, 7.890982843000073], [124.20445474400005, 7.895944484000039]]]}}, {"type": "Feature", "properties": {"province": "Lanao del Sur", "municipality": "Balindong", "barangay": "Lumbac Lalan"}, "geometry": {"type": "Polygon", "coordinates": [[[124.20818460600005, 7.920990238000057], [124.20669720700005, 7.922579401000062], [124.20107016100008, 7.920928753000057], [124.20494347900002, 7.91802976200006], [124.20704609200004, 7.919911495000063], [124.20818460600005, 7.920990238000057]]]}}, {"type": "Feature", "properties": {"province": "Lanao del Sur", "municipality": "Balindong", "barangay": "Lumbac Wato"}, "geometry": {"type": "Polygon", "coordinates": [[[124.21248463000006, 7.899262610000051], [124.20897195900012, 7.899686027000032], [124.21034939900007, 7.896410803000037], [124.21248463000006, 7.899262610000051]]]}}, {"type": "Feature", "properties": {"province": "Lanao del Sur", "municipality": "Balindong", "barangay": "Magarang"}, "geometry": {"type": "Polygon", "coordinates": [[[124.19822684700013, 7.926048448000076], [124.18216657600011, 7.950918211000045], [124.1766829710001, 7.947570378000022], [124.18905353600009, 7.924672088000023], [124.19283885800007, 7.92354424800004], [124.19822684700013, 7.926048448000076]]]}}, {"type": "Feature", "properties": {"province": "Lanao del Sur", "municipality": "Balindong", "barangay": "Padila"}, "geometry": {"type": "Polygon", "coordinates": [[[124.21870282300007, 7.926458727000066], [124.21538006700007, 7.922757601000056], [124.21891026000004, 7.920591789000071], [124.22098878700001, 7.922047140000075], [124.21870282300007, 7.926458727000066]]]}}, {"type": "Feature", "properties": {"province": "Lanao del Sur", "municipality": "Balindong", "barangay": "Pagayawan"}, "geometry": {"type": "Polygon", "coordinates": [[[124.20669720700005, 7.922579401000062], [124.20411055100011, 7.929428802000076], [124.19822684700013, 7.926048448000076], [124.20107016100008, 7.920928753000057], [124.20669720700005, 7.922579401000062]]]}}, {"type": "Feature", "properties": {"province": "Lanao del Sur", "municipality": "Balindong", "barangay": "Paigoay"}, "geometry": {"type": "Polygon", "coordinates": [[[124.21350260200006, 7.916938914000067], [124.2089833890001, 7.921735119000062], [124.20818460600005, 7.920990238000057], [124.20704609200004, 7.919911495000063], [124.20867456200006, 7.91786895200005], [124.21290796900009, 7.914376514000026], [124.21350260200006, 7.916938914000067]]]}}, {"type": "Feature", "properties": {"province": "Lanao del Sur", "municipality": "Balindong", "barangay": "Raya"}, "geometry": {"type": "Polygon", "coordinates": [[[124.20897195900012, 7.899686027000032], [124.20706139900007, 7.899352768000029], [124.2092615250001, 7.895574799000031], [124.21034939900007, 7.896410803000037], [124.20897195900012, 7.899686027000032]]]}}, {"type": "Feature", "properties": {"province": "Lanao del Sur", "municipality": "Balindong", "barangay": "Salipongan"}, "geometry": {"type": "Polygon", "coordinates": [[[124.20494347900002, 7.91802976200006], [124.20107016100008, 7.920928753000057], [124.19860613800006, 7.919065223000076], [124.2032643230001, 7.913486524000065], [124.20562176700003, 7.915095122000028], [124.20676983600002, 7.916238297000062], [124.20494347900002, 7.91802976200006]]]}}, {"type": "Feature", "properties": {"province": "Lanao del Sur", "municipality": "Balindong", "barangay": "Talub"}, "geometry": {"type": "Polygon", "coordinates": [[[124.18905353600009, 7.924672088000023], [124.1766829710001, 7.947570378000022], [124.16982195000003, 7.946281755000031], [124.18766606500002, 7.920313925000071], [124.18905353600009, 7.924672088000023]]]}}, {"type": "Feature", "properties": {"province": "Lanao del Sur", "municipality": "Balindong", "barangay": "Tomarompong"}, "geometry": {"type": "Polygon", "coordinates": [[[124.20867456200006, 7.91786895200005], [124.20704609200004, 7.919911495000063], [124.20494347900002, 7.91802976200006], [124.20676983600002, 7.916238297000062], [124.20867456200006, 7.91786895200005]]]}}, {"type": "Feature", "properties": {"province": "Lanao del Sur", "municipality": "Balindong", "barangay": "Tantua Raya"}, "geometry": {"type": "Polygon", "coordinates": [[[124.20346179600004, 7.905026693000026], [124.2025760460001, 7.904905444000065], [124.20278021500009, 7.89882678300006], [124.20445474400005, 7.895944484000039], [124.20589549500004, 7.893777273000067], [124.20859177800001, 7.895269283000062], [124.20638781900006, 7.899654610000029], [124.20346179600004, 7.905026693000026]]]}}, {"type": "Feature", "properties": {"province": "Lanao del Sur", "municipality": "Balindong", "barangay": "Tuka Bubong"}, "geometry": {"type": "Polygon", "coordinates": [[[124.21716603700008, 7.91853790300007], [124.21054163000008, 7.922875900000068], [124.2089833890001, 7.921735119000062], [124.21350260200006, 7.916938914000067], [124.21716603700008, 7.91853790300007]]]}}, {"type": "Feature", "properties": {"province": "Lanao del Sur", "municipality": "Balindong", "barangay": "Bolinsong"}, "geometry": {"type": "Polygon", "coordinates": [[[124.20589549500004, 7.893777273000067], [124.20445474400005, 7.895944484000039], [124.20205996300001, 7.890982843000073], [124.20589549500004, 7.893777273000067]]]}}, {"type": "Feature", "properties": {"province": "Lanao del Sur", "municipality": "Balindong", "barangay": "Lati"}, "geometry": {"type": "Polygon", "coordinates": [[[124.19379578200005, 7.908926819000041], [124.19074206100002, 7.913614797000035], [124.1875679210001, 7.913230926000038], [124.1923528320001, 7.90838942600004], [124.19379578200005, 7.908926819000041]]]}}, {"type": "Feature", "properties": {"province": "Lanao del Sur", "municipality": "Balindong", "barangay": "Malaig"}, "geometry": {"type": "Polygon", "coordinates": [[[124.21290796900009, 7.914376514000026], [124.20867456200006, 7.91786895200005], [124.20676983600002, 7.916238297000062], [124.21257085200011, 7.913737542000036], [124.21290796900009, 7.914376514000026]]]}}, {"type": "Feature", "properties": {"province": "Lanao del Sur", "municipality": "Bacolod Kalawi", "barangay": "Ampao"}, "geometry": {"type": "Polygon", "coordinates": [[[124.14146858800008, 7.856964539000046], [124.13758077800001, 7.86523827900004], [124.13700842100002, 7.86506408300005], [124.14072615300006, 7.856289160000074], [124.14146858800008, 7.856964539000046]]]}}, {"type": "Feature", "properties": {"province": "Lanao del Sur", "municipality": "Bacolod Kalawi", "barangay": "Bagoaingud"}, "geometry": {"type": "Polygon", "coordinates": [[[124.13803933800011, 7.855043504000036], [124.134646534, 7.864350639000065], [124.13331650900011, 7.864035248000049], [124.13603900500003, 7.855563526000023], [124.13803933800011, 7.855043504000036]]]}}, {"type": "Feature", "properties": {"province": "Lanao del Sur", "municipality": "Bacolod Kalawi", "barangay": "Barua"}, "geometry": {"type": "Polygon", "coordinates": [[[124.14821163300009, 7.870121188000038], [124.09577995200006, 7.931956739000042], [124.09959576800009, 7.921072376000041], [124.134411096, 7.871085530000075], [124.13578444200004, 7.870726066000028], [124.13772548700003, 7.870188186000065], [124.140859223, 7.869346287000043], [124.14606192200007, 7.867845592000038], [124.14821163300009, 7.870121188000038]]]}}, {"type": "Feature", "properties": {"province": "Lanao del Sur", "municipality": "Bacolod Kalawi", "barangay": "Buadiawani"}, "geometry": {"type": "Polygon", "coordinates": [[[124.13331650900011, 7.864035248000049], [124.12894645600011, 7.866944687000059], [124.13325576800003, 7.857525342000029], [124.13603900500003, 7.855563526000023], [124.13331650900011, 7.864035248000049]]]}}, {"type": "Feature", "properties": {"province": "Lanao del Sur", "municipality": "Bacolod Kalawi", "barangay": "Bubong"}, "geometry": {"type": "Polygon", "coordinates": [[[124.14438870800005, 7.86044325100005], [124.13907152900003, 7.865985345000069], [124.13855070000012, 7.865706330000023], [124.14395474400011, 7.858203032000063], [124.14477207100003, 7.860121796000045], [124.14438870800005, 7.86044325100005]]]}}, {"type": "Feature", "properties": {"province": "Lanao del Sur", "municipality": "Bacolod Kalawi", "barangay": "Dilabayan"}, "geometry": {"type": "Polygon", "coordinates": [[[124.13203285300007, 7.857818406000034], [124.12461166600009, 7.871859724000049], [124.12284193200003, 7.870615751000058], [124.12869890500008, 7.857881021000024], [124.13203285300007, 7.857818406000034]]]}}, {"type": "Feature", "properties": {"province": "Lanao del Sur", "municipality": "Bacolod Kalawi", "barangay": "Dipatuan"}, "geometry": {"type": "Polygon", "coordinates": [[[124.13578444200004, 7.870726066000028], [124.134411096, 7.871085530000075], [124.13907152900003, 7.865985345000069], [124.14438870800005, 7.86044325100005], [124.1448700720001, 7.861265423000023], [124.13578444200004, 7.870726066000028]]]}}, {"type": "Feature", "properties": {"province": "Lanao del Sur", "municipality": "Bacolod Kalawi", "barangay": "Daramoyod"}, "geometry": {"type": "Polygon", "coordinates": [[[124.14555570900006, 7.860915864000046], [124.1448700720001, 7.861265423000023], [124.14438870800005, 7.86044325100005], [124.14477207100003, 7.860121796000045], [124.14555570900006, 7.860915864000046]]]}}, {"type": "Feature", "properties": {"province": "Lanao del Sur", "municipality": "Bacolod Kalawi", "barangay": "Gandamato"}, "geometry": {"type": "Polygon", "coordinates": [[[124.14256160200011, 7.85726095600006], [124.13817867900002, 7.865538921000051], [124.13758077800001, 7.86523827900004], [124.14146858800008, 7.856964539000046], [124.14227545200002, 7.856383424000058], [124.14256160200011, 7.85726095600006]]]}}, {"type": "Feature", "properties": {"province": "Lanao del Sur", "municipality": "Bacolod Kalawi", "barangay": "Gurain"}, "geometry": {"type": "Polygon", "coordinates": [[[124.125789789, 7.872704284000066], [124.10712421300003, 7.897416688000021], [124.12050660100012, 7.868950441000037], [124.12284193200003, 7.870615751000058], [124.12461166600009, 7.871859724000049], [124.125789789, 7.872704284000066]]]}}, {"type": "Feature", "properties": {"province": "Lanao del Sur", "municipality": "Bacolod Kalawi", "barangay": "Ilian"}, "geometry": {"type": "Polygon", "coordinates": [[[124.140859223, 7.869346287000043], [124.13772548700003, 7.870188186000065], [124.1462279770001, 7.862251986000047], [124.14711562000004, 7.863728674000071], [124.140859223, 7.869346287000043]]]}}, {"type": "Feature", "properties": {"province": "Lanao del Sur", "municipality": "Bacolod Kalawi", "barangay": "Lama"}, "geometry": {"type": "Polygon", "coordinates": [[[124.13964254300004, 7.854954133000036], [124.13624942500009, 7.864802790000055], [124.13592307300007, 7.864687965000032], [124.13557683300007, 7.864601405000026], [124.13894549500004, 7.85483610400007], [124.13964254300004, 7.854954133000036]]]}}, {"type": "Feature", "properties": {"province": "Lanao del Sur", "municipality": "Bacolod Kalawi", "barangay": "Liawao"}, "geometry": {"type": "Polygon", "coordinates": [[[124.12894645600011, 7.866944687000059], [124.125789789, 7.872704284000066], [124.12461166600009, 7.871859724000049], [124.13203285300007, 7.857818406000034], [124.13325576800003, 7.857525342000029], [124.12894645600011, 7.866944687000059]]]}}, {"type": "Feature", "properties": {"province": "Lanao del Sur", "municipality": "Bacolod Kalawi", "barangay": "Lumbaca-Ingud"}, "geometry": {"type": "Polygon", "coordinates": [[[124.14606192200007, 7.867845592000038], [124.140859223, 7.869346287000043], [124.14711562000004, 7.863728674000071], [124.14927505700007, 7.864363221000078], [124.14606192200007, 7.867845592000038]]]}}, {"type": "Feature", "properties": {"province": "Lanao del Sur", "municipality": "Bacolod Kalawi", "barangay": "Madanding"}, "geometry": {"type": "Polygon", "coordinates": [[[124.14395474400011, 7.858203032000063], [124.13855070000012, 7.865706330000023], [124.13817867900002, 7.865538921000051], [124.14256160200011, 7.85726095600006], [124.14395474400011, 7.858203032000063]]]}}, {"type": "Feature", "properties": {"province": "Lanao del Sur", "municipality": "Bacolod Kalawi", "barangay": "Orong"}, "geometry": {"type": "Polygon", "coordinates": [[[124.13894549500004, 7.85483610400007], [124.13557683300007, 7.864601405000026], [124.134646534, 7.864350639000065], [124.13803933800011, 7.855043504000036], [124.13894549500004, 7.85483610400007]]]}}, {"type": "Feature", "properties": {"province": "Lanao del Sur", "municipality": "Bacolod Kalawi", "barangay": "Pindolonan"}, "geometry": {"type": "Polygon", "coordinates": [[[124.12869890500008, 7.857881021000024], [124.12284193200003, 7.870615751000058], [124.12050660100012, 7.868950441000037], [124.12869890500008, 7.857881021000024]]]}}, {"type": "Feature", "properties": {"province": "Lanao del Sur", "municipality": "Bacolod Kalawi", "barangay": "Poblacion I"}, "geometry": {"type": "Polygon", "coordinates": [[[124.14072615300006, 7.856289160000074], [124.13700842100002, 7.86506408300005], [124.13624942500009, 7.864802790000055], [124.13964254300004, 7.854954133000036], [124.14086574700003, 7.855200938000052], [124.14072615300006, 7.856289160000074]]]}}, {"type": "Feature", "properties": {"province": "Lanao del Sur", "municipality": "Bacolod Kalawi", "barangay": "Poblacion II"}, "geometry": {"type": "Polygon", "coordinates": [[[124.13772548700003, 7.870188186000065], [124.13578444200004, 7.870726066000028], [124.1448700720001, 7.861265423000023], [124.14555570900006, 7.860915864000046], [124.1462279770001, 7.862251986000047], [124.13772548700003, 7.870188186000065]]]}}, {"type": "Feature", "properties": {"province": "Lanao del Sur", "municipality": "Bacolod Kalawi", "barangay": "Raya"}, "geometry": {"type": "Polygon", "coordinates": [[[124.13592307300007, 7.864687965000032], [124.10527278700012, 7.904724012000032], [124.10712421300003, 7.897416688000021], [124.125789789, 7.872704284000066], [124.12894645600011, 7.866944687000059], [124.13331650900011, 7.864035248000049], [124.134646534, 7.864350639000065], [124.13557683300007, 7.864601405000026], [124.13592307300007, 7.864687965000032]]]}}, {"type": "Feature", "properties": {"province": "Lanao del Sur", "municipality": "Bacolod Kalawi", "barangay": "Rorowan"}, "geometry": {"type": "Polygon", "coordinates": [[[124.134411096, 7.871085530000075], [124.09959576800009, 7.921072376000041], [124.10174843200002, 7.914655115000073], [124.13758077800001, 7.86523827900004], [124.13817867900002, 7.865538921000051], [124.13855070000012, 7.865706330000023], [124.13907152900003, 7.865985345000069], [124.134411096, 7.871085530000075]]]}}, {"type": "Feature", "properties": {"province": "Lanao del Sur", "municipality": "Bacolod Kalawi", "barangay": "Sugod"}, "geometry": {"type": "Polygon", "coordinates": [[[124.15301103600007, 7.865933812000036], [124.09577995200006, 7.931956739000042], [124.14821163300009, 7.870121188000038], [124.15301103600007, 7.865933812000036]]]}}, {"type": "Feature", "properties": {"province": "Lanao del Sur", "municipality": "Bacolod Kalawi", "barangay": "Tambo"}, "geometry": {"type": "Polygon", "coordinates": [[[124.13758077800001, 7.86523827900004], [124.10174843200002, 7.914655115000073], [124.10527278700012, 7.904724012000032], [124.13592307300007, 7.864687965000032], [124.13624942500009, 7.864802790000055], [124.13700842100002, 7.86506408300005], [124.13758077800001, 7.86523827900004]]]}}, {"type": "Feature", "properties": {"province": "Lanao del Sur", "municipality": "Bacolod Kalawi", "barangay": "Tuka I"}, "geometry": {"type": "Polygon", "coordinates": [[[124.15301103600007, 7.865933812000036], [124.14821163300009, 7.870121188000038], [124.14606192200007, 7.867845592000038], [124.14927505700007, 7.864363221000078], [124.15301103600007, 7.865933812000036]]]}}, {"type": "Feature", "properties": {"province": "Lanao del Sur", "municipality": "Bacolod Kalawi", "barangay": "Tuka II"}, "geometry": {"type": "Polygon", "coordinates": [[[124.14227545200002, 7.856383424000058], [124.14146858800008, 7.856964539000046], [124.14072615300006, 7.856289160000074], [124.14086574700003, 7.855200938000052], [124.14227545200002, 7.856383424000058]]]}}, {"type": "Feature", "properties": {"province": "Lanao del Sur", "municipality": "Tugaya", "barangay": "Bagoaingud"}, "geometry": {"type": "Polygon", "coordinates": [[[124.1900659060001, 7.878428101000052], [124.1865866830001, 7.88372976200003], [124.18509018300007, 7.882532512000068], [124.1868715930001, 7.879118975000041], [124.18814793100012, 7.876125438000031], [124.1900659060001, 7.878428101000052]]]}}, {"type": "Feature", "properties": {"province": "Lanao del Sur", "municipality": "Tugaya", "barangay": "Bubong"}, "geometry": {"type": "Polygon", "coordinates": [[[124.1686964390001, 7.878698176000057], [124.16518908200008, 7.881608991000063], [124.163935218, 7.880290284000067], [124.16479926900003, 7.879727634000061], [124.16777764800008, 7.875838199000041], [124.1686964390001, 7.878698176000057]]]}}, {"type": "Feature", "properties": {"province": "Lanao del Sur", "municipality": "Tugaya", "barangay": "Buadi Alawang"}, "geometry": {"type": "Polygon", "coordinates": [[[124.16208905900011, 7.872938946000034], [124.16043316700005, 7.876552003000026], [124.1564726670001, 7.875876481000036], [124.15733935300013, 7.873984219000024], [124.16208905900011, 7.872938946000034]]]}}, {"type": "Feature", "properties": {"province": "Lanao del Sur", "municipality": "Tugaya", "barangay": "Buadi Dico"}, "geometry": {"type": "Polygon", "coordinates": [[[124.1564726670001, 7.875876481000036], [124.10569072900013, 7.935104650000028], [124.15733935300013, 7.873984219000024], [124.1564726670001, 7.875876481000036]]]}}, {"type": "Feature", "properties": {"province": "Lanao del Sur", "municipality": "Tugaya", "barangay": "Campong Talao"}, "geometry": {"type": "Polygon", "coordinates": [[[124.17890548700008, 7.898236969000037], [124.1200188680001, 7.940020258000062], [124.16604207300007, 7.884138467000072], [124.16669768400004, 7.884829506000075], [124.16752060900002, 7.885714189000057], [124.16862321900011, 7.886859991000051], [124.17139159800001, 7.889824535000058], [124.17450397000005, 7.893409602000075], [124.17630523700005, 7.895333647000029], [124.17770769400012, 7.896903086000066], [124.17890548700008, 7.898236969000037]]]}}, {"type": "Feature", "properties": {"province": "Lanao del Sur", "municipality": "Tugaya", "barangay": "Cayagan"}, "geometry": {"type": "Polygon", "coordinates": [[[124.18814793100012, 7.876125438000031], [124.1868715930001, 7.879118975000041], [124.18460732200002, 7.877149030000056], [124.18814793100012, 7.876125438000031]]]}}, {"type": "Feature", "properties": {"province": "Lanao del Sur", "municipality": "Tugaya", "barangay": "Dandanun"}, "geometry": {"type": "Polygon", "coordinates": [[[124.16919165000003, 7.879300686000022], [124.16629132900003, 7.882565403000058], [124.16518908200008, 7.881608991000063], [124.1686964390001, 7.878698176000057], [124.16919165000003, 7.879300686000022]]]}}, {"type": "Feature", "properties": {"province": "Lanao del Sur", "municipality": "Tugaya", "barangay": "Dilimbayan"}, "geometry": {"type": "Polygon", "coordinates": [[[124.18385066300004, 7.886896139000044], [124.17630523700005, 7.895333647000029], [124.17450397000005, 7.893409602000075], [124.17737369500003, 7.883653283000059], [124.1786313, 7.883108876000051], [124.18385066300004, 7.886896139000044]]]}}, {"type": "Feature", "properties": {"province": "Lanao del Sur", "municipality": "Tugaya", "barangay": "Gurain"}, "geometry": {"type": "Polygon", "coordinates": [[[124.163935218, 7.880290284000067], [124.11490052200008, 7.938161997000065], [124.1100754240001, 7.936425328000041], [124.16043316700005, 7.876552003000026], [124.16479926900003, 7.879727634000061], [124.163935218, 7.880290284000067]]]}}, {"type": "Feature", "properties": {"province": "Lanao del Sur", "municipality": "Tugaya", "barangay": "Poblacion"}, "geometry": {"type": "Polygon", "coordinates": [[[124.17737369500003, 7.883653283000059], [124.17580291700004, 7.884541803000046], [124.17495185100007, 7.882466668000063], [124.176953894, 7.881112469000072], [124.1786313, 7.883108876000051], [124.17737369500003, 7.883653283000059]]]}}, {"type": "Feature", "properties": {"province": "Lanao del Sur", "municipality": "Tugaya", "barangay": "Lumbac"}, "geometry": {"type": "Polygon", "coordinates": [[[124.17068738300009, 7.879977818000042], [124.16709475900007, 7.883231307000072], [124.16629132900003, 7.882565403000058], [124.16919165000003, 7.879300686000022], [124.17068738300009, 7.879977818000042]]]}}, {"type": "Feature", "properties": {"province": "Lanao del Sur", "municipality": "Tugaya", "barangay": "Maidan"}, "geometry": {"type": "Polygon", "coordinates": [[[124.19258440400006, 7.879662116000078], [124.17770769400012, 7.896903086000066], [124.17630523700005, 7.895333647000029], [124.18385066300004, 7.886896139000044], [124.1865866830001, 7.88372976200003], [124.1900659060001, 7.878428101000052], [124.19258440400006, 7.879662116000078]]]}}, {"type": "Feature", "properties": {"province": "Lanao del Sur", "municipality": "Tugaya", "barangay": "Mapantao"}, "geometry": {"type": "Polygon", "coordinates": [[[124.16604207300007, 7.884138467000072], [124.1200188680001, 7.940020258000062], [124.11490052200008, 7.938161997000065], [124.163935218, 7.880290284000067], [124.16518908200008, 7.881608991000063], [124.16629132900003, 7.882565403000058], [124.16709475900007, 7.883231307000072], [124.16604207300007, 7.884138467000072]]]}}, {"type": "Feature", "properties": {"province": "Lanao del Sur", "municipality": "Tugaya", "barangay": "Pagalamatan"}, "geometry": {"type": "Polygon", "coordinates": [[[124.17243842000003, 7.882128927000054], [124.16752060900002, 7.885714189000057], [124.16669768400004, 7.884829506000075], [124.171576221, 7.881209663000048], [124.17243842000003, 7.882128927000054]]]}}, {"type": "Feature", "properties": {"province": "Lanao del Sur", "municipality": "Tugaya", "barangay": "Pandiaranao"}, "geometry": {"type": "Polygon", "coordinates": [[[124.16777764800008, 7.875838199000041], [124.16479926900003, 7.879727634000061], [124.16043316700005, 7.876552003000026], [124.16208905900011, 7.872938946000034], [124.16777764800008, 7.875838199000041]]]}}, {"type": "Feature", "properties": {"province": "Lanao del Sur", "municipality": "Tugaya", "barangay": "Pindolonan I"}, "geometry": {"type": "Polygon", "coordinates": [[[124.19258440400006, 7.879662116000078], [124.17890548700008, 7.898236969000037], [124.17770769400012, 7.896903086000066], [124.19258440400006, 7.879662116000078]]]}}, {"type": "Feature", "properties": {"province": "Lanao del Sur", "municipality": "Tugaya", "barangay": "Pindolonan II"}, "geometry": {"type": "Polygon", "coordinates": [[[124.171576221, 7.881209663000048], [124.16669768400004, 7.884829506000075], [124.16604207300007, 7.884138467000072], [124.16709475900007, 7.883231307000072], [124.17068738300009, 7.879977818000042], [124.171576221, 7.881209663000048]]]}}, {"type": "Feature", "properties": {"province": "Lanao del Sur", "municipality": "Tugaya", "barangay": "Putad"}, "geometry": {"type": "Polygon", "coordinates": [[[124.1868715930001, 7.879118975000041], [124.18509018300007, 7.882532512000068], [124.17982975900009, 7.878248591000045], [124.18460732200002, 7.877149030000056], [124.1868715930001, 7.879118975000041]]]}}, {"type": "Feature", "properties": {"province": "Lanao del Sur", "municipality": "Tugaya", "barangay": "Raya"}, "geometry": {"type": "Polygon", "coordinates": [[[124.1865866830001, 7.88372976200003], [124.18385066300004, 7.886896139000044], [124.1786313, 7.883108876000051], [124.176953894, 7.881112469000072], [124.17982975900009, 7.878248591000045], [124.18509018300007, 7.882532512000068], [124.1865866830001, 7.88372976200003]]]}}, {"type": "Feature", "properties": {"province": "Lanao del Sur", "municipality": "Tugaya", "barangay": "Sugod I"}, "geometry": {"type": "Polygon", "coordinates": [[[124.17336790700007, 7.882765204000064], [124.16862321900011, 7.886859991000051], [124.16752060900002, 7.885714189000057], [124.17243842000003, 7.882128927000054], [124.17336790700007, 7.882765204000064]]]}}, {"type": "Feature", "properties": {"province": "Lanao del Sur", "municipality": "Tugaya", "barangay": "Sugod Mawatan"}, "geometry": {"type": "Polygon", "coordinates": [[[124.16043316700005, 7.876552003000026], [124.1100754240001, 7.936425328000041], [124.10569072900013, 7.935104650000028], [124.1564726670001, 7.875876481000036], [124.16043316700005, 7.876552003000026]]]}}, {"type": "Feature", "properties": {"province": "Lanao del Sur", "municipality": "Tugaya", "barangay": "Sumbaga Rogong"}, "geometry": {"type": "Polygon", "coordinates": [[[124.17580291700004, 7.884541803000046], [124.17139159800001, 7.889824535000058], [124.16862321900011, 7.886859991000051], [124.17336790700007, 7.882765204000064], [124.17495185100007, 7.882466668000063], [124.17580291700004, 7.884541803000046]]]}}, {"type": "Feature", "properties": {"province": "Lanao del Sur", "municipality": "Tugaya", "barangay": "Tangcal"}, "geometry": {"type": "Polygon", "coordinates": [[[124.17737369500003, 7.883653283000059], [124.17450397000005, 7.893409602000075], [124.17139159800001, 7.889824535000058], [124.17580291700004, 7.884541803000046], [124.17737369500003, 7.883653283000059]]]}}, {"type": "Feature", "properties": {"province": "Lanao del Sur", "municipality": "Madamba", "barangay": "Balintad"}, "geometry": {"type": "Polygon", "coordinates": [[[124.04523124200013, 7.86302673000006], [124.03995456100007, 7.871458223000046], [124.03060753200009, 7.867447227000069], [124.0315956940001, 7.865550319000023], [124.03694679900002, 7.852999175000037], [124.04857024900002, 7.857776653000029], [124.04523124200013, 7.86302673000006]]]}}, {"type": "Feature", "properties": {"province": "Lanao del Sur", "municipality": "Madamba", "barangay": "Balagunun"}, "geometry": {"type": "Polygon", "coordinates": [[[124.09162387700009, 7.848307058000046], [124.07005008700004, 7.854634100000056], [124.06365705100006, 7.852582879000066], [124.0608729610001, 7.836904034000042], [124.07437616700008, 7.83604109700002], [124.09162387700009, 7.848307058000046]]]}}, {"type": "Feature", "properties": {"province": "Lanao del Sur", "municipality": "Madamba", "barangay": "Bawang"}, "geometry": {"type": "Polygon", "coordinates": [[[124.07142169400005, 7.896275946000061], [124.05693171400004, 7.903913228000022], [124.02254851600003, 7.879126097000036], [124.03060753200009, 7.867447227000069], [124.03995456100007, 7.871458223000046], [124.07142169400005, 7.896275946000061]]]}}, {"type": "Feature", "properties": {"province": "Lanao del Sur", "municipality": "Madamba", "barangay": "Biabe"}, "geometry": {"type": "Polygon", "coordinates": [[[124.064826593, 7.869588014000043], [124.06095691400003, 7.873121689000071], [124.05428072200006, 7.86872163000004], [124.06199564500002, 7.860240460000057], [124.06733117800002, 7.863916531000028], [124.06974745500008, 7.865102891000049], [124.064826593, 7.869588014000043]]]}}, {"type": "Feature", "properties": {"province": "Lanao del Sur", "municipality": "Madamba", "barangay": "Bubong Uyaan"}, "geometry": {"type": "Polygon", "coordinates": [[[124.07890582400013, 7.859224582000023], [124.06733117800002, 7.863916531000028], [124.06199564500002, 7.860240460000057], [124.0536676820001, 7.855764736000026], [124.03885871200009, 7.848099284000057], [124.06365705100006, 7.852582879000066], [124.07005008700004, 7.854634100000056], [124.07890582400013, 7.859224582000023]]]}}, {"type": "Feature", "properties": {"province": "Lanao del Sur", "municipality": "Madamba", "barangay": "Cabasaran"}, "geometry": {"type": "Polygon", "coordinates": [[[124.11141492900003, 7.832948098000031], [124.10707532600009, 7.835288991000027], [124.10039066600007, 7.83172643900002], [124.1106269510001, 7.829484578000065], [124.11141492900003, 7.832948098000031]]]}}, {"type": "Feature", "properties": {"province": "Lanao del Sur", "municipality": "Madamba", "barangay": "Dibarusan"}, "geometry": {"type": "Polygon", "coordinates": [[[124.08992224100008, 7.864637454000047], [124.08296539200012, 7.86784953100005], [124.06974745500008, 7.865102891000049], [124.06733117800002, 7.863916531000028], [124.07890582400013, 7.859224582000023], [124.08992224100008, 7.864637454000047]]]}}, {"type": "Feature", "properties": {"province": "Lanao del Sur", "municipality": "Madamba", "barangay": "Lakitan"}, "geometry": {"type": "Polygon", "coordinates": [[[124.11456951600007, 7.84009733700003], [124.10401597900011, 7.849524984000027], [124.10277231400003, 7.846909765000022], [124.10703890200013, 7.842738331000019], [124.11456951600007, 7.84009733700003]]]}}, {"type": "Feature", "properties": {"province": "Lanao del Sur", "municipality": "Madamba", "barangay": "Liangan"}, "geometry": {"type": "Polygon", "coordinates": [[[124.03694679900002, 7.852999175000037], [124.0315956940001, 7.865550319000023], [123.98184087000004, 7.858212438000066], [124.03445518300009, 7.842360168000027], [124.03885871200009, 7.848099284000057], [124.03694679900002, 7.852999175000037]]]}}, {"type": "Feature", "properties": {"province": "Lanao del Sur", "municipality": "Madamba", "barangay": "Linuk"}, "geometry": {"type": "Polygon", "coordinates": [[[124.11491604700007, 7.831012638000058], [124.11141492900003, 7.832948098000031], [124.1106269510001, 7.829484578000065], [124.11591932600004, 7.828388182000028], [124.11491604700007, 7.831012638000058]]]}}, {"type": "Feature", "properties": {"province": "Lanao del Sur", "municipality": "Madamba", "barangay": "Lumbaca Ingud"}, "geometry": {"type": "Polygon", "coordinates": [[[124.10703890200013, 7.842738331000019], [124.10277231400003, 7.846909765000022], [124.10063691100002, 7.843980049000039], [124.09616846200005, 7.834344819000021], [124.10039066600007, 7.83172643900002], [124.10707532600009, 7.835288991000027], [124.10544702400011, 7.840909016000067], [124.10703890200013, 7.842738331000019]]]}}, {"type": "Feature", "properties": {"province": "Lanao del Sur", "municipality": "Madamba", "barangay": "Palao"}, "geometry": {"type": "Polygon", "coordinates": [[[124.0608729610001, 7.836904034000042], [124.06365705100006, 7.852582879000066], [124.03885871200009, 7.848099284000057], [124.03445518300009, 7.842360168000027], [124.0608729610001, 7.836904034000042]]]}}, {"type": "Feature", "properties": {"province": "Lanao del Sur", "municipality": "Madamba", "barangay": "Pantaon"}, "geometry": {"type": "Polygon", "coordinates": [[[124.08072205400003, 7.875680806000048], [124.0779408840001, 7.887581085000023], [124.06095691400003, 7.873121689000071], [124.064826593, 7.869588014000043], [124.08072205400003, 7.875680806000048]]]}}, {"type": "Feature", "properties": {"province": "Lanao del Sur", "municipality": "Madamba", "barangay": "Pantar"}, "geometry": {"type": "Polygon", "coordinates": [[[124.10063691100002, 7.843980049000039], [124.09162387700009, 7.848307058000046], [124.07437616700008, 7.83604109700002], [124.09616846200005, 7.834344819000021], [124.10063691100002, 7.843980049000039]]]}}, {"type": "Feature", "properties": {"province": "Lanao del Sur", "municipality": "Madamba", "barangay": "Madamba"}, "geometry": {"type": "Polygon", "coordinates": [[[124.11391148400003, 7.837833065000043], [124.10544702400011, 7.840909016000067], [124.10707532600009, 7.835288991000027], [124.11141492900003, 7.832948098000031], [124.11491604700007, 7.831012638000058], [124.11586232900005, 7.831786334000071], [124.11391148400003, 7.837833065000043]]]}}, {"type": "Feature", "properties": {"province": "Lanao del Sur", "municipality": "Madamba", "barangay": "Punud"}, "geometry": {"type": "Polygon", "coordinates": [[[124.08296539200012, 7.86784953100005], [124.08072205400003, 7.875680806000048], [124.064826593, 7.869588014000043], [124.06974745500008, 7.865102891000049], [124.08296539200012, 7.86784953100005]]]}}, {"type": "Feature", "properties": {"province": "Lanao del Sur", "municipality": "Madamba", "barangay": "Tubaran"}, "geometry": {"type": "Polygon", "coordinates": [[[124.03060753200009, 7.867447227000069], [124.02254851600003, 7.879126097000036], [123.97368923300009, 7.874036868000074], [123.98184087000004, 7.858212438000066], [124.0315956940001, 7.865550319000023], [124.03060753200009, 7.867447227000069]]]}}, {"type": "Feature", "properties": {"province": "Lanao del Sur", "municipality": "Madamba", "barangay": "Tambo"}, "geometry": {"type": "Polygon", "coordinates": [[[124.10401597900011, 7.849524984000027], [124.08992224100008, 7.864637454000047], [124.07890582400013, 7.859224582000023], [124.07005008700004, 7.854634100000056], [124.09162387700009, 7.848307058000046], [124.10063691100002, 7.843980049000039], [124.10277231400003, 7.846909765000022], [124.10401597900011, 7.849524984000027]]]}}, {"type": "Feature", "properties": {"province": "Lanao del Sur", "municipality": "Madamba", "barangay": "Tuca"}, "geometry": {"type": "Polygon", "coordinates": [[[124.11591932600004, 7.828388182000028], [124.11586232900005, 7.831786334000071], [124.11491604700007, 7.831012638000058], [124.11591932600004, 7.828388182000028]]]}}, {"type": "Feature", "properties": {"province": "Lanao del Sur", "municipality": "Madamba", "barangay": "Uyaan Proper"}, "geometry": {"type": "Polygon", "coordinates": [[[124.06199564500002, 7.860240460000057], [124.05428072200006, 7.86872163000004], [124.04523124200013, 7.86302673000006], [124.04857024900002, 7.857776653000029], [124.0536676820001, 7.855764736000026], [124.06199564500002, 7.860240460000057]]]}}, {"type": "Feature", "properties": {"province": "Lanao del Sur", "municipality": "Madamba", "barangay": "Tulay"}, "geometry": {"type": "Polygon", "coordinates": [[[124.0779408840001, 7.887581085000023], [124.07142169400005, 7.896275946000061], [124.03995456100007, 7.871458223000046], [124.04523124200013, 7.86302673000006], [124.05428072200006, 7.86872163000004], [124.06095691400003, 7.873121689000071], [124.0779408840001, 7.887581085000023]]]}}, {"type": "Feature", "properties": {"province": "Lanao del Sur", "municipality": "Madamba", "barangay": "Ilian"}, "geometry": {"type": "Polygon", "coordinates": [[[124.05693171400004, 7.903913228000022], [123.97368923300009, 7.874036868000074], [124.02254851600003, 7.879126097000036], [124.05693171400004, 7.903913228000022]]]}}, {"type": "Feature", "properties": {"province": "Lanao del Sur", "municipality": "Madamba", "barangay": "Pagayonan"}, "geometry": {"type": "Polygon", "coordinates": [[[124.0536676820001, 7.855764736000026], [124.04857024900002, 7.857776653000029], [124.03694679900002, 7.852999175000037], [124.03885871200009, 7.848099284000057], [124.0536676820001, 7.855764736000026]]]}}, {"type": "Feature", "properties": {"province": "Lanao del Sur", "municipality": "Madamba", "barangay": "Pangadapan"}, "geometry": {"type": "Polygon", "coordinates": [[[124.11456951600007, 7.84009733700003], [124.10703890200013, 7.842738331000019], [124.10544702400011, 7.840909016000067], [124.11391148400003, 7.837833065000043], [124.11456951600007, 7.84009733700003]]]}}, {"type": "Feature", "properties": {"province": "Lanao del Sur", "municipality": "Madalum", "barangay": "Abaga"}, "geometry": {"type": "Polygon", "coordinates": [[[124.11375227100007, 7.874957701000028], [124.09993221700006, 7.876336089000064], [124.09727989500004, 7.87410409800003], [124.101562768, 7.86640200200003], [124.11251541600008, 7.866831064000053], [124.11375227100007, 7.874957701000028]]]}}, {"type": "Feature", "properties": {"province": "Lanao del Sur", "municipality": "Madalum", "barangay": "Bagoaingud"}, "geometry": {"type": "Polygon", "coordinates": [[[124.08794479700009, 7.884777285000041], [124.08818202700002, 7.89378392200007], [124.07910039300009, 7.891908049000049], [124.07708071200011, 7.882849742000075], [124.08794479700009, 7.884777285000041]]]}}, {"type": "Feature", "properties": {"province": "Lanao del Sur", "municipality": "Madalum", "barangay": "Basak"}, "geometry": {"type": "Polygon", "coordinates": [[[124.0854466390001, 7.901267815000039], [124.07702624100011, 7.903689978000047], [124.08818202700002, 7.89378392200007], [124.09135431400011, 7.894121684000023], [124.10538594900005, 7.893494055000077], [124.10712421300003, 7.897416688000021], [124.0854466390001, 7.901267815000039]]]}}, {"type": "Feature", "properties": {"province": "Lanao del Sur", "municipality": "Madalum", "barangay": "Bato"}, "geometry": {"type": "Polygon", "coordinates": [[[124.12302078300002, 7.856485915000065], [124.12129222900012, 7.860066252000022], [124.11904986500008, 7.859187185000053], [124.12128825, 7.855041485000071], [124.12302078300002, 7.856485915000065]]]}}, {"type": "Feature", "properties": {"province": "Lanao del Sur", "municipality": "Madalum", "barangay": "Bubong"}, "geometry": {"type": "Polygon", "coordinates": [[[124.09234778900009, 7.867905061000044], [124.09175849500002, 7.868587038000045], [124.0899155190001, 7.864862768000025], [124.09380540800011, 7.857512327000053], [124.10191515500004, 7.85924978600002], [124.101697359, 7.862418640000043], [124.09234778900009, 7.867905061000044]]]}}, {"type": "Feature", "properties": {"province": "Lanao del Sur", "municipality": "Madalum", "barangay": "Kormatan"}, "geometry": {"type": "Polygon", "coordinates": [[[124.12379761200009, 7.855028462000063], [124.12302078300002, 7.856485915000065], [124.12128825, 7.855041485000071], [124.12296233600013, 7.853474511000059], [124.12379761200009, 7.855028462000063]]]}}, {"type": "Feature", "properties": {"province": "Lanao del Sur", "municipality": "Madalum", "barangay": "Dandamun"}, "geometry": {"type": "Polygon", "coordinates": [[[124.12379761200009, 7.855028462000063], [124.12398963700002, 7.861456617000045], [124.12129222900012, 7.860066252000022], [124.12302078300002, 7.856485915000065], [124.12379761200009, 7.855028462000063]]]}}, {"type": "Feature", "properties": {"province": "Lanao del Sur", "municipality": "Madalum", "barangay": "Diampaca"}, "geometry": {"type": "Polygon", "coordinates": [[[124.09993221700006, 7.876336089000064], [124.0946219980001, 7.880584999000063], [124.08852472700005, 7.879208728000037], [124.09081015200002, 7.875755928000046], [124.0946797780001, 7.870007158000019], [124.09727989500004, 7.87410409800003], [124.09993221700006, 7.876336089000064]]]}}, {"type": "Feature", "properties": {"province": "Lanao del Sur", "municipality": "Madalum", "barangay": "Dibarosan"}, "geometry": {"type": "Polygon", "coordinates": [[[124.08769973000005, 7.873769315000061], [124.08276604700006, 7.879240103000027], [124.08006810800009, 7.878750748000073], [124.0899155190001, 7.864862768000025], [124.09175849500002, 7.868587038000045], [124.08769973000005, 7.873769315000061]]]}}, {"type": "Feature", "properties": {"province": "Lanao del Sur", "municipality": "Madalum", "barangay": "Delausan"}, "geometry": {"type": "Polygon", "coordinates": [[[124.11244367600011, 7.857481961000077], [124.10519943000008, 7.861706683000021], [124.11218139900006, 7.851570538000031], [124.11473549400013, 7.851798659000053], [124.11244367600011, 7.857481961000077]]]}}, {"type": "Feature", "properties": {"province": "Lanao del Sur", "municipality": "Madalum", "barangay": "Gadongan"}, "geometry": {"type": "Polygon", "coordinates": [[[124.08852472700005, 7.879208728000037], [124.08809952900003, 7.880285787000048], [124.08276604700006, 7.879240103000027], [124.08769973000005, 7.873769315000061], [124.09081015200002, 7.875755928000046], [124.08852472700005, 7.879208728000037]]]}}, {"type": "Feature", "properties": {"province": "Lanao del Sur", "municipality": "Madalum", "barangay": "Gurain"}, "geometry": {"type": "Polygon", "coordinates": [[[124.1058913920001, 7.888740050000022], [124.09422371700009, 7.889305603000023], [124.09355202600011, 7.883930412000039], [124.10969221000006, 7.883775537000076], [124.1058913920001, 7.888740050000022]]]}}, {"type": "Feature", "properties": {"province": "Lanao del Sur", "municipality": "Madalum", "barangay": "Cabasaran"}, "geometry": {"type": "Polygon", "coordinates": [[[124.07476255500002, 7.951460031000066], [124.07149296000011, 7.959699410000043], [124.03081920000012, 7.952898652000045], [124.04128190300003, 7.932676208000033], [124.05619125600005, 7.941128111000067], [124.07476255500002, 7.951460031000066]]]}}, {"type": "Feature", "properties": {"province": "Lanao del Sur", "municipality": "Madalum", "barangay": "Cadayonan"}, "geometry": {"type": "Polygon", "coordinates": [[[124.101562768, 7.86640200200003], [124.09727989500004, 7.87410409800003], [124.0946797780001, 7.870007158000019], [124.09234778900009, 7.867905061000044], [124.101697359, 7.862418640000043], [124.10160653800007, 7.866021389000027], [124.101562768, 7.86640200200003]]]}}, {"type": "Feature", "properties": {"province": "Lanao del Sur", "municipality": "Madalum", "barangay": "Liangan I"}, "geometry": {"type": "Polygon", "coordinates": [[[124.10538594900005, 7.893494055000077], [124.09135431400011, 7.894121684000023], [124.09422371700009, 7.889305603000023], [124.1058913920001, 7.888740050000022], [124.10538594900005, 7.893494055000077]]]}}, {"type": "Feature", "properties": {"province": "Lanao del Sur", "municipality": "Madalum", "barangay": "Lilitun"}, "geometry": {"type": "Polygon", "coordinates": [[[124.07702624100011, 7.903689978000047], [124.05142902900002, 7.907537648000072], [124.07910039300009, 7.891908049000049], [124.08818202700002, 7.89378392200007], [124.07702624100011, 7.903689978000047]]]}}, {"type": "Feature", "properties": {"province": "Lanao del Sur", "municipality": "Madalum", "barangay": "Linao"}, "geometry": {"type": "Polygon", "coordinates": [[[124.1212138510001, 7.852819092000062], [124.11815237300004, 7.858983241000033], [124.11734037100008, 7.858775644000046], [124.1207837610001, 7.852526613000066], [124.1212138510001, 7.852819092000062]]]}}, {"type": "Feature", "properties": {"province": "Lanao del Sur", "municipality": "Madalum", "barangay": "Linuk"}, "geometry": {"type": "Polygon", "coordinates": [[[124.10519943000008, 7.861706683000021], [124.10160653800007, 7.866021389000027], [124.101697359, 7.862418640000043], [124.10191515500004, 7.85924978600002], [124.10429301800002, 7.85369154500006], [124.1102490290001, 7.850283268000057], [124.11218139900006, 7.851570538000031], [124.10519943000008, 7.861706683000021]]]}}, {"type": "Feature", "properties": {"province": "Lanao del Sur", "municipality": "Madalum", "barangay": "Madaya"}, "geometry": {"type": "Polygon", "coordinates": [[[124.12398963700002, 7.861456617000045], [124.11412530500002, 7.877393459000076], [124.11375227100007, 7.874957701000028], [124.11251541600008, 7.866831064000053], [124.11904986500008, 7.859187185000053], [124.12129222900012, 7.860066252000022], [124.12398963700002, 7.861456617000045]]]}}, {"type": "Feature", "properties": {"province": "Lanao del Sur", "municipality": "Madalum", "barangay": "Pagayawan"}, "geometry": {"type": "Polygon", "coordinates": [[[124.0946797780001, 7.870007158000019], [124.09081015200002, 7.875755928000046], [124.08769973000005, 7.873769315000061], [124.09175849500002, 7.868587038000045], [124.09234778900009, 7.867905061000044], [124.0946797780001, 7.870007158000019]]]}}, {"type": "Feature", "properties": {"province": "Lanao del Sur", "municipality": "Madalum", "barangay": "Poblacion"}, "geometry": {"type": "Polygon", "coordinates": [[[124.11813721600005, 7.853800455000055], [124.11556130200007, 7.858329664000051], [124.11244367600011, 7.857481961000077], [124.11473549400013, 7.851798659000053], [124.11752483700003, 7.851369311000042], [124.11813721600005, 7.853800455000055]]]}}, {"type": "Feature", "properties": {"province": "Lanao del Sur", "municipality": "Madalum", "barangay": "Punud"}, "geometry": {"type": "Polygon", "coordinates": [[[124.10712421300003, 7.897416688000021], [124.09577995200006, 7.931956739000042], [124.08516882300012, 7.923836330000027], [124.07769000500002, 7.91810472000003], [124.0854466390001, 7.901267815000039], [124.10712421300003, 7.897416688000021]]]}}, {"type": "Feature", "properties": {"province": "Lanao del Sur", "municipality": "Madalum", "barangay": "Raya"}, "geometry": {"type": "Polygon", "coordinates": [[[124.08516882300012, 7.923836330000027], [124.07476255500002, 7.951460031000066], [124.05619125600005, 7.941128111000067], [124.07069116400008, 7.917750152000053], [124.07769000500002, 7.91810472000003], [124.08516882300012, 7.923836330000027]]]}}, {"type": "Feature", "properties": {"province": "Lanao del Sur", "municipality": "Madalum", "barangay": "Riray"}, "geometry": {"type": "Polygon", "coordinates": [[[124.07069116400008, 7.917750152000053], [124.05619125600005, 7.941128111000067], [124.04128190300003, 7.932676208000033], [124.02875172400002, 7.923057714000036], [124.04015882700003, 7.916030284000044], [124.07069116400008, 7.917750152000053]]]}}, {"type": "Feature", "properties": {"province": "Lanao del Sur", "municipality": "Madalum", "barangay": "Sabanding"}, "geometry": {"type": "Polygon", "coordinates": [[[124.08809952900003, 7.880285787000048], [124.08794479700009, 7.884777285000041], [124.07708071200011, 7.882849742000075], [124.08006810800009, 7.878750748000073], [124.08276604700006, 7.879240103000027], [124.08809952900003, 7.880285787000048]]]}}, {"type": "Feature", "properties": {"province": "Lanao del Sur", "municipality": "Madalum", "barangay": "Salongabanding"}, "geometry": {"type": "Polygon", "coordinates": [[[124.10969221000006, 7.883775537000076], [124.09355202600011, 7.883930412000039], [124.0946219980001, 7.880584999000063], [124.09993221700006, 7.876336089000064], [124.11375227100007, 7.874957701000028], [124.11412530500002, 7.877393459000076], [124.10969221000006, 7.883775537000076]]]}}, {"type": "Feature", "properties": {"province": "Lanao del Sur", "municipality": "Madalum", "barangay": "Sugod"}, "geometry": {"type": "Polygon", "coordinates": [[[124.1102490290001, 7.850283268000057], [124.10429301800002, 7.85369154500006], [124.10157666100008, 7.850463980000027], [124.1102490290001, 7.850283268000057]]]}}, {"type": "Feature", "properties": {"province": "Lanao del Sur", "municipality": "Madalum", "barangay": "Tongantongan"}, "geometry": {"type": "Polygon", "coordinates": [[[124.09577995200006, 7.931956739000042], [124.07950346700012, 7.96115437900005], [124.07149296000011, 7.959699410000043], [124.07476255500002, 7.951460031000066], [124.08516882300012, 7.923836330000027], [124.09577995200006, 7.931956739000042]]]}}, {"type": "Feature", "properties": {"province": "Lanao del Sur", "municipality": "Madalum", "barangay": "Udangun"}, "geometry": {"type": "Polygon", "coordinates": [[[124.0854466390001, 7.901267815000039], [124.07769000500002, 7.91810472000003], [124.07069116400008, 7.917750152000053], [124.04015882700003, 7.916030284000044], [124.05142902900002, 7.907537648000072], [124.07702624100011, 7.903689978000047], [124.0854466390001, 7.901267815000039]]]}}, {"type": "Feature", "properties": {"province": "Lanao del Sur", "municipality": "Madalum", "barangay": "Liangan"}, "geometry": {"type": "Polygon", "coordinates": [[[124.09422371700009, 7.889305603000023], [124.09135431400011, 7.894121684000023], [124.08818202700002, 7.89378392200007], [124.08794479700009, 7.884777285000041], [124.08809952900003, 7.880285787000048], [124.08852472700005, 7.879208728000037], [124.0946219980001, 7.880584999000063], [124.09355202600011, 7.883930412000039], [124.09422371700009, 7.889305603000023]]]}}, {"type": "Feature", "properties": {"province": "Lanao del Sur", "municipality": "Madalum", "barangay": "Lumbac"}, "geometry": {"type": "Polygon", "coordinates": [[[124.1207837610001, 7.852526613000066], [124.11734037100008, 7.858775644000046], [124.11556130200007, 7.858329664000051], [124.11813721600005, 7.853800455000055], [124.1200266640001, 7.851536162000058], [124.1207837610001, 7.852526613000066]]]}}, {"type": "Feature", "properties": {"province": "Lanao del Sur", "municipality": "Madalum", "barangay": "Paridi-Kalimodan"}, "geometry": {"type": "Polygon", "coordinates": [[[124.12128825, 7.855041485000071], [124.11904986500008, 7.859187185000053], [124.11815237300004, 7.858983241000033], [124.1212138510001, 7.852819092000062], [124.12296233600013, 7.853474511000059], [124.12128825, 7.855041485000071]]]}}, {"type": "Feature", "properties": {"province": "Lanao del Sur", "municipality": "Madalum", "barangay": "Racotan"}, "geometry": {"type": "Polygon", "coordinates": [[[124.11904986500008, 7.859187185000053], [124.11251541600008, 7.866831064000053], [124.101562768, 7.86640200200003], [124.10160653800007, 7.866021389000027], [124.10519943000008, 7.861706683000021], [124.11244367600011, 7.857481961000077], [124.11556130200007, 7.858329664000051], [124.11734037100008, 7.858775644000046], [124.11815237300004, 7.858983241000033], [124.11904986500008, 7.859187185000053]]]}}, {"type": "Feature", "properties": {"province": "Lanao del Sur", "municipality": "Madalum", "barangay": "Bacayawan"}, "geometry": {"type": "Polygon", "coordinates": [[[124.04128190300003, 7.932676208000033], [124.03081920000012, 7.952898652000045], [124.02875172400002, 7.923057714000036], [124.04128190300003, 7.932676208000033]]]}}, {"type": "Feature", "properties": {"province": "Lanao del Sur", "municipality": "Madalum", "barangay": "Padian Torogan I"}, "geometry": {"type": "Polygon", "coordinates": [[[124.1200266640001, 7.851536162000058], [124.11813721600005, 7.853800455000055], [124.11752483700003, 7.851369311000042], [124.1200266640001, 7.851536162000058]]]}}, {"type": "Feature", "properties": {"province": "Lanao del Sur", "municipality": "Madalum", "barangay": "Sogod Kaloy"}, "geometry": {"type": "Polygon", "coordinates": [[[124.10429301800002, 7.85369154500006], [124.10191515500004, 7.85924978600002], [124.09380540800011, 7.857512327000053], [124.10157666100008, 7.850463980000027], [124.10429301800002, 7.85369154500006]]]}}, {"type": "Feature", "properties": {"province": "Lanao del Sur", "municipality": "Picong", "barangay": "Anas"}, "geometry": {"type": "Polygon", "coordinates": [[[124.02295774700006, 7.750628832000075], [124.01384476100007, 7.763297424000029], [123.99658466200005, 7.763499486000057], [124.00162475900004, 7.742659211000047], [124.00463473400009, 7.725622728000077], [124.00782665100007, 7.709716832000024], [124.01111212400008, 7.690533108000069], [124.0325372320001, 7.690437975000065], [124.02967788, 7.735772934000069], [124.02295774700006, 7.750628832000075]]]}}, {"type": "Feature", "properties": {"province": "Lanao del Sur", "municipality": "Picong", "barangay": "Bara-as"}, "geometry": {"type": "Polygon", "coordinates": [[[124.01833707400009, 7.640953668000066], [124.03398025700005, 7.627112019000037], [124.04824812100004, 7.689474341000049], [124.03929341000003, 7.737657074000025], [124.02295774700006, 7.750628832000075], [124.02967788, 7.735772934000069], [124.0325372320001, 7.690437975000065], [124.03396985300002, 7.67394806400006], [124.02842505600005, 7.65032767400004], [124.01833707400009, 7.640953668000066]]]}}, {"type": "Feature", "properties": {"province": "Lanao del Sur", "municipality": "Picong", "barangay": "Biasong (Badak)"}, "geometry": {"type": "Polygon", "coordinates": [[[123.9403307550001, 7.724809614000036], [123.90294426500009, 7.729355503000024], [123.9008438730001, 7.690743978000057], [123.92420966600004, 7.688252745000057], [123.9403307550001, 7.724809614000036]]]}}, {"type": "Feature", "properties": {"province": "Lanao del Sur", "municipality": "Picong", "barangay": "Bulangos"}, "geometry": {"type": "Polygon", "coordinates": [[[124.00782665100007, 7.709716832000024], [124.00463473400009, 7.725622728000077], [123.9994880910001, 7.722898849000046], [123.98431720400004, 7.669244740000067], [123.97947897100006, 7.664526267000039], [123.98574585400002, 7.652043844000046], [123.99430715900009, 7.665896837000048], [124.00782665100007, 7.709716832000024]]]}}, {"type": "Feature", "properties": {"province": "Lanao del Sur", "municipality": "Picong", "barangay": "Durian"}, "geometry": {"type": "Polygon", "coordinates": [[[124.01111212400008, 7.690533108000069], [124.00782665100007, 7.709716832000024], [123.99430715900009, 7.665896837000048], [123.98574585400002, 7.652043844000046], [123.98301847200004, 7.644817142000022], [123.99348338900006, 7.645187210000074], [124.01111212400008, 7.690533108000069]]]}}, {"type": "Feature", "properties": {"province": "Lanao del Sur", "municipality": "Picong", "barangay": "Ilian"}, "geometry": {"type": "Polygon", "coordinates": [[[123.97947897100006, 7.664526267000039], [123.98431720400004, 7.669244740000067], [123.9994880910001, 7.722898849000046], [123.98527765200005, 7.714631832000063], [123.97499428100002, 7.686336683000037], [123.9746327250001, 7.668397346000062], [123.97482483600004, 7.667792889000054], [123.97947897100006, 7.664526267000039]]]}}, {"type": "Feature", "properties": {"province": "Lanao del Sur", "municipality": "Picong", "barangay": "Liangan (Poblacion)"}, "geometry": {"type": "Polygon", "coordinates": [[[123.9553125880001, 7.723820379000074], [123.9403307550001, 7.724809614000036], [123.92420966600004, 7.688252745000057], [123.93975556000011, 7.680015224000044], [123.9553125880001, 7.723820379000074]]]}}, {"type": "Feature", "properties": {"province": "Lanao del Sur", "municipality": "Picong", "barangay": "Maganding"}, "geometry": {"type": "Polygon", "coordinates": [[[123.90294426500009, 7.729355503000024], [123.87027291100003, 7.738132882000057], [123.87178634500003, 7.700035313000056], [123.9008438730001, 7.690743978000057], [123.90294426500009, 7.729355503000024]]]}}, {"type": "Feature", "properties": {"province": "Lanao del Sur", "municipality": "Picong", "barangay": "Mapantao"}, "geometry": {"type": "Polygon", "coordinates": [[[124.02019553200012, 7.673302621000061], [124.0139386420001, 7.672629170000051], [124.00466639500009, 7.642726014000059], [124.01196114900007, 7.647780292000048], [124.02019553200012, 7.673302621000061]]]}}, {"type": "Feature", "properties": {"province": "Lanao del Sur", "municipality": "Picong", "barangay": "Micalubo"}, "geometry": {"type": "Polygon", "coordinates": [[[123.87178634500003, 7.700035313000056], [123.87027291100003, 7.738132882000057], [123.85096914700011, 7.735201919000074], [123.87178634500003, 7.700035313000056]]]}}, {"type": "Feature", "properties": {"province": "Lanao del Sur", "municipality": "Picong", "barangay": "Mimbalawag"}, "geometry": {"type": "Polygon", "coordinates": [[[124.0325372320001, 7.690437975000065], [124.01111212400008, 7.690533108000069], [124.0139386420001, 7.672629170000051], [124.02019553200012, 7.673302621000061], [124.03396985300002, 7.67394806400006], [124.0325372320001, 7.690437975000065]]]}}, {"type": "Feature", "properties": {"province": "Lanao del Sur", "municipality": "Picong", "barangay": "Pindolonan"}, "geometry": {"type": "Polygon", "coordinates": [[[123.9627559820001, 7.697482439000053], [123.95932336000011, 7.724984796000059], [123.9553125880001, 7.723820379000074], [123.93975556000011, 7.680015224000044], [123.94559693100007, 7.677243038000031], [123.9627559820001, 7.697482439000053]]]}}, {"type": "Feature", "properties": {"province": "Lanao del Sur", "municipality": "Picong", "barangay": "Punong"}, "geometry": {"type": "Polygon", "coordinates": [[[124.01833707400009, 7.640953668000066], [124.02842505600005, 7.65032767400004], [124.03396985300002, 7.67394806400006], [124.02019553200012, 7.673302621000061], [124.01196114900007, 7.647780292000048], [124.01833707400009, 7.640953668000066]]]}}, {"type": "Feature", "properties": {"province": "Lanao del Sur", "municipality": "Picong", "barangay": "Ramitan"}, "geometry": {"type": "Polygon", "coordinates": [[[124.0139386420001, 7.672629170000051], [124.01111212400008, 7.690533108000069], [123.99348338900006, 7.645187210000074], [124.00466639500009, 7.642726014000059], [124.0139386420001, 7.672629170000051]]]}}, {"type": "Feature", "properties": {"province": "Lanao del Sur", "municipality": "Picong", "barangay": "Torogan"}, "geometry": {"type": "Polygon", "coordinates": [[[124.00463473400009, 7.725622728000077], [124.00162475900004, 7.742659211000047], [123.95932336000011, 7.724984796000059], [123.9627559820001, 7.697482439000053], [123.97358011200004, 7.708082903000046], [123.97922645900009, 7.711082422000061], [123.98527765200005, 7.714631832000063], [123.9994880910001, 7.722898849000046], [124.00463473400009, 7.725622728000077]]]}}, {"type": "Feature", "properties": {"province": "Lanao del Sur", "municipality": "Picong", "barangay": "Tual"}, "geometry": {"type": "Polygon", "coordinates": [[[123.9746327250001, 7.668397346000062], [123.97499428100002, 7.686336683000037], [123.98527765200005, 7.714631832000063], [123.97922645900009, 7.711082422000061], [123.96850961400003, 7.666165371000032], [123.9746327250001, 7.668397346000062]]]}}, {"type": "Feature", "properties": {"province": "Lanao del Sur", "municipality": "Picong", "barangay": "Tuca"}, "geometry": {"type": "Polygon", "coordinates": [[[123.97482483600004, 7.667792889000054], [123.98301847200004, 7.644817142000022], [123.98574585400002, 7.652043844000046], [123.97947897100006, 7.664526267000039], [123.97482483600004, 7.667792889000054]]]}}, {"type": "Feature", "properties": {"province": "Lanao del Sur", "municipality": "Picong", "barangay": "Ubanoban"}, "geometry": {"type": "Polygon", "coordinates": [[[123.95240492900007, 7.673919570000068], [123.97358011200004, 7.708082903000046], [123.9627559820001, 7.697482439000053], [123.94559693100007, 7.677243038000031], [123.95240492900007, 7.673919570000068]]]}}, {"type": "Feature", "properties": {"province": "Lanao del Sur", "municipality": "Malabang", "barangay": "Bacayawan"}, "geometry": {"type": "Polygon", "coordinates": [[[124.07497495300005, 7.599477092000029], [124.07256875400002, 7.598534455000047], [124.07216035200008, 7.596316051000031], [124.0727839760001, 7.595529542000063], [124.07497495300005, 7.599477092000029]]]}}, {"type": "Feature", "properties": {"province": "Lanao del Sur", "municipality": "Malabang", "barangay": "Badak Lumao"}, "geometry": {"type": "Polygon", "coordinates": [[[124.04582120900011, 7.635860757000044], [124.04010137600005, 7.638426174000074], [124.03961393200007, 7.618295024000077], [124.05719752600008, 7.629123999000059], [124.05322012600004, 7.632424040000044], [124.04582120900011, 7.635860757000044]]]}}, {"type": "Feature", "properties": {"province": "Lanao del Sur", "municipality": "Malabang", "barangay": "Bagoaingud"}, "geometry": {"type": "Polygon", "coordinates": [[[124.08111082400002, 7.588920009000049], [124.07246551800006, 7.589835585000058], [124.07216174900009, 7.58735075900006], [124.07178100700003, 7.583441667000046], [124.07549496700005, 7.58272075900004], [124.08113820200005, 7.582504220000035], [124.08111082400002, 7.588920009000049]]]}}, {"type": "Feature", "properties": {"province": "Lanao del Sur", "municipality": "Malabang", "barangay": "Banday"}, "geometry": {"type": "Polygon", "coordinates": [[[124.07160579900004, 7.59564859900007], [124.06969614800005, 7.59543588100007], [124.06972999800006, 7.59301857300005], [124.07067630600011, 7.592726001000073], [124.07160579900004, 7.59564859900007]]]}}, {"type": "Feature", "properties": {"province": "Lanao del Sur", "municipality": "Malabang", "barangay": "Betayan"}, "geometry": {"type": "Polygon", "coordinates": [[[124.10256300800006, 7.619518792000063], [124.09703784300007, 7.619951059000072], [124.08879502500008, 7.599992359000056], [124.118932, 7.603984118000028], [124.10256300800006, 7.619518792000063]]]}}, {"type": "Feature", "properties": {"province": "Lanao del Sur", "municipality": "Malabang", "barangay": "Boniga"}, "geometry": {"type": "Polygon", "coordinates": [[[124.06004326100005, 7.625572337000049], [124.05719752600008, 7.629123999000059], [124.03961393200007, 7.618295024000077], [124.04471154400007, 7.607472160000044], [124.05974706600011, 7.61332741700005], [124.06004326100005, 7.625572337000049]]]}}, {"type": "Feature", "properties": {"province": "Lanao del Sur", "municipality": "Malabang", "barangay": "BPS Village"}, "geometry": {"type": "Polygon", "coordinates": [[[124.07067630600011, 7.592726001000073], [124.06972999800006, 7.59301857300005], [124.06980031200008, 7.592919408000058], [124.07246551800006, 7.589835585000058], [124.08111082400002, 7.588920009000049], [124.08143861600001, 7.591772777000074], [124.07616020600005, 7.592146289000026], [124.07067630600011, 7.592726001000073]]]}}, {"type": "Feature", "properties": {"province": "Lanao del Sur", "municipality": "Malabang", "barangay": "Bunk House"}, "geometry": {"type": "Polygon", "coordinates": [[[124.06967215000009, 7.586346013000024], [124.06792796600007, 7.589017757000022], [124.06737657700012, 7.588695607000034], [124.06308892200002, 7.586683565000045], [124.06549566000002, 7.584416405000069], [124.06967215000009, 7.586346013000024]]]}}, {"type": "Feature", "properties": {"province": "Lanao del Sur", "municipality": "Malabang", "barangay": "Cabasaran (South)"}, "geometry": {"type": "Polygon", "coordinates": [[[124.08330445100012, 7.623364014000062], [124.07121850200008, 7.62237718800003], [124.06534341300006, 7.60463062200006], [124.07256875400002, 7.598534455000047], [124.07497495300005, 7.599477092000029], [124.07648298000004, 7.600068657000067], [124.08330445100012, 7.623364014000062]]]}}, {"type": "Feature", "properties": {"province": "Lanao del Sur", "municipality": "Malabang", "barangay": "Calibagat"}, "geometry": {"type": "Polygon", "coordinates": [[[124.05844500700005, 7.659145021000032], [124.05868082100005, 7.691119666000076], [124.0478990470001, 7.714794042000052], [124.0418251530001, 7.750976902000049], [124.03929341000003, 7.737657074000025], [124.04824812100004, 7.689474341000049], [124.04010137600005, 7.638426174000074], [124.04582120900011, 7.635860757000044], [124.05400725900006, 7.649285349000024], [124.05844500700005, 7.659145021000032]]]}}, {"type": "Feature", "properties": {"province": "Lanao del Sur", "municipality": "Malabang", "barangay": "Calumbog"}, "geometry": {"type": "Polygon", "coordinates": [[[124.11310346800006, 7.574760319000061], [124.12409844200012, 7.598292477000026], [124.09415293000006, 7.590873428000065], [124.11310346800006, 7.574760319000061]]]}}, {"type": "Feature", "properties": {"province": "Lanao del Sur", "municipality": "Malabang", "barangay": "Campo Muslim"}, "geometry": {"type": "Polygon", "coordinates": [[[124.0727839760001, 7.595529542000063], [124.07216035200008, 7.596316051000031], [124.07160579900004, 7.59564859900007], [124.07067630600011, 7.592726001000073], [124.07616020600005, 7.592146289000026], [124.07613568800004, 7.593192868000075], [124.0727839760001, 7.595529542000063]]]}}, {"type": "Feature", "properties": {"province": "Lanao del Sur", "municipality": "Malabang", "barangay": "China Town (Poblacion)"}, "geometry": {"type": "Polygon", "coordinates": [[[124.06969614800005, 7.59543588100007], [124.06704936200002, 7.592169910000053], [124.06798337200007, 7.592429340000022], [124.06980031200008, 7.592919408000058], [124.06972999800006, 7.59301857300005], [124.06969614800005, 7.59543588100007]]]}}, {"type": "Feature", "properties": {"province": "Lanao del Sur", "municipality": "Malabang", "barangay": "Corahab"}, "geometry": {"type": "Polygon", "coordinates": [[[124.07246551800006, 7.589835585000058], [124.06980031200008, 7.592919408000058], [124.06798337200007, 7.592429340000022], [124.06792796600007, 7.589017757000022], [124.06967215000009, 7.586346013000024], [124.07216174900009, 7.58735075900006], [124.07246551800006, 7.589835585000058]]]}}, {"type": "Feature", "properties": {"province": "Lanao del Sur", "municipality": "Malabang", "barangay": "Diamaro"}, "geometry": {"type": "Polygon", "coordinates": [[[124.09905584900004, 7.55967995700007], [124.08107645000007, 7.574945262000027], [124.07470166900009, 7.570125074000033], [124.09905584900004, 7.55967995700007]]]}}, {"type": "Feature", "properties": {"province": "Lanao del Sur", "municipality": "Malabang", "barangay": "Inandayan"}, "geometry": {"type": "Polygon", "coordinates": [[[124.07438308200007, 7.659891933000041], [124.0418251530001, 7.750976902000049], [124.0478990470001, 7.714794042000052], [124.05868082100005, 7.691119666000076], [124.05844500700005, 7.659145021000032], [124.07384314500005, 7.656734204000031], [124.07438308200007, 7.659891933000041]]]}}, {"type": "Feature", "properties": {"province": "Lanao del Sur", "municipality": "Malabang", "barangay": "Jose Abad Santos"}, "geometry": {"type": "Polygon", "coordinates": [[[124.07650742200009, 7.595510772000071], [124.07648298000004, 7.600068657000067], [124.07497495300005, 7.599477092000029], [124.0727839760001, 7.595529542000063], [124.07613568800004, 7.593192868000075], [124.07650742200009, 7.595510772000071]]]}}, {"type": "Feature", "properties": {"province": "Lanao del Sur", "municipality": "Malabang", "barangay": "Lamin"}, "geometry": {"type": "Polygon", "coordinates": [[[124.06362799300007, 7.647455622000054], [124.05400725900006, 7.649285349000024], [124.04582120900011, 7.635860757000044], [124.05322012600004, 7.632424040000044], [124.06362799300007, 7.647455622000054]]]}}, {"type": "Feature", "properties": {"province": "Lanao del Sur", "municipality": "Malabang", "barangay": "Mable"}, "geometry": {"type": "Polygon", "coordinates": [[[124.07549496700005, 7.58272075900004], [124.07178100700003, 7.583441667000046], [124.06821635500012, 7.581085017000021], [124.07470166900009, 7.570125074000033], [124.08107645000007, 7.574945262000027], [124.07549496700005, 7.58272075900004]]]}}, {"type": "Feature", "properties": {"province": "Lanao del Sur", "municipality": "Malabang", "barangay": "Macuranding"}, "geometry": {"type": "Polygon", "coordinates": [[[124.09703784300007, 7.619951059000072], [124.08330445100012, 7.623364014000062], [124.07648298000004, 7.600068657000067], [124.07650742200009, 7.595510772000071], [124.08879502500008, 7.599992359000056], [124.09703784300007, 7.619951059000072]]]}}, {"type": "Feature", "properties": {"province": "Lanao del Sur", "municipality": "Malabang", "barangay": "Madaya"}, "geometry": {"type": "Polygon", "coordinates": [[[124.06534341300006, 7.60463062200006], [124.05974706600011, 7.61332741700005], [124.04471154400007, 7.607472160000044], [124.04841730200008, 7.603245735000028], [124.06073131200003, 7.598560546000043], [124.06534341300006, 7.60463062200006]]]}}, {"type": "Feature", "properties": {"province": "Lanao del Sur", "municipality": "Malabang", "barangay": "Mananayo"}, "geometry": {"type": "Polygon", "coordinates": [[[124.09160270600013, 7.638102881000064], [124.08894753400011, 7.639811288000032], [124.08230790000003, 7.632694687000026], [124.09160270600013, 7.638102881000064]]]}}, {"type": "Feature", "properties": {"province": "Lanao del Sur", "municipality": "Malabang", "barangay": "Manggahan"}, "geometry": {"type": "Polygon", "coordinates": [[[124.07178100700003, 7.583441667000046], [124.07216174900009, 7.58735075900006], [124.06967215000009, 7.586346013000024], [124.06549566000002, 7.584416405000069], [124.06821635500012, 7.581085017000021], [124.07178100700003, 7.583441667000046]]]}}, {"type": "Feature", "properties": {"province": "Lanao del Sur", "municipality": "Malabang", "barangay": "Masao"}, "geometry": {"type": "Polygon", "coordinates": [[[124.12409844200012, 7.598292477000026], [124.118932, 7.603984118000028], [124.08879502500008, 7.599992359000056], [124.07650742200009, 7.595510772000071], [124.07613568800004, 7.593192868000075], [124.07616020600005, 7.592146289000026], [124.08143861600001, 7.591772777000074], [124.09415293000006, 7.590873428000065], [124.12409844200012, 7.598292477000026]]]}}, {"type": "Feature", "properties": {"province": "Lanao del Sur", "municipality": "Malabang", "barangay": "Matalin"}, "geometry": {"type": "Polygon", "coordinates": [[[124.10256300800006, 7.619518792000063], [124.09160270600013, 7.638102881000064], [124.08230790000003, 7.632694687000026], [124.07730529500009, 7.636132986000064], [124.07239605700009, 7.627599936000022], [124.07121850200008, 7.62237718800003], [124.08330445100012, 7.623364014000062], [124.09703784300007, 7.619951059000072], [124.10256300800006, 7.619518792000063]]]}}, {"type": "Feature", "properties": {"province": "Lanao del Sur", "municipality": "Malabang", "barangay": "Matampay"}, "geometry": {"type": "Polygon", "coordinates": [[[124.07384314500005, 7.656734204000031], [124.05844500700005, 7.659145021000032], [124.05400725900006, 7.649285349000024], [124.06362799300007, 7.647455622000054], [124.07235113800004, 7.645923030000062], [124.07384314500005, 7.656734204000031]]]}}, {"type": "Feature", "properties": {"province": "Lanao del Sur", "municipality": "Malabang", "barangay": "Matling"}, "geometry": {"type": "Polygon", "coordinates": [[[124.07239605700009, 7.627599936000022], [124.06004326100005, 7.625572337000049], [124.05974706600011, 7.61332741700005], [124.06534341300006, 7.60463062200006], [124.07121850200008, 7.62237718800003], [124.07239605700009, 7.627599936000022]]]}}, {"type": "Feature", "properties": {"province": "Lanao del Sur", "municipality": "Malabang", "barangay": "Montay"}, "geometry": {"type": "Polygon", "coordinates": [[[124.07235113800004, 7.645923030000062], [124.06362799300007, 7.647455622000054], [124.05322012600004, 7.632424040000044], [124.05719752600008, 7.629123999000059], [124.07233274900013, 7.645882930000028], [124.07235113800004, 7.645923030000062]]]}}, {"type": "Feature", "properties": {"province": "Lanao del Sur", "municipality": "Malabang", "barangay": "Pasir"}, "geometry": {"type": "Polygon", "coordinates": [[[124.06792796600007, 7.589017757000022], [124.06798337200007, 7.592429340000022], [124.06704936200002, 7.592169910000053], [124.06623122800009, 7.591000353000026], [124.06596466000008, 7.590884351000055], [124.06737657700012, 7.588695607000034], [124.06792796600007, 7.589017757000022]]]}}, {"type": "Feature", "properties": {"province": "Lanao del Sur", "municipality": "Malabang", "barangay": "Pialot"}, "geometry": {"type": "Polygon", "coordinates": [[[124.08260842600008, 7.643379645000038], [124.07233274900013, 7.645882930000028], [124.05719752600008, 7.629123999000059], [124.06004326100005, 7.625572337000049], [124.07239605700009, 7.627599936000022], [124.07730529500009, 7.636132986000064], [124.08260842600008, 7.643379645000038]]]}}, {"type": "Feature", "properties": {"province": "Lanao del Sur", "municipality": "Malabang", "barangay": "Rebocun"}, "geometry": {"type": "Polygon", "coordinates": [[[124.08275558500007, 7.643696650000038], [124.07438308200007, 7.659891933000041], [124.07384314500005, 7.656734204000031], [124.07235113800004, 7.645923030000062], [124.07233274900013, 7.645882930000028], [124.08260842600008, 7.643379645000038], [124.08275558500007, 7.643696650000038]]]}}, {"type": "Feature", "properties": {"province": "Lanao del Sur", "municipality": "Malabang", "barangay": "Sarang"}, "geometry": {"type": "Polygon", "coordinates": [[[124.08894753400011, 7.639811288000032], [124.08275558500007, 7.643696650000038], [124.08260842600008, 7.643379645000038], [124.07730529500009, 7.636132986000064], [124.08230790000003, 7.632694687000026], [124.08894753400011, 7.639811288000032]]]}}, {"type": "Feature", "properties": {"province": "Lanao del Sur", "municipality": "Malabang", "barangay": "Sumbagarogong"}, "geometry": {"type": "Polygon", "coordinates": [[[124.06737657700012, 7.588695607000034], [124.06596466000008, 7.590884351000055], [124.06170023700007, 7.588248465000051], [124.06308892200002, 7.586683565000045], [124.06737657700012, 7.588695607000034]]]}}, {"type": "Feature", "properties": {"province": "Lanao del Sur", "municipality": "Malabang", "barangay": "Tacub"}, "geometry": {"type": "Polygon", "coordinates": [[[124.08113820200005, 7.582504220000035], [124.07549496700005, 7.58272075900004], [124.08107645000007, 7.574945262000027], [124.09905584900004, 7.55967995700007], [124.10818898700006, 7.566450727000072], [124.08113820200005, 7.582504220000035]]]}}, {"type": "Feature", "properties": {"province": "Lanao del Sur", "municipality": "Malabang", "barangay": "Tambara"}, "geometry": {"type": "Polygon", "coordinates": [[[124.06073131200003, 7.598560546000043], [124.04841730200008, 7.603245735000028], [124.06170023700007, 7.588248465000051], [124.06596466000008, 7.590884351000055], [124.06623122800009, 7.591000353000026], [124.06073131200003, 7.598560546000043]]]}}, {"type": "Feature", "properties": {"province": "Lanao del Sur", "municipality": "Malabang", "barangay": "Tiongcop"}, "geometry": {"type": "Polygon", "coordinates": [[[124.09415293000006, 7.590873428000065], [124.08143861600001, 7.591772777000074], [124.08111082400002, 7.588920009000049], [124.08113820200005, 7.582504220000035], [124.10818898700006, 7.566450727000072], [124.11310346800006, 7.574760319000061], [124.09415293000006, 7.590873428000065]]]}}, {"type": "Feature", "properties": {"province": "Lanao del Sur", "municipality": "Malabang", "barangay": "Tuboc"}, "geometry": {"type": "Polygon", "coordinates": [[[124.07256875400002, 7.598534455000047], [124.06534341300006, 7.60463062200006], [124.06073131200003, 7.598560546000043], [124.06623122800009, 7.591000353000026], [124.06704936200002, 7.592169910000053], [124.06969614800005, 7.59543588100007], [124.07160579900004, 7.59564859900007], [124.07216035200008, 7.596316051000031], [124.07256875400002, 7.598534455000047]]]}}, {"type": "Feature", "properties": {"province": "Lanao del Sur", "municipality": "Calanaguas", "barangay": "Bubonga Ranao"}, "geometry": {"type": "Polygon", "coordinates": [[[124.09097510700008, 7.76342985900004], [124.0418251530001, 7.750976902000049], [124.051694461, 7.752411070000051], [124.09097510700008, 7.76342985900004]]]}}, {"type": "Feature", "properties": {"province": "Lanao del Sur", "municipality": "Calanaguas", "barangay": "Calalaoan (Poblacion)"}, "geometry": {"type": "Polygon", "coordinates": [[[124.08380668100007, 7.741205881000041], [124.08153115500009, 7.750182594000024], [124.0573731610001, 7.748604471000024], [124.0783072260001, 7.734618500000068], [124.08380668100007, 7.741205881000041]]]}}, {"type": "Feature", "properties": {"province": "Lanao del Sur", "municipality": "Calanaguas", "barangay": "Gas"}, "geometry": {"type": "Polygon", "coordinates": [[[124.06516197100005, 7.725557215000038], [124.051694461, 7.752411070000051], [124.0418251530001, 7.750976902000049], [124.07584363800005, 7.663502335000033], [124.07677870800002, 7.669413939000036], [124.07702811500008, 7.678041258000064], [124.0689389600001, 7.691210290000072], [124.0653899880001, 7.714196003000041], [124.06516197100005, 7.725557215000038]]]}}, {"type": "Feature", "properties": {"province": "Lanao del Sur", "municipality": "Calanaguas", "barangay": "Inoma"}, "geometry": {"type": "Polygon", "coordinates": [[[124.0763441580001, 7.724399359000074], [124.0751253310001, 7.724885699000024], [124.07901196800003, 7.704126589000054], [124.08059676000006, 7.69492893000006], [124.08131216000002, 7.692942920000064], [124.08502494100004, 7.693646792000035], [124.0814297600001, 7.721120360000042], [124.0763441580001, 7.724399359000074]]]}}, {"type": "Feature", "properties": {"province": "Lanao del Sur", "municipality": "Calanaguas", "barangay": "Inudaran"}, "geometry": {"type": "Polygon", "coordinates": [[[124.11883356600003, 7.70459661600006], [124.0949056520001, 7.695263260000046], [124.09516888000009, 7.688980871000068], [124.10411566700007, 7.684070691000044], [124.11883356600003, 7.70459661600006]]]}}, {"type": "Feature", "properties": {"province": "Lanao del Sur", "municipality": "Calanaguas", "barangay": "Luguna"}, "geometry": {"type": "Polygon", "coordinates": [[[124.1085978530001, 7.726900355000055], [124.0909726320001, 7.728887612000046], [124.0814297600001, 7.721120360000042], [124.08502494100004, 7.693646792000035], [124.0949056520001, 7.695263260000046], [124.11883356600003, 7.70459661600006], [124.1085978530001, 7.726900355000055]]]}}, {"type": "Feature", "properties": {"province": "Lanao del Sur", "municipality": "Calanaguas", "barangay": "Mimbalawag"}, "geometry": {"type": "Polygon", "coordinates": [[[124.07901196800003, 7.704126589000054], [124.0653899880001, 7.714196003000041], [124.0689389600001, 7.691210290000072], [124.08059676000006, 7.69492893000006], [124.07901196800003, 7.704126589000054]]]}}, {"type": "Feature", "properties": {"province": "Lanao del Sur", "municipality": "Calanaguas", "barangay": "Ngingir"}, "geometry": {"type": "Polygon", "coordinates": [[[124.08131216000002, 7.692942920000064], [124.08059676000006, 7.69492893000006], [124.0689389600001, 7.691210290000072], [124.07702811500008, 7.678041258000064], [124.09097074200008, 7.677384782000046], [124.09047231000011, 7.689162948000046], [124.08131216000002, 7.692942920000064]]]}}, {"type": "Feature", "properties": {"province": "Lanao del Sur", "municipality": "Calanaguas", "barangay": "Pagalongan"}, "geometry": {"type": "Polygon", "coordinates": [[[124.0751253310001, 7.724885699000024], [124.06516197100005, 7.725557215000038], [124.0653899880001, 7.714196003000041], [124.07901196800003, 7.704126589000054], [124.0751253310001, 7.724885699000024]]]}}, {"type": "Feature", "properties": {"province": "Lanao del Sur", "municipality": "Calanaguas", "barangay": "Panggawalupa"}, "geometry": {"type": "Polygon", "coordinates": [[[124.09490630500011, 7.751678845000068], [124.09097510700008, 7.76342985900004], [124.051694461, 7.752411070000051], [124.0573731610001, 7.748604471000024], [124.08153115500009, 7.750182594000024], [124.09490630500011, 7.751678845000068]]]}}, {"type": "Feature", "properties": {"province": "Lanao del Sur", "municipality": "Calanaguas", "barangay": "Pantaon"}, "geometry": {"type": "Polygon", "coordinates": [[[124.09516888000009, 7.688980871000068], [124.09047231000011, 7.689162948000046], [124.09097074200008, 7.677384782000046], [124.08925549700007, 7.668595488000054], [124.08196910200003, 7.658608891000029], [124.10411566700007, 7.684070691000044], [124.09516888000009, 7.688980871000068]]]}}, {"type": "Feature", "properties": {"province": "Lanao del Sur", "municipality": "Calanaguas", "barangay": "Piksan"}, "geometry": {"type": "Polygon", "coordinates": [[[124.09097074200008, 7.677384782000046], [124.07702811500008, 7.678041258000064], [124.07677870800002, 7.669413939000036], [124.08925549700007, 7.668595488000054], [124.09097074200008, 7.677384782000046]]]}}, {"type": "Feature", "properties": {"province": "Lanao del Sur", "municipality": "Calanaguas", "barangay": "Pindolonan"}, "geometry": {"type": "Polygon", "coordinates": [[[124.0573731610001, 7.748604471000024], [124.051694461, 7.752411070000051], [124.06516197100005, 7.725557215000038], [124.0751253310001, 7.724885699000024], [124.0763441580001, 7.724399359000074], [124.0783072260001, 7.734618500000068], [124.0573731610001, 7.748604471000024]]]}}, {"type": "Feature", "properties": {"province": "Lanao del Sur", "municipality": "Calanaguas", "barangay": "Punud"}, "geometry": {"type": "Polygon", "coordinates": [[[124.09516888000009, 7.688980871000068], [124.0949056520001, 7.695263260000046], [124.08502494100004, 7.693646792000035], [124.08131216000002, 7.692942920000064], [124.09047231000011, 7.689162948000046], [124.09516888000009, 7.688980871000068]]]}}, {"type": "Feature", "properties": {"province": "Lanao del Sur", "municipality": "Calanaguas", "barangay": "Tagoranao"}, "geometry": {"type": "Polygon", "coordinates": [[[124.1085978530001, 7.726900355000055], [124.09490630500011, 7.751678845000068], [124.08153115500009, 7.750182594000024], [124.08380668100007, 7.741205881000041], [124.0909726320001, 7.728887612000046], [124.1085978530001, 7.726900355000055]]]}}, {"type": "Feature", "properties": {"province": "Lanao del Sur", "municipality": "Calanaguas", "barangay": "Taliboboka"}, "geometry": {"type": "Polygon", "coordinates": [[[124.08925549700007, 7.668595488000054], [124.07677870800002, 7.669413939000036], [124.07584363800005, 7.663502335000033], [124.08196910200003, 7.658608891000029], [124.08925549700007, 7.668595488000054]]]}}, {"type": "Feature", "properties": {"province": "Lanao del Sur", "municipality": "Calanaguas", "barangay": "Tambac"}, "geometry": {"type": "Polygon", "coordinates": [[[124.0909726320001, 7.728887612000046], [124.08380668100007, 7.741205881000041], [124.0783072260001, 7.734618500000068], [124.0763441580001, 7.724399359000074], [124.0814297600001, 7.721120360000042], [124.0909726320001, 7.728887612000046]]]}}, {"type": "Feature", "properties": {"province": "Lanao del Sur", "municipality": "Balabagan", "barangay": "Bagoaingud"}, "geometry": {"type": "Polygon", "coordinates": [[[124.1957119670001, 7.554812843000034], [124.1931133490001, 7.564589510000077], [124.16566248200002, 7.555081494000035], [124.17392106900002, 7.548190271000066], [124.1957119670001, 7.554812843000034]]]}}, {"type": "Feature", "properties": {"province": "Lanao del Sur", "municipality": "Balabagan", "barangay": "Banago"}, "geometry": {"type": "Polygon", "coordinates": [[[124.13269376900008, 7.50729553100007], [124.13277308500005, 7.516239778000057], [124.11899624800003, 7.508946142000071], [124.12066222700001, 7.504918397000039], [124.13269376900008, 7.50729553100007]]]}}, {"type": "Feature", "properties": {"province": "Lanao del Sur", "municipality": "Balabagan", "barangay": "Barorao"}, "geometry": {"type": "Polygon", "coordinates": [[[124.1148110700001, 7.546369606000041], [124.11733621300006, 7.567938082000067], [124.10601040300003, 7.551000460000068], [124.0995337490001, 7.535324495000055], [124.10061712600007, 7.533456121000027], [124.1148110700001, 7.546369606000041]]]}}, {"type": "Feature", "properties": {"province": "Lanao del Sur", "municipality": "Balabagan", "barangay": "Batuan"}, "geometry": {"type": "Polygon", "coordinates": [[[124.1502010800001, 7.500175778000025], [124.14665159400012, 7.506595268000069], [124.13382931700005, 7.502453469000043], [124.12252278500011, 7.497107229000051], [124.12702318700008, 7.486915302000056], [124.1502010800001, 7.500175778000025]]]}}, {"type": "Feature", "properties": {"province": "Lanao del Sur", "municipality": "Balabagan", "barangay": "Budas"}, "geometry": {"type": "Polygon", "coordinates": [[[124.1544606650001, 7.49883142400006], [124.1502010800001, 7.500175778000025], [124.12702318700008, 7.486915302000056], [124.14045921400007, 7.477060444000074], [124.1544606650001, 7.49883142400006]]]}}, {"type": "Feature", "properties": {"province": "Lanao del Sur", "municipality": "Balabagan", "barangay": "Buenavista"}, "geometry": {"type": "Polygon", "coordinates": [[[124.20298354200008, 7.542093238000063], [124.1931133490001, 7.564589510000077], [124.1957119670001, 7.554812843000034], [124.1903362400001, 7.547894631000077], [124.20298354200008, 7.542093238000063]]]}}, {"type": "Feature", "properties": {"province": "Lanao del Sur", "municipality": "Balabagan", "barangay": "Buisan (Bengabeng)"}, "geometry": {"type": "Polygon", "coordinates": [[[124.14731620400005, 7.564789818000065], [124.11733621300006, 7.567938082000067], [124.12643203300001, 7.562442666000036], [124.14106443100002, 7.557406775000061], [124.14731620400005, 7.564789818000065]]]}}, {"type": "Feature", "properties": {"province": "Lanao del Sur", "municipality": "Balabagan", "barangay": "Calilangan"}, "geometry": {"type": "Polygon", "coordinates": [[[124.14014478800006, 7.554092097000024], [124.12698224400003, 7.544429041000055], [124.12744787500003, 7.543294970000036], [124.139264184, 7.533068448000052], [124.14854235200005, 7.524550907000051], [124.14891784100006, 7.524635885000067], [124.16162112200006, 7.529410760000077], [124.158526821, 7.543309651000072], [124.14014478800006, 7.554092097000024]]]}}, {"type": "Feature", "properties": {"province": "Lanao del Sur", "municipality": "Balabagan", "barangay": "Igabay"}, "geometry": {"type": "Polygon", "coordinates": [[[124.20298354200008, 7.542093238000063], [124.1903362400001, 7.547894631000077], [124.17627656000003, 7.542937938000023], [124.17941965500005, 7.533487868000063], [124.18298365900012, 7.52266044700002], [124.20298354200008, 7.542093238000063]]]}}, {"type": "Feature", "properties": {"province": "Lanao del Sur", "municipality": "Balabagan", "barangay": "Ilian"}, "geometry": {"type": "Polygon", "coordinates": [[[124.1931133490001, 7.564589510000077], [124.17709551500002, 7.568509394000048], [124.15881677700008, 7.560661390000065], [124.16566248200002, 7.555081494000035], [124.1931133490001, 7.564589510000077]]]}}, {"type": "Feature", "properties": {"province": "Lanao del Sur", "municipality": "Balabagan", "barangay": "Lorenzo"}, "geometry": {"type": "Polygon", "coordinates": [[[124.14854235200005, 7.524550907000051], [124.139264184, 7.533068448000052], [124.11274173900006, 7.518457243000055], [124.11899624800003, 7.508946142000071], [124.13277308500005, 7.516239778000057], [124.14854235200005, 7.524550907000051]]]}}, {"type": "Feature", "properties": {"province": "Lanao del Sur", "municipality": "Balabagan", "barangay": "Lower Itil"}, "geometry": {"type": "Polygon", "coordinates": [[[124.17941965500005, 7.533487868000063], [124.17627656000003, 7.542937938000023], [124.16162112200006, 7.529410760000077], [124.14891784100006, 7.524635885000067], [124.15444912400005, 7.514871720000032], [124.16344860400011, 7.519236573000056], [124.17941965500005, 7.533487868000063]]]}}, {"type": "Feature", "properties": {"province": "Lanao del Sur", "municipality": "Balabagan", "barangay": "Lumbac"}, "geometry": {"type": "Polygon", "coordinates": [[[124.17709551500002, 7.568509394000048], [124.1522423770001, 7.574872331000053], [124.14924232300008, 7.568601255000034], [124.15881677700008, 7.560661390000065], [124.17709551500002, 7.568509394000048]]]}}, {"type": "Feature", "properties": {"province": "Lanao del Sur", "municipality": "Balabagan", "barangay": "Macao"}, "geometry": {"type": "Polygon", "coordinates": [[[124.1106980300001, 7.565194488000032], [124.11008537400005, 7.567957609000075], [124.09324194300007, 7.544343884000055], [124.1106980300001, 7.565194488000032]]]}}, {"type": "Feature", "properties": {"province": "Lanao del Sur", "municipality": "Balabagan", "barangay": "Matampay"}, "geometry": {"type": "Polygon", "coordinates": [[[124.10601040300003, 7.551000460000068], [124.09452182400003, 7.538885789000063], [124.0995337490001, 7.535324495000055], [124.10601040300003, 7.551000460000068]]]}}, {"type": "Feature", "properties": {"province": "Lanao del Sur", "municipality": "Balabagan", "barangay": "Matanog"}, "geometry": {"type": "Polygon", "coordinates": [[[124.14106443100002, 7.557406775000061], [124.12643203300001, 7.562442666000036], [124.12698224400003, 7.544429041000055], [124.14014478800006, 7.554092097000024], [124.14106443100002, 7.557406775000061]]]}}, {"type": "Feature", "properties": {"province": "Lanao del Sur", "municipality": "Balabagan", "barangay": "Molimoc"}, "geometry": {"type": "Polygon", "coordinates": [[[124.12744787500003, 7.543294970000036], [124.1148110700001, 7.546369606000041], [124.10061712600007, 7.533456121000027], [124.11274173900006, 7.518457243000055], [124.139264184, 7.533068448000052], [124.12744787500003, 7.543294970000036]]]}}, {"type": "Feature", "properties": {"province": "Lanao del Sur", "municipality": "Balabagan", "barangay": "Narra"}, "geometry": {"type": "Polygon", "coordinates": [[[124.15444912400005, 7.514871720000032], [124.14891784100006, 7.524635885000067], [124.14854235200005, 7.524550907000051], [124.13277308500005, 7.516239778000057], [124.13269376900008, 7.50729553100007], [124.13382931700005, 7.502453469000043], [124.14665159400012, 7.506595268000069], [124.15444912400005, 7.514871720000032]]]}}, {"type": "Feature", "properties": {"province": "Lanao del Sur", "municipality": "Balabagan", "barangay": "Pindolonan"}, "geometry": {"type": "Polygon", "coordinates": [[[124.1522423770001, 7.574872331000053], [124.13658590500006, 7.585519082000078], [124.11008537400005, 7.567957609000075], [124.1522423770001, 7.574872331000053]]]}}, {"type": "Feature", "properties": {"province": "Lanao del Sur", "municipality": "Balabagan", "barangay": "Plasan"}, "geometry": {"type": "Polygon", "coordinates": [[[124.18298365900012, 7.52266044700002], [124.17941965500005, 7.533487868000063], [124.16344860400011, 7.519236573000056], [124.17109742000002, 7.512630706000037], [124.18298365900012, 7.52266044700002]]]}}, {"type": "Feature", "properties": {"province": "Lanao del Sur", "municipality": "Balabagan", "barangay": "Poblacion"}, "geometry": {"type": "Polygon", "coordinates": [[[124.13269376900008, 7.50729553100007], [124.12066222700001, 7.504918397000039], [124.12252278500011, 7.497107229000051], [124.13382931700005, 7.502453469000043], [124.13269376900008, 7.50729553100007]]]}}, {"type": "Feature", "properties": {"province": "Lanao del Sur", "municipality": "Balabagan", "barangay": "Purakan"}, "geometry": {"type": "Polygon", "coordinates": [[[124.12643203300001, 7.562442666000036], [124.11733621300006, 7.567938082000067], [124.1148110700001, 7.546369606000041], [124.12744787500003, 7.543294970000036], [124.12698224400003, 7.544429041000055], [124.12643203300001, 7.562442666000036]]]}}, {"type": "Feature", "properties": {"province": "Lanao del Sur", "municipality": "Balabagan", "barangay": "Tataya"}, "geometry": {"type": "Polygon", "coordinates": [[[124.15881677700008, 7.560661390000065], [124.14924232300008, 7.568601255000034], [124.14731620400005, 7.564789818000065], [124.14106443100002, 7.557406775000061], [124.14014478800006, 7.554092097000024], [124.158526821, 7.543309651000072], [124.17392106900002, 7.548190271000066], [124.16566248200002, 7.555081494000035], [124.15881677700008, 7.560661390000065]]]}}, {"type": "Feature", "properties": {"province": "Lanao del Sur", "municipality": "Balabagan", "barangay": "Upper Itil"}, "geometry": {"type": "Polygon", "coordinates": [[[124.1903362400001, 7.547894631000077], [124.1957119670001, 7.554812843000034], [124.17392106900002, 7.548190271000066], [124.158526821, 7.543309651000072], [124.16162112200006, 7.529410760000077], [124.17627656000003, 7.542937938000023], [124.1903362400001, 7.547894631000077]]]}}, {"type": "Feature", "properties": {"province": "Lanao del Sur", "municipality": "Balabagan", "barangay": "Lalabuan"}, "geometry": {"type": "Polygon", "coordinates": [[[124.10601040300003, 7.551000460000068], [124.11733621300006, 7.567938082000067], [124.1106980300001, 7.565194488000032], [124.09324194300007, 7.544343884000055], [124.09452182400003, 7.538885789000063], [124.10601040300003, 7.551000460000068]]]}}, {"type": "Feature", "properties": {"province": "Lanao del Sur", "municipality": "Kapatagan", "barangay": "Bakikis"}, "geometry": {"type": "Polygon", "coordinates": [[[124.14453485600006, 7.480734813000028], [124.14217511700008, 7.465806367000026], [124.17204792500002, 7.468290975000057], [124.14453485600006, 7.480734813000028]]]}}, {"type": "Feature", "properties": {"province": "Lanao del Sur", "municipality": "Kapatagan", "barangay": "Barao"}, "geometry": {"type": "Polygon", "coordinates": [[[124.16798186000004, 7.484349455000029], [124.15191353800003, 7.49842640000003], [124.14453485600006, 7.480734813000028], [124.17204792500002, 7.468290975000057], [124.16798186000004, 7.484349455000029]]]}}, {"type": "Feature", "properties": {"province": "Lanao del Sur", "municipality": "Kapatagan", "barangay": "Bongabong"}, "geometry": {"type": "Polygon", "coordinates": [[[124.18581392700004, 7.493893512000057], [124.16342820100009, 7.495358870000073], [124.16798186000004, 7.484349455000029], [124.17204792500002, 7.468290975000057], [124.19003771300004, 7.460855198000045], [124.20599771200013, 7.473705159000076], [124.20446922500001, 7.49006305900002], [124.18581392700004, 7.493893512000057]]]}}, {"type": "Feature", "properties": {"province": "Lanao del Sur", "municipality": "Kapatagan", "barangay": "Daguan"}, "geometry": {"type": "Polygon", "coordinates": [[[124.24320761800003, 7.546480799000051], [124.25133853700005, 7.557921067000053], [124.22750524800006, 7.570776254000066], [124.223696677, 7.561262860000056], [124.20554086100003, 7.546120569000039], [124.2023045200001, 7.536987669000042], [124.21919410800001, 7.528461319000031], [124.24320761800003, 7.546480799000051]]]}}, {"type": "Feature", "properties": {"province": "Lanao del Sur", "municipality": "Kapatagan", "barangay": "Inudaran"}, "geometry": {"type": "Polygon", "coordinates": [[[124.21919410800001, 7.528461319000031], [124.2023045200001, 7.536987669000042], [124.21312012500006, 7.518566247000025], [124.21919410800001, 7.528461319000031]]]}}, {"type": "Feature", "properties": {"province": "Lanao del Sur", "municipality": "Kapatagan", "barangay": "Kabaniakawan"}, "geometry": {"type": "Polygon", "coordinates": [[[124.23052885200002, 7.512238555000065], [124.21312012500006, 7.518566247000025], [124.20945170800007, 7.493540286000041], [124.23052885200002, 7.512238555000065]]]}}, {"type": "Feature", "properties": {"province": "Lanao del Sur", "municipality": "Kapatagan", "barangay": "Kapatagan (Poblacion)"}, "geometry": {"type": "Polygon", "coordinates": [[[124.20945170800007, 7.493540286000041], [124.21312012500006, 7.518566247000025], [124.2011310480001, 7.513891871000054], [124.18581392700004, 7.493893512000057], [124.20446922500001, 7.49006305900002], [124.20945170800007, 7.493540286000041]]]}}, {"type": "Feature", "properties": {"province": "Lanao del Sur", "municipality": "Kapatagan", "barangay": "Lusain"}, "geometry": {"type": "Polygon", "coordinates": [[[124.19413385700012, 7.43990067800007], [124.16244024400008, 7.432485003000068], [124.14181588200006, 7.442609662000053], [124.13971832400011, 7.438112164000074], [124.1676454420001, 7.42864557300004], [124.17266371300002, 7.406965372000056], [124.18296175600005, 7.409144310000044], [124.19413385700012, 7.43990067800007]]]}}, {"type": "Feature", "properties": {"province": "Lanao del Sur", "municipality": "Kapatagan", "barangay": "Matimos"}, "geometry": {"type": "Polygon", "coordinates": [[[124.18494215400005, 7.452008561000069], [124.16508278000002, 7.44990042100005], [124.14855922400012, 7.45614027900007], [124.14181588200006, 7.442609662000053], [124.16244024400008, 7.432485003000068], [124.19413385700012, 7.43990067800007], [124.18494215400005, 7.452008561000069]]]}}, {"type": "Feature", "properties": {"province": "Lanao del Sur", "municipality": "Kapatagan", "barangay": "Minimao"}, "geometry": {"type": "Polygon", "coordinates": [[[124.19534155800011, 7.527804742000058], [124.18544085900011, 7.524407464000037], [124.2011310480001, 7.513891871000054], [124.21312012500006, 7.518566247000025], [124.19534155800011, 7.527804742000058]]]}}, {"type": "Feature", "properties": {"province": "Lanao del Sur", "municipality": "Kapatagan", "barangay": "Pinantao"}, "geometry": {"type": "Polygon", "coordinates": [[[124.2011310480001, 7.513891871000054], [124.18544085900011, 7.524407464000037], [124.17749519600011, 7.521238496000022], [124.1598637300001, 7.496738928000072], [124.16342820100009, 7.495358870000073], [124.18581392700004, 7.493893512000057], [124.2011310480001, 7.513891871000054]]]}}, {"type": "Feature", "properties": {"province": "Lanao del Sur", "municipality": "Kapatagan", "barangay": "Salaman"}, "geometry": {"type": "Polygon", "coordinates": [[[124.19003771300004, 7.460855198000045], [124.17204792500002, 7.468290975000057], [124.14217511700008, 7.465806367000026], [124.13971832400011, 7.438112164000074], [124.14181588200006, 7.442609662000053], [124.14855922400012, 7.45614027900007], [124.16508278000002, 7.44990042100005], [124.18494215400005, 7.452008561000069], [124.19003771300004, 7.460855198000045]]]}}, {"type": "Feature", "properties": {"province": "Lanao del Sur", "municipality": "Kapatagan", "barangay": "Sigayan"}, "geometry": {"type": "Polygon", "coordinates": [[[124.1598637300001, 7.496738928000072], [124.15191353800003, 7.49842640000003], [124.16798186000004, 7.484349455000029], [124.16342820100009, 7.495358870000073], [124.1598637300001, 7.496738928000072]]]}}, {"type": "Feature", "properties": {"province": "Lanao del Sur", "municipality": "Kapatagan", "barangay": "Tabuan"}, "geometry": {"type": "Polygon", "coordinates": [[[124.23052885200002, 7.512238555000065], [124.24320761800003, 7.546480799000051], [124.21919410800001, 7.528461319000031], [124.21312012500006, 7.518566247000025], [124.23052885200002, 7.512238555000065]]]}}, {"type": "Feature", "properties": {"province": "Lanao del Sur", "municipality": "Kapatagan", "barangay": "Upper Igabay"}, "geometry": {"type": "Polygon", "coordinates": [[[124.21312012500006, 7.518566247000025], [124.2023045200001, 7.536987669000042], [124.19534155800011, 7.527804742000058], [124.21312012500006, 7.518566247000025]]]}}, {"type": "Feature", "properties": {"province": "Lanao del Sur", "municipality": "Wao", "barangay": "Amoyong"}, "geometry": {"type": "Polygon", "coordinates": [[[124.80299202800008, 7.567630122000024], [124.77633593100006, 7.570546565000027], [124.77474812800007, 7.544898359000058], [124.82051168000011, 7.536284726000074], [124.80299202800008, 7.567630122000024]]]}}, {"type": "Feature", "properties": {"province": "Lanao del Sur", "municipality": "Wao", "barangay": "Balatin"}, "geometry": {"type": "Polygon", "coordinates": [[[124.75733971800003, 7.661822002000064], [124.74617297100009, 7.677036766000072], [124.73456844200008, 7.676857348000056], [124.73343713400006, 7.671844519000047], [124.75383210300004, 7.654496299000071], [124.75600121200011, 7.655559708000054], [124.75733971800003, 7.661822002000064]]]}}, {"type": "Feature", "properties": {"province": "Lanao del Sur", "municipality": "Wao", "barangay": "Banga"}, "geometry": {"type": "Polygon", "coordinates": [[[124.75383210300004, 7.654496299000071], [124.73343713400006, 7.671844519000047], [124.69738327300003, 7.658701840000049], [124.71652211200002, 7.652146862000052], [124.72487326200009, 7.649318620000029], [124.73169433400005, 7.648905101000026], [124.75383210300004, 7.654496299000071]]]}}, {"type": "Feature", "properties": {"province": "Lanao del Sur", "municipality": "Wao", "barangay": "Buntongun"}, "geometry": {"type": "Polygon", "coordinates": [[[124.70304176700007, 7.72646260700003], [124.66228247400012, 7.748117945000048], [124.65482576500007, 7.739421465000022], [124.72357152100005, 7.706556375000047], [124.73191521100013, 7.706539433000049], [124.72869590400013, 7.719803042000024], [124.70304176700007, 7.72646260700003]]]}}, {"type": "Feature", "properties": {"province": "Lanao del Sur", "municipality": "Wao", "barangay": "Bo-ot"}, "geometry": {"type": "Polygon", "coordinates": [[[124.73790932500005, 7.622298488000069], [124.72238594800001, 7.621836178000024], [124.7105160770001, 7.61545938000006], [124.71124203800002, 7.601138653000021], [124.73841140900005, 7.599840123000035], [124.73790932500005, 7.622298488000069]]]}}, {"type": "Feature", "properties": {"province": "Lanao del Sur", "municipality": "Wao", "barangay": "Cebuano Group"}, "geometry": {"type": "Polygon", "coordinates": [[[124.75078336100013, 7.618614595000053], [124.73790932500005, 7.622298488000069], [124.73841140900005, 7.599840123000035], [124.75098221200007, 7.594888099000058], [124.75078336100013, 7.618614595000053]]]}}, {"type": "Feature", "properties": {"province": "Lanao del Sur", "municipality": "Wao", "barangay": "Christian Village"}, "geometry": {"type": "Polygon", "coordinates": [[[124.7759462910001, 7.636486596000055], [124.76096632900008, 7.649322866000031], [124.73061663900012, 7.640405626000075], [124.73054182200009, 7.639960291000023], [124.72928824100005, 7.631731979000048], [124.77252044100011, 7.627411666000058], [124.7759462910001, 7.636486596000055]]]}}, {"type": "Feature", "properties": {"province": "Lanao del Sur", "municipality": "Wao", "barangay": "Eastern Wao"}, "geometry": {"type": "Polygon", "coordinates": [[[124.73054182200009, 7.639960291000023], [124.72569478600008, 7.640451335000024], [124.72658013500006, 7.634414867000031], [124.72928824100005, 7.631731979000048], [124.73054182200009, 7.639960291000023]]]}}, {"type": "Feature", "properties": {"province": "Lanao del Sur", "municipality": "Wao", "barangay": "Extension Poblacion"}, "geometry": {"type": "Polygon", "coordinates": [[[124.73169433400005, 7.648905101000026], [124.72487326200009, 7.649318620000029], [124.72569478600008, 7.640451335000024], [124.73054182200009, 7.639960291000023], [124.73061663900012, 7.640405626000075], [124.73169433400005, 7.648905101000026]]]}}, {"type": "Feature", "properties": {"province": "Lanao del Sur", "municipality": "Wao", "barangay": "Gata"}, "geometry": {"type": "Polygon", "coordinates": [[[124.72658013500006, 7.634414867000031], [124.72622657500006, 7.634632984000061], [124.72238594800001, 7.621836178000024], [124.73790932500005, 7.622298488000069], [124.75078336100013, 7.618614595000053], [124.77890150400003, 7.612183389000051], [124.80319498900008, 7.612430270000062], [124.77252044100011, 7.627411666000058], [124.72928824100005, 7.631731979000048], [124.72658013500006, 7.634414867000031]]]}}, {"type": "Feature", "properties": {"province": "Lanao del Sur", "municipality": "Wao", "barangay": "Kabatangan"}, "geometry": {"type": "Polygon", "coordinates": [[[124.77890150400003, 7.612183389000051], [124.75078336100013, 7.618614595000053], [124.75098221200007, 7.594888099000058], [124.77736716000004, 7.593775976000076], [124.77890150400003, 7.612183389000051]]]}}, {"type": "Feature", "properties": {"province": "Lanao del Sur", "municipality": "Wao", "barangay": "Kadingilan"}, "geometry": {"type": "Polygon", "coordinates": [[[124.7105160770001, 7.61545938000006], [124.7011023440001, 7.612087312000028], [124.6047366040001, 7.653746450000027], [124.59036584400009, 7.609324928000033], [124.70915483600004, 7.591302532000045], [124.71124203800002, 7.601138653000021], [124.7105160770001, 7.61545938000006]]]}}, {"type": "Feature", "properties": {"province": "Lanao del Sur", "municipality": "Wao", "barangay": "Katutungan"}, "geometry": {"type": "Polygon", "coordinates": [[[124.73841140900005, 7.599840123000035], [124.71124203800002, 7.601138653000021], [124.70915483600004, 7.591302532000045], [124.7402921920001, 7.591068371000062], [124.77474812800007, 7.544898359000058], [124.77633593100006, 7.570546565000027], [124.77736716000004, 7.593775976000076], [124.75098221200007, 7.594888099000058], [124.73841140900005, 7.599840123000035]]]}}, {"type": "Feature", "properties": {"province": "Lanao del Sur", "municipality": "Wao", "barangay": "Kilikili East"}, "geometry": {"type": "Polygon", "coordinates": [[[124.72869590400013, 7.719803042000024], [124.72494176600003, 7.748135983000055], [124.70304176700007, 7.72646260700003], [124.72869590400013, 7.719803042000024]]]}}, {"type": "Feature", "properties": {"province": "Lanao del Sur", "municipality": "Wao", "barangay": "Kilikili West"}, "geometry": {"type": "Polygon", "coordinates": [[[124.72494176600003, 7.748135983000055], [124.66228247400012, 7.748117945000048], [124.70304176700007, 7.72646260700003], [124.72494176600003, 7.748135983000055]]]}}, {"type": "Feature", "properties": {"province": "Lanao del Sur", "municipality": "Wao", "barangay": "Malaigang"}, "geometry": {"type": "Polygon", "coordinates": [[[124.80423929100006, 7.613654631000029], [124.7759462910001, 7.636486596000055], [124.77252044100011, 7.627411666000058], [124.80319498900008, 7.612430270000062], [124.80423929100006, 7.613654631000029]]]}}, {"type": "Feature", "properties": {"province": "Lanao del Sur", "municipality": "Wao", "barangay": "Manila Group"}, "geometry": {"type": "Polygon", "coordinates": [[[124.72487326200009, 7.649318620000029], [124.71652211200002, 7.652146862000052], [124.71032007000008, 7.643379029000071], [124.72569478600008, 7.640451335000024], [124.72487326200009, 7.649318620000029]]]}}, {"type": "Feature", "properties": {"province": "Lanao del Sur", "municipality": "Wao", "barangay": "Milaya"}, "geometry": {"type": "Polygon", "coordinates": [[[124.81543488000013, 7.579995657000039], [124.80299202800008, 7.567630122000024], [124.82051168000011, 7.536284726000074], [124.81543488000013, 7.579995657000039]]]}}, {"type": "Feature", "properties": {"province": "Lanao del Sur", "municipality": "Wao", "barangay": "Mimbuaya"}, "geometry": {"type": "Polygon", "coordinates": [[[124.75733971800003, 7.661822002000064], [124.74750134200008, 7.684801433000076], [124.74617297100009, 7.677036766000072], [124.75733971800003, 7.661822002000064]]]}}, {"type": "Feature", "properties": {"province": "Lanao del Sur", "municipality": "Wao", "barangay": "Muslim Village"}, "geometry": {"type": "Polygon", "coordinates": [[[124.76096632900008, 7.649322866000031], [124.75600121200011, 7.655559708000054], [124.75383210300004, 7.654496299000071], [124.73169433400005, 7.648905101000026], [124.73061663900012, 7.640405626000075], [124.76096632900008, 7.649322866000031]]]}}, {"type": "Feature", "properties": {"province": "Lanao del Sur", "municipality": "Wao", "barangay": "Pagalongan"}, "geometry": {"type": "Polygon", "coordinates": [[[124.81543488000013, 7.579995657000039], [124.80423929100006, 7.613654631000029], [124.80319498900008, 7.612430270000062], [124.77890150400003, 7.612183389000051], [124.77736716000004, 7.593775976000076], [124.77633593100006, 7.570546565000027], [124.80299202800008, 7.567630122000024], [124.81543488000013, 7.579995657000039]]]}}, {"type": "Feature", "properties": {"province": "Lanao del Sur", "municipality": "Wao", "barangay": "Panang"}, "geometry": {"type": "Polygon", "coordinates": [[[124.73191521100013, 7.706539433000049], [124.72357152100005, 7.706556375000047], [124.72931448900012, 7.693565531000046], [124.744253435, 7.691245224000055], [124.73191521100013, 7.706539433000049]]]}}, {"type": "Feature", "properties": {"province": "Lanao del Sur", "municipality": "Wao", "barangay": "Park Area"}, "geometry": {"type": "Polygon", "coordinates": [[[124.72357152100005, 7.706556375000047], [124.65482576500007, 7.739421465000022], [124.61876827700007, 7.690661830000068], [124.69738327300003, 7.658701840000049], [124.73343713400006, 7.671844519000047], [124.73456844200008, 7.676857348000056], [124.72931448900012, 7.693565531000046], [124.72357152100005, 7.706556375000047]]]}}, {"type": "Feature", "properties": {"province": "Lanao del Sur", "municipality": "Wao", "barangay": "Pilintangan"}, "geometry": {"type": "Polygon", "coordinates": [[[124.69738327300003, 7.658701840000049], [124.61876827700007, 7.690661830000068], [124.6047366040001, 7.653746450000027], [124.7011023440001, 7.612087312000028], [124.7105160770001, 7.61545938000006], [124.72238594800001, 7.621836178000024], [124.72622657500006, 7.634632984000061], [124.71032007000008, 7.643379029000071], [124.71652211200002, 7.652146862000052], [124.69738327300003, 7.658701840000049]]]}}, {"type": "Feature", "properties": {"province": "Lanao del Sur", "municipality": "Wao", "barangay": "Serran Village"}, "geometry": {"type": "Polygon", "coordinates": [[[124.744253435, 7.691245224000055], [124.72931448900012, 7.693565531000046], [124.73456844200008, 7.676857348000056], [124.74617297100009, 7.677036766000072], [124.74750134200008, 7.684801433000076], [124.744253435, 7.691245224000055]]]}}, {"type": "Feature", "properties": {"province": "Lanao del Sur", "municipality": "Wao", "barangay": "Western Wao"}, "geometry": {"type": "Polygon", "coordinates": [[[124.72569478600008, 7.640451335000024], [124.71032007000008, 7.643379029000071], [124.72622657500006, 7.634632984000061], [124.72658013500006, 7.634414867000031], [124.72569478600008, 7.640451335000024]]]}}, {"type": "Feature", "properties": {"province": "Lanao del Sur", "municipality": "Amai Manabilang", "barangay": "Poblacion"}, "geometry": {"type": "Polygon", "coordinates": [[[124.65411614400011, 7.825730209000027], [124.634271333, 7.828937169000029], [124.61895377500002, 7.796093793000068], [124.63851541500003, 7.803783134000072], [124.65411614400011, 7.825730209000027]]]}}, {"type": "Feature", "properties": {"province": "Lanao del Sur", "municipality": "Amai Manabilang", "barangay": "Bagumbayan"}, "geometry": {"type": "Polygon", "coordinates": [[[124.62505383900009, 7.70852545200006], [124.66228247400012, 7.748117945000048], [124.58600730400009, 7.723471393000068], [124.58067363400004, 7.691200596000043], [124.62505383900009, 7.70852545200006]]]}}, {"type": "Feature", "properties": {"province": "Lanao del Sur", "municipality": "Amai Manabilang", "barangay": "Bandara-Ingud"}, "geometry": {"type": "Polygon", "coordinates": [[[124.60325171200007, 7.805196500000021], [124.57471786500003, 7.829375284000038], [124.56355745400003, 7.772276491000072], [124.59101415500004, 7.769764553000073], [124.61895377500002, 7.796093793000068], [124.60325171200007, 7.805196500000021]]]}}, {"type": "Feature", "properties": {"province": "Lanao del Sur", "municipality": "Amai Manabilang", "barangay": "Comara"}, "geometry": {"type": "Polygon", "coordinates": [[[124.6743041850001, 7.80981792400007], [124.6650135450001, 7.829306613000029], [124.65411614400011, 7.825730209000027], [124.63851541500003, 7.803783134000072], [124.645724039, 7.796895944000027], [124.6743041850001, 7.80981792400007]]]}}, {"type": "Feature", "properties": {"province": "Lanao del Sur", "municipality": "Amai Manabilang", "barangay": "Frankfort"}, "geometry": {"type": "Polygon", "coordinates": [[[124.70504372500011, 7.777210763000029], [124.68225578900001, 7.799421792000031], [124.66184874300008, 7.78201923000006], [124.67368197000008, 7.771121512000036], [124.70504372500011, 7.777210763000029]]]}}, {"type": "Feature", "properties": {"province": "Lanao del Sur", "municipality": "Amai Manabilang", "barangay": "Lambanogan"}, "geometry": {"type": "Polygon", "coordinates": [[[124.68225578900001, 7.799421792000031], [124.6775911100001, 7.80503121600003], [124.65120923500002, 7.791834817000048], [124.66184874300008, 7.78201923000006], [124.68225578900001, 7.799421792000031]]]}}, {"type": "Feature", "properties": {"province": "Lanao del Sur", "municipality": "Amai Manabilang", "barangay": "Lico"}, "geometry": {"type": "Polygon", "coordinates": [[[124.58067363400004, 7.691200596000043], [124.53709088200003, 7.715083850000042], [124.5555240130001, 7.625644575000024], [124.58067363400004, 7.691200596000043]]]}}, {"type": "Feature", "properties": {"province": "Lanao del Sur", "municipality": "Amai Manabilang", "barangay": "Mansilano"}, "geometry": {"type": "Polygon", "coordinates": [[[124.63709256400011, 7.843892006000033], [124.5844668740001, 7.884041920000072], [124.58094182200013, 7.860698065000064], [124.61967469700005, 7.834554403000029], [124.62547435500005, 7.831625248000026], [124.63709256400011, 7.843892006000033]]]}}, {"type": "Feature", "properties": {"province": "Lanao del Sur", "municipality": "Amai Manabilang", "barangay": "Natangcopan"}, "geometry": {"type": "Polygon", "coordinates": [[[124.62547435500005, 7.831625248000026], [124.61967469700005, 7.834554403000029], [124.60325171200007, 7.805196500000021], [124.61895377500002, 7.796093793000068], [124.634271333, 7.828937169000029], [124.62547435500005, 7.831625248000026]]]}}, {"type": "Feature", "properties": {"province": "Lanao del Sur", "municipality": "Amai Manabilang", "barangay": "Pagonayan"}, "geometry": {"type": "Polygon", "coordinates": [[[124.645724039, 7.796895944000027], [124.63851541500003, 7.803783134000072], [124.61895377500002, 7.796093793000068], [124.59101415500004, 7.769764553000073], [124.59037191000006, 7.750712076000069], [124.67368197000008, 7.771121512000036], [124.66184874300008, 7.78201923000006], [124.65120923500002, 7.791834817000048], [124.645724039, 7.796895944000027]]]}}, {"type": "Feature", "properties": {"province": "Lanao del Sur", "municipality": "Amai Manabilang", "barangay": "Pagalamatan"}, "geometry": {"type": "Polygon", "coordinates": [[[124.6650135450001, 7.829306613000029], [124.63709256400011, 7.843892006000033], [124.62547435500005, 7.831625248000026], [124.634271333, 7.828937169000029], [124.65411614400011, 7.825730209000027], [124.6650135450001, 7.829306613000029]]]}}, {"type": "Feature", "properties": {"province": "Lanao del Sur", "municipality": "Amai Manabilang", "barangay": "Piagma"}, "geometry": {"type": "Polygon", "coordinates": [[[124.56355745400003, 7.772276491000072], [124.54323448500008, 7.773559203000048], [124.53709088200003, 7.715083850000042], [124.58067363400004, 7.691200596000043], [124.58600730400009, 7.723471393000068], [124.59037191000006, 7.750712076000069], [124.59101415500004, 7.769764553000073], [124.56355745400003, 7.772276491000072]]]}}, {"type": "Feature", "properties": {"province": "Lanao del Sur", "municipality": "Amai Manabilang", "barangay": "Punud"}, "geometry": {"type": "Polygon", "coordinates": [[[124.6775911100001, 7.80503121600003], [124.6743041850001, 7.80981792400007], [124.645724039, 7.796895944000027], [124.65120923500002, 7.791834817000048], [124.6775911100001, 7.80503121600003]]]}}, {"type": "Feature", "properties": {"province": "Lanao del Sur", "municipality": "Amai Manabilang", "barangay": "Ranao-Baning"}, "geometry": {"type": "Polygon", "coordinates": [[[124.58094182200013, 7.860698065000064], [124.5844668740001, 7.884041920000072], [124.54323448500008, 7.773559203000048], [124.56355745400003, 7.772276491000072], [124.57471786500003, 7.829375284000038], [124.58094182200013, 7.860698065000064]]]}}, {"type": "Feature", "properties": {"province": "Lanao del Sur", "municipality": "Amai Manabilang", "barangay": "Salam"}, "geometry": {"type": "Polygon", "coordinates": [[[124.61967469700005, 7.834554403000029], [124.58094182200013, 7.860698065000064], [124.57471786500003, 7.829375284000038], [124.60325171200007, 7.805196500000021], [124.61967469700005, 7.834554403000029]]]}}, {"type": "Feature", "properties": {"province": "Lanao del Sur", "municipality": "Amai Manabilang", "barangay": "Sagua-an"}, "geometry": {"type": "Polygon", "coordinates": [[[124.5555240130001, 7.625644575000024], [124.62505383900009, 7.70852545200006], [124.58067363400004, 7.691200596000043], [124.5555240130001, 7.625644575000024]]]}}, {"type": "Feature", "properties": {"province": "Lanao del Sur", "municipality": "Amai Manabilang", "barangay": "Sumugot"}, "geometry": {"type": "Polygon", "coordinates": [[[124.66228247400012, 7.748117945000048], [124.70504372500011, 7.777210763000029], [124.67368197000008, 7.771121512000036], [124.59037191000006, 7.750712076000069], [124.58600730400009, 7.723471393000068], [124.66228247400012, 7.748117945000048]]]}}, {"type": "Feature", "properties": {"province": "Lanao del Sur", "municipality": "Lumba Bayabao", "barangay": "Bacolod I"}, "geometry": {"type": "Polygon", "coordinates": [[[124.3461467300001, 7.877778639000038], [124.34119446300008, 7.877149558000043], [124.345036153, 7.874011], [124.34701572000006, 7.875931795000044], [124.3461467300001, 7.877778639000038]]]}}, {"type": "Feature", "properties": {"province": "Lanao del Sur", "municipality": "Lumba Bayabao", "barangay": "Bacolod II"}, "geometry": {"type": "Polygon", "coordinates": [[[124.350196148, 7.873033467000027], [124.34701572000006, 7.875931795000044], [124.345036153, 7.874011], [124.34382588100004, 7.871255226000073], [124.34530610000002, 7.863714456000025], [124.350196148, 7.873033467000027]]]}}, {"type": "Feature", "properties": {"province": "Lanao del Sur", "municipality": "Lumba Bayabao", "barangay": "Bantayao"}, "geometry": {"type": "Polygon", "coordinates": [[[124.3793656680001, 7.840808132000063], [124.37269262500001, 7.849127684000054], [124.3703660220001, 7.842923975000078], [124.3793656680001, 7.840808132000063]]]}}, {"type": "Feature", "properties": {"province": "Lanao del Sur", "municipality": "Lumba Bayabao", "barangay": "Barit"}, "geometry": {"type": "Polygon", "coordinates": [[[124.54742994700008, 7.805024364000076], [124.40612291100003, 7.859840821000035], [124.40426663000004, 7.851182020000069], [124.41028985500009, 7.848335491000056], [124.54742994700008, 7.805024364000076]]]}}, {"type": "Feature", "properties": {"province": "Lanao del Sur", "municipality": "Lumba Bayabao", "barangay": "Baugan"}, "geometry": {"type": "Polygon", "coordinates": [[[124.3903266980001, 7.856841311000039], [124.3846760140001, 7.859715872000037], [124.38390744400009, 7.858034915000077], [124.38693601700004, 7.857304842000074], [124.38872010700004, 7.856203334000042], [124.3903266980001, 7.856841311000039]]]}}, {"type": "Feature", "properties": {"province": "Lanao del Sur", "municipality": "Lumba Bayabao", "barangay": "Buad Lumbac"}, "geometry": {"type": "Polygon", "coordinates": [[[124.37505452800008, 7.872860675000027], [124.37155835300007, 7.874474866000073], [124.36892936000005, 7.866791528000022], [124.37505452800008, 7.872860675000027]]]}}, {"type": "Feature", "properties": {"province": "Lanao del Sur", "municipality": "Lumba Bayabao", "barangay": "Cabasaran"}, "geometry": {"type": "Polygon", "coordinates": [[[124.36569244100008, 7.860628070000077], [124.36097189800012, 7.861100242000021], [124.36033757300004, 7.855665325000073], [124.36374389700008, 7.853042393000065], [124.3650788110001, 7.857790613000078], [124.36569244100008, 7.860628070000077]]]}}, {"type": "Feature", "properties": {"province": "Lanao del Sur", "municipality": "Lumba Bayabao", "barangay": "Calilangan"}, "geometry": {"type": "Polygon", "coordinates": [[[124.3536957020001, 7.857187276000046], [124.35342748700009, 7.86548546900002], [124.34530610000002, 7.863714456000025], [124.346918576, 7.856389757000047], [124.34961599500002, 7.857848777000072], [124.3536957020001, 7.857187276000046]]]}}, {"type": "Feature", "properties": {"province": "Lanao del Sur", "municipality": "Lumba Bayabao", "barangay": "Carandangan-Mipaga"}, "geometry": {"type": "Polygon", "coordinates": [[[124.54742994700008, 7.805024364000076], [124.41028985500009, 7.848335491000056], [124.54543559900003, 7.790049538000064], [124.54742994700008, 7.805024364000076]]]}}, {"type": "Feature", "properties": {"province": "Lanao del Sur", "municipality": "Lumba Bayabao", "barangay": "Cormatan Langban"}, "geometry": {"type": "Polygon", "coordinates": [[[124.36374389700008, 7.853042393000065], [124.36033757300004, 7.855665325000073], [124.35637335700005, 7.855185033000053], [124.355871664, 7.846770930000048], [124.36349318200006, 7.845532571000034], [124.36393749000001, 7.852819270000053], [124.36374389700008, 7.853042393000065]]]}}, {"type": "Feature", "properties": {"province": "Lanao del Sur", "municipality": "Lumba Bayabao", "barangay": "Dialongana"}, "geometry": {"type": "Polygon", "coordinates": [[[124.38150766700005, 7.86963025600005], [124.37887442700003, 7.871701408000036], [124.37401802900003, 7.861008733000061], [124.37742993000008, 7.862057331000073], [124.38150766700005, 7.86963025600005]]]}}, {"type": "Feature", "properties": {"province": "Lanao del Sur", "municipality": "Lumba Bayabao", "barangay": "Dilindongan-Cadayonan"}, "geometry": {"type": "Polygon", "coordinates": [[[124.35600253700011, 7.871145319000047], [124.350196148, 7.873033467000027], [124.34530610000002, 7.863714456000025], [124.35342748700009, 7.86548546900002], [124.3559751570001, 7.865335276000053], [124.35600253700011, 7.871145319000047]]]}}, {"type": "Feature", "properties": {"province": "Lanao del Sur", "municipality": "Lumba Bayabao", "barangay": "Gadongan"}, "geometry": {"type": "Polygon", "coordinates": [[[124.40426663000004, 7.851182020000069], [124.39274599500003, 7.857349309000028], [124.3903266980001, 7.856841311000039], [124.38872010700004, 7.856203334000042], [124.39037100700011, 7.848721299000035], [124.54323448500008, 7.773559203000048], [124.54543559900003, 7.790049538000064], [124.41028985500009, 7.848335491000056], [124.40426663000004, 7.851182020000069]]]}}, {"type": "Feature", "properties": {"province": "Lanao del Sur", "municipality": "Lumba Bayabao", "barangay": "Galawan"}, "geometry": {"type": "Polygon", "coordinates": [[[124.38696369000002, 7.864328945000066], [124.38515267000001, 7.867560524000055], [124.37951757200005, 7.857152163000023], [124.38390744400009, 7.858034915000077], [124.3846760140001, 7.859715872000037], [124.38696369000002, 7.864328945000066]]]}}, {"type": "Feature", "properties": {"province": "Lanao del Sur", "municipality": "Lumba Bayabao", "barangay": "Gambai"}, "geometry": {"type": "Polygon", "coordinates": [[[124.54323448500008, 7.773559203000048], [124.39037100700011, 7.848721299000035], [124.3815248950001, 7.844810819000029], [124.37931821400004, 7.838387456000019], [124.39476549500012, 7.812132117000035], [124.52804919700009, 7.638289207000071], [124.54323448500008, 7.773559203000048]]]}}, {"type": "Feature", "properties": {"province": "Lanao del Sur", "municipality": "Lumba Bayabao", "barangay": "Kasola"}, "geometry": {"type": "Polygon", "coordinates": [[[124.3559751570001, 7.865335276000053], [124.35342748700009, 7.86548546900002], [124.3536957020001, 7.857187276000046], [124.35370734700007, 7.855234708000067], [124.35602389300004, 7.855555653000067], [124.3559751570001, 7.865335276000053]]]}}, {"type": "Feature", "properties": {"province": "Lanao del Sur", "municipality": "Lumba Bayabao", "barangay": "Lalangitun"}, "geometry": {"type": "Polygon", "coordinates": [[[124.37098474600009, 7.849014276000049], [124.36393749000001, 7.852819270000053], [124.36349318200006, 7.845532571000034], [124.36984858300004, 7.840382267000051], [124.3703660220001, 7.842923975000078], [124.37269262500001, 7.849127684000054], [124.37098474600009, 7.849014276000049]]]}}, {"type": "Feature", "properties": {"province": "Lanao del Sur", "municipality": "Lumba Bayabao", "barangay": "Lama"}, "geometry": {"type": "Polygon", "coordinates": [[[124.3536957020001, 7.857187276000046], [124.34961599500002, 7.857848777000072], [124.35370734700007, 7.855234708000067], [124.3536957020001, 7.857187276000046]]]}}, {"type": "Feature", "properties": {"province": "Lanao del Sur", "municipality": "Lumba Bayabao", "barangay": "Lindongan Dialongana"}, "geometry": {"type": "Polygon", "coordinates": [[[124.38515267000001, 7.867560524000055], [124.38150766700005, 7.86963025600005], [124.37742993000008, 7.862057331000073], [124.37706516100003, 7.861003847000064], [124.37951757200005, 7.857152163000023], [124.38515267000001, 7.867560524000055]]]}}, {"type": "Feature", "properties": {"province": "Lanao del Sur", "municipality": "Lumba Bayabao", "barangay": "Lobo Basara"}, "geometry": {"type": "Polygon", "coordinates": [[[124.38872010700004, 7.856203334000042], [124.38693601700004, 7.857304842000074], [124.3815248950001, 7.844810819000029], [124.39037100700011, 7.848721299000035], [124.38872010700004, 7.856203334000042]]]}}, {"type": "Feature", "properties": {"province": "Lanao del Sur", "municipality": "Lumba Bayabao", "barangay": "Lumbac Bacayawan"}, "geometry": {"type": "Polygon", "coordinates": [[[124.37155835300007, 7.874474866000073], [124.36792052700001, 7.875445805000027], [124.36371046600006, 7.864463484000055], [124.36776565100001, 7.863761244000044], [124.36947640000005, 7.866035984000065], [124.36892936000005, 7.866791528000022], [124.37155835300007, 7.874474866000073]]]}}, {"type": "Feature", "properties": {"province": "Lanao del Sur", "municipality": "Lumba Bayabao", "barangay": "Macaguiling"}, "geometry": {"type": "Polygon", "coordinates": [[[124.37511157500012, 7.855932967000063], [124.3650788110001, 7.857790613000078], [124.36374389700008, 7.853042393000065], [124.36393749000001, 7.852819270000053], [124.37098474600009, 7.849014276000049], [124.37511157500012, 7.855932967000063]]]}}, {"type": "Feature", "properties": {"province": "Lanao del Sur", "municipality": "Lumba Bayabao", "barangay": "Mapantao"}, "geometry": {"type": "Polygon", "coordinates": [[[124.37951757200005, 7.857152163000023], [124.37706516100003, 7.861003847000064], [124.37511157500012, 7.855932967000063], [124.37098474600009, 7.849014276000049], [124.37269262500001, 7.849127684000054], [124.3793656680001, 7.840808132000063], [124.37931821400004, 7.838387456000019], [124.3815248950001, 7.844810819000029], [124.38693601700004, 7.857304842000074], [124.38390744400009, 7.858034915000077], [124.37951757200005, 7.857152163000023]]]}}, {"type": "Feature", "properties": {"province": "Lanao del Sur", "municipality": "Lumba Bayabao", "barangay": "Pagayawan"}, "geometry": {"type": "Polygon", "coordinates": [[[124.35572424000009, 7.876974828000074], [124.3461467300001, 7.877778639000038], [124.34701572000006, 7.875931795000044], [124.350196148, 7.873033467000027], [124.35600253700011, 7.871145319000047], [124.35572424000009, 7.876974828000074]]]}}, {"type": "Feature", "properties": {"province": "Lanao del Sur", "municipality": "Lumba Bayabao", "barangay": "Maribo"}, "geometry": {"type": "Polygon", "coordinates": [[[124.37178091400006, 7.865077949000067], [124.36947640000005, 7.866035984000065], [124.36776565100001, 7.863761244000044], [124.37066491300003, 7.861424233000038], [124.37178925600004, 7.862106304000068], [124.37178091400006, 7.865077949000067]]]}}, {"type": "Feature", "properties": {"province": "Lanao del Sur", "municipality": "Lumba Bayabao", "barangay": "Posudaragat"}, "geometry": {"type": "Polygon", "coordinates": [[[124.37674534500002, 7.872410998000021], [124.37505452800008, 7.872860675000027], [124.36892936000005, 7.866791528000022], [124.36947640000005, 7.866035984000065], [124.37178091400006, 7.865077949000067], [124.37674534500002, 7.872410998000021]]]}}, {"type": "Feature", "properties": {"province": "Lanao del Sur", "municipality": "Lumba Bayabao", "barangay": "Rumayas"}, "geometry": {"type": "Polygon", "coordinates": [[[124.36792052700001, 7.875445805000027], [124.36165396700007, 7.876777133000074], [124.35916262600004, 7.86507365600005], [124.36085240800004, 7.864859917000047], [124.36371046600006, 7.864463484000055], [124.36792052700001, 7.875445805000027]]]}}, {"type": "Feature", "properties": {"province": "Lanao del Sur", "municipality": "Lumba Bayabao", "barangay": "Sabala Bantayao"}, "geometry": {"type": "Polygon", "coordinates": [[[124.3793656680001, 7.840808132000063], [124.3703660220001, 7.842923975000078], [124.36984858300004, 7.840382267000051], [124.39476549500012, 7.812132117000035], [124.37931821400004, 7.838387456000019], [124.3793656680001, 7.840808132000063]]]}}, {"type": "Feature", "properties": {"province": "Lanao del Sur", "municipality": "Lumba Bayabao", "barangay": "Salaman"}, "geometry": {"type": "Polygon", "coordinates": [[[124.35916262600004, 7.86507365600005], [124.3559751570001, 7.865335276000053], [124.35602389300004, 7.855555653000067], [124.35637335700005, 7.855185033000053], [124.36033757300004, 7.855665325000073], [124.36097189800012, 7.861100242000021], [124.36085240800004, 7.864859917000047], [124.35916262600004, 7.86507365600005]]]}}, {"type": "Feature", "properties": {"province": "Lanao del Sur", "municipality": "Lumba Bayabao", "barangay": "Salolodun Berwar"}, "geometry": {"type": "Polygon", "coordinates": [[[124.37401802900003, 7.861008733000061], [124.37178925600004, 7.862106304000068], [124.37066491300003, 7.861424233000038], [124.36569244100008, 7.860628070000077], [124.3650788110001, 7.857790613000078], [124.37511157500012, 7.855932967000063], [124.37706516100003, 7.861003847000064], [124.37742993000008, 7.862057331000073], [124.37401802900003, 7.861008733000061]]]}}, {"type": "Feature", "properties": {"province": "Lanao del Sur", "municipality": "Lumba Bayabao", "barangay": "Sarigidan Madiar"}, "geometry": {"type": "Polygon", "coordinates": [[[124.345036153, 7.874011], [124.34119446300008, 7.877149558000043], [124.34382588100004, 7.871255226000073], [124.345036153, 7.874011]]]}}, {"type": "Feature", "properties": {"province": "Lanao del Sur", "municipality": "Lumba Bayabao", "barangay": "Sunggod"}, "geometry": {"type": "Polygon", "coordinates": [[[124.36371046600006, 7.864463484000055], [124.36085240800004, 7.864859917000047], [124.36097189800012, 7.861100242000021], [124.36569244100008, 7.860628070000077], [124.37066491300003, 7.861424233000038], [124.36776565100001, 7.863761244000044], [124.36371046600006, 7.864463484000055]]]}}, {"type": "Feature", "properties": {"province": "Lanao del Sur", "municipality": "Lumba Bayabao", "barangay": "Taluan"}, "geometry": {"type": "Polygon", "coordinates": [[[124.34961599500002, 7.857848777000072], [124.346918576, 7.856389757000047], [124.355871664, 7.846770930000048], [124.35637335700005, 7.855185033000053], [124.35602389300004, 7.855555653000067], [124.35370734700007, 7.855234708000067], [124.34961599500002, 7.857848777000072]]]}}, {"type": "Feature", "properties": {"province": "Lanao del Sur", "municipality": "Lumba Bayabao", "barangay": "Tamlang"}, "geometry": {"type": "Polygon", "coordinates": [[[124.37887442700003, 7.871701408000036], [124.37674534500002, 7.872410998000021], [124.37178091400006, 7.865077949000067], [124.37178925600004, 7.862106304000068], [124.37401802900003, 7.861008733000061], [124.37887442700003, 7.871701408000036]]]}}, {"type": "Feature", "properties": {"province": "Lanao del Sur", "municipality": "Lumba Bayabao", "barangay": "Tongcopan"}, "geometry": {"type": "Polygon", "coordinates": [[[124.40612291100003, 7.859840821000035], [124.39629007300005, 7.862963792000073], [124.39274599500003, 7.857349309000028], [124.40426663000004, 7.851182020000069], [124.40612291100003, 7.859840821000035]]]}}, {"type": "Feature", "properties": {"province": "Lanao del Sur", "municipality": "Lumba Bayabao", "barangay": "Turogan"}, "geometry": {"type": "Polygon", "coordinates": [[[124.36165396700007, 7.876777133000074], [124.35572424000009, 7.876974828000074], [124.35600253700011, 7.871145319000047], [124.3559751570001, 7.865335276000053], [124.35916262600004, 7.86507365600005], [124.36165396700007, 7.876777133000074]]]}}, {"type": "Feature", "properties": {"province": "Lanao del Sur", "municipality": "Lumba Bayabao", "barangay": "Minaring Diladigan"}, "geometry": {"type": "Polygon", "coordinates": [[[124.39629007300005, 7.862963792000073], [124.38696369000002, 7.864328945000066], [124.3846760140001, 7.859715872000037], [124.3903266980001, 7.856841311000039], [124.39274599500003, 7.857349309000028], [124.39629007300005, 7.862963792000073]]]}}, {"type": "Feature", "properties": {"province": "Basilan", "municipality": "Lamitan City", "barangay": "Arco"}, "geometry": {"type": "Polygon", "coordinates": [[[122.09144717000005, 6.594881103000034], [122.09129848200007, 6.596487713000043], [122.06724730100005, 6.595503635000057], [122.07182403300008, 6.564365216000057], [122.09534814800008, 6.564440984000043], [122.09341941900004, 6.577175620000047], [122.09144717000005, 6.594881103000034]]]}}, {"type": "Feature", "properties": {"province": "Basilan", "municipality": "Lamitan City", "barangay": "Ba-as"}, "geometry": {"type": "Polygon", "coordinates": [[[122.1713332920001, 6.594281213000045], [122.16314351500012, 6.593868461000056], [122.166804468, 6.583493971000052], [122.16822170500006, 6.577636050000024], [122.17947457300012, 6.579421101000037], [122.1713332920001, 6.594281213000045]]]}}, {"type": "Feature", "properties": {"province": "Basilan", "municipality": "Lamitan City", "barangay": "Baimbing"}, "geometry": {"type": "Polygon", "coordinates": [[[122.150833669, 6.625628847000029], [122.128533908, 6.627790299000026], [122.13784196100003, 6.619754709000062], [122.12796499400008, 6.604822520000027], [122.15123244300001, 6.603003474000047], [122.15097218200003, 6.611566213000059], [122.150833669, 6.625628847000029]]]}}, {"type": "Feature", "properties": {"province": "Basilan", "municipality": "Lamitan City", "barangay": "Balagtasan"}, "geometry": {"type": "Polygon", "coordinates": [[[122.06461217400012, 6.699610795000067], [122.06591428500008, 6.717526250000049], [122.05025400000011, 6.715772], [122.03790037800003, 6.712505753000071], [122.0306218390001, 6.701449177000029], [122.04848840000011, 6.681266500000048], [122.05868291500008, 6.690102418000037], [122.06461217400012, 6.699610795000067]]]}}, {"type": "Feature", "properties": {"province": "Basilan", "municipality": "Lamitan City", "barangay": "Balas"}, "geometry": {"type": "Polygon", "coordinates": [[[122.139814569, 6.677947036000034], [122.14121555100009, 6.702040162000059], [122.13766473400005, 6.712567570000033], [122.12181712600011, 6.70287513300002], [122.1224833130001, 6.688194828000065], [122.133439328, 6.674379933000069], [122.139814569, 6.677947036000034]]]}}, {"type": "Feature", "properties": {"province": "Basilan", "municipality": "Lamitan City", "barangay": "Balobo"}, "geometry": {"type": "Polygon", "coordinates": [[[122.1504223710001, 6.643960600000072], [122.14084191400002, 6.649435926000026], [122.13092726600009, 6.64431570000005], [122.12455058100011, 6.640942371000051], [122.12851701800003, 6.631485859000064], [122.128533908, 6.627790299000026], [122.150833669, 6.625628847000029], [122.15084682400004, 6.63335240400005], [122.1504223710001, 6.643960600000072]]]}}, {"type": "Feature", "properties": {"province": "Basilan", "municipality": "Lamitan City", "barangay": "Bato"}, "geometry": {"type": "Polygon", "coordinates": [[[122.14769875400009, 6.671119713000053], [122.139814569, 6.677947036000034], [122.133439328, 6.674379933000069], [122.13542505500004, 6.666830952000055], [122.14471392000007, 6.66494437600005], [122.14769875400009, 6.671119713000053]]]}}, {"type": "Feature", "properties": {"province": "Basilan", "municipality": "Lamitan City", "barangay": "Boheyakan"}, "geometry": {"type": "Polygon", "coordinates": [[[122.11176368800012, 6.598927460000025], [122.09144717000005, 6.594881103000034], [122.09341941900004, 6.577175620000047], [122.11009974000001, 6.579275764000044], [122.11176368800012, 6.598927460000025]]]}}, {"type": "Feature", "properties": {"province": "Basilan", "municipality": "Lamitan City", "barangay": "Buahan"}, "geometry": {"type": "Polygon", "coordinates": [[[122.12181712600011, 6.70287513300002], [122.11724960900007, 6.712435489000029], [122.09710057000008, 6.705473371000038], [122.09522343700007, 6.680247142000042], [122.11050691900006, 6.678963804000033], [122.1224833130001, 6.688194828000065], [122.12181712600011, 6.70287513300002]]]}}, {"type": "Feature", "properties": {"province": "Basilan", "municipality": "Lamitan City", "barangay": "Boheibu"}, "geometry": {"type": "Polygon", "coordinates": [[[122.15123244300001, 6.603003474000047], [122.12796499400008, 6.604822520000027], [122.1264664900001, 6.602996136000059], [122.13984058000007, 6.596251412000072], [122.14347220400009, 6.580275026000038], [122.166804468, 6.583493971000052], [122.16314351500012, 6.593868461000056], [122.15123244300001, 6.603003474000047]]]}}, {"type": "Feature", "properties": {"province": "Basilan", "municipality": "Lamitan City", "barangay": "Bohesapa"}, "geometry": {"type": "Polygon", "coordinates": [[[122.07182403300008, 6.564365216000057], [122.06724730100005, 6.595503635000057], [122.04032610500006, 6.595145655000066], [122.04289291400005, 6.56481997900005], [122.07182403300008, 6.564365216000057]]]}}, {"type": "Feature", "properties": {"province": "Basilan", "municipality": "Lamitan City", "barangay": "Bulingan"}, "geometry": {"type": "Polygon", "coordinates": [[[122.12292629900003, 6.599117653000064], [122.11176368800012, 6.598927460000025], [122.11009974000001, 6.579275764000044], [122.12424376700004, 6.57959930000004], [122.12292629900003, 6.599117653000064]]]}}, {"type": "Feature", "properties": {"province": "Basilan", "municipality": "Lamitan City", "barangay": "Cabobo"}, "geometry": {"type": "Polygon", "coordinates": [[[122.13986117, 6.654836006000038], [122.13596522700004, 6.655509239000025], [122.13206064600001, 6.651385309000034], [122.13092726600009, 6.64431570000005], [122.14084191400002, 6.649435926000026], [122.13986117, 6.654836006000038]]]}}, {"type": "Feature", "properties": {"province": "Basilan", "municipality": "Lamitan City", "barangay": "Campo Uno"}, "geometry": {"type": "Polygon", "coordinates": [[[122.16044420000003, 6.633303100000033], [122.15084682400004, 6.63335240400005], [122.150833669, 6.625628847000029], [122.15097218200003, 6.611566213000059], [122.17084254200006, 6.613425603000053], [122.16044420000003, 6.633303100000033]]]}}, {"type": "Feature", "properties": {"province": "Basilan", "municipality": "Lamitan City", "barangay": "Colonia"}, "geometry": {"type": "Polygon", "coordinates": [[[122.16044420000003, 6.633303100000033], [122.15419520000013, 6.648972900000047], [122.1504223710001, 6.643960600000072], [122.15084682400004, 6.63335240400005], [122.16044420000003, 6.633303100000033]]]}}, {"type": "Feature", "properties": {"province": "Basilan", "municipality": "Lamitan City", "barangay": "Calugusan"}, "geometry": {"type": "Polygon", "coordinates": [[[122.13766473400005, 6.712567570000033], [122.13263396200013, 6.719219906000034], [122.11422185200003, 6.722043198000051], [122.11724960900007, 6.712435489000029], [122.12181712600011, 6.70287513300002], [122.13766473400005, 6.712567570000033]]]}}, {"type": "Feature", "properties": {"province": "Basilan", "municipality": "Lamitan City", "barangay": "Kulay Bato"}, "geometry": {"type": "Polygon", "coordinates": [[[122.15378180000006, 6.661090929000068], [122.14769875400009, 6.671119713000053], [122.14471392000007, 6.66494437600005], [122.1446532000001, 6.664807900000027], [122.1486587160001, 6.663636447000044], [122.15378180000006, 6.661090929000068]]]}}, {"type": "Feature", "properties": {"province": "Basilan", "municipality": "Lamitan City", "barangay": "Limo-ok"}, "geometry": {"type": "Polygon", "coordinates": [[[122.11183997100012, 6.653793987000029], [122.09146395800009, 6.663832568000031], [122.08329014700007, 6.649637869000061], [122.08283802400003, 6.632538471000032], [122.12851701800003, 6.631485859000064], [122.12455058100011, 6.640942371000051], [122.11183997100012, 6.653793987000029]]]}}, {"type": "Feature", "properties": {"province": "Basilan", "municipality": "Lamitan City", "barangay": "Lo-ok"}, "geometry": {"type": "Polygon", "coordinates": [[[122.12851701800003, 6.631485859000064], [122.08283802400003, 6.632538471000032], [122.08455879400003, 6.619909906000033], [122.09129848200007, 6.596487713000043], [122.09144717000005, 6.594881103000034], [122.11176368800012, 6.598927460000025], [122.12292629900003, 6.599117653000064], [122.1264664900001, 6.602996136000059], [122.12796499400008, 6.604822520000027], [122.13784196100003, 6.619754709000062], [122.128533908, 6.627790299000026], [122.12851701800003, 6.631485859000064]]]}}, {"type": "Feature", "properties": {"province": "Basilan", "municipality": "Lamitan City", "barangay": "Lumuton"}, "geometry": {"type": "Polygon", "coordinates": [[[122.08455879400003, 6.619909906000033], [122.03492514400013, 6.61583752900003], [122.04032610500006, 6.595145655000066], [122.06724730100005, 6.595503635000057], [122.09129848200007, 6.596487713000043], [122.08455879400003, 6.619909906000033]]]}}, {"type": "Feature", "properties": {"province": "Basilan", "municipality": "Lamitan City", "barangay": "Luksumbang"}, "geometry": {"type": "Polygon", "coordinates": [[[122.11422185200003, 6.722043198000051], [122.0943917300001, 6.714745652000031], [122.08264743900008, 6.730437224000069], [122.081878, 6.712445], [122.09710057000008, 6.705473371000038], [122.11724960900007, 6.712435489000029], [122.11422185200003, 6.722043198000051]]]}}, {"type": "Feature", "properties": {"province": "Basilan", "municipality": "Lamitan City", "barangay": "Malo-ong Canal"}, "geometry": {"type": "Polygon", "coordinates": [[[122.08264743900008, 6.730437224000069], [122.0795022220001, 6.740660098000035], [122.06222685200011, 6.733381244000041], [122.06591428500008, 6.717526250000049], [122.06461217400012, 6.699610795000067], [122.081878, 6.712445], [122.08264743900008, 6.730437224000069]]]}}, {"type": "Feature", "properties": {"province": "Basilan", "municipality": "Lamitan City", "barangay": "Malo-ong San Jose"}, "geometry": {"type": "Polygon", "coordinates": [[[122.09710057000008, 6.705473371000038], [122.081878, 6.712445], [122.06461217400012, 6.699610795000067], [122.05868291500008, 6.690102418000037], [122.06776670000009, 6.677757100000065], [122.09060429500005, 6.671484381000028], [122.09522343700007, 6.680247142000042], [122.09710057000008, 6.705473371000038]]]}}, {"type": "Feature", "properties": {"province": "Basilan", "municipality": "Lamitan City", "barangay": "Parangbasak"}, "geometry": {"type": "Polygon", "coordinates": [[[122.19594928500011, 6.568911670000033], [122.17205374800007, 6.569174092000026], [122.16919439400009, 6.560061743000062], [122.19082887200011, 6.551593368000055], [122.19594928500011, 6.568911670000033]]]}}, {"type": "Feature", "properties": {"province": "Basilan", "municipality": "Lamitan City", "barangay": "Santa Clara"}, "geometry": {"type": "Polygon", "coordinates": [[[122.05868291500008, 6.690102418000037], [122.04848840000011, 6.681266500000048], [122.04768320000007, 6.657724300000039], [122.05295879200003, 6.648134467000035], [122.07480272400007, 6.655458138000029], [122.08329014700007, 6.649637869000061], [122.09146395800009, 6.663832568000031], [122.09060429500005, 6.671484381000028], [122.06776670000009, 6.677757100000065], [122.05868291500008, 6.690102418000037]]]}}, {"type": "Feature", "properties": {"province": "Basilan", "municipality": "Lamitan City", "barangay": "Tandong Ahas"}, "geometry": {"type": "Polygon", "coordinates": [[[122.0625422170001, 6.751317988000037], [122.04639891600006, 6.747654849000072], [122.04835888100003, 6.735514582000063], [122.05911580200006, 6.735503544000038], [122.0625422170001, 6.751317988000037]]]}}, {"type": "Feature", "properties": {"province": "Basilan", "municipality": "Lamitan City", "barangay": "Tumakid"}, "geometry": {"type": "Polygon", "coordinates": [[[122.0795022220001, 6.740660098000035], [122.0625422170001, 6.751317988000037], [122.05911580200006, 6.735503544000038], [122.06222685200011, 6.733381244000041], [122.0795022220001, 6.740660098000035]]]}}, {"type": "Feature", "properties": {"province": "Basilan", "municipality": "Lamitan City", "barangay": "Ubit"}, "geometry": {"type": "Polygon", "coordinates": [[[122.11050691900006, 6.678963804000033], [122.09522343700007, 6.680247142000042], [122.09060429500005, 6.671484381000028], [122.09146395800009, 6.663832568000031], [122.11183997100012, 6.653793987000029], [122.12502196000001, 6.657838661000027], [122.12649610900007, 6.660945458000071], [122.11050691900006, 6.678963804000033]]]}}, {"type": "Feature", "properties": {"province": "Basilan", "municipality": "Lamitan City", "barangay": "Bohebessey"}, "geometry": {"type": "Polygon", "coordinates": [[[122.16822170500006, 6.577636050000024], [122.166804468, 6.583493971000052], [122.14347220400009, 6.580275026000038], [122.14778012000009, 6.566596307000055], [122.15286608400005, 6.55701698100006], [122.16919439400009, 6.560061743000062], [122.17205374800007, 6.569174092000026], [122.16822170500006, 6.577636050000024]]]}}, {"type": "Feature", "properties": {"province": "Basilan", "municipality": "Lamitan City", "barangay": "Baungos"}, "geometry": {"type": "Polygon", "coordinates": [[[122.05911580200006, 6.735503544000038], [122.04835888100003, 6.735514582000063], [122.0426629850001, 6.725156065000021], [122.05025400000011, 6.715772], [122.06591428500008, 6.717526250000049], [122.06222685200011, 6.733381244000041], [122.05911580200006, 6.735503544000038]]]}}, {"type": "Feature", "properties": {"province": "Basilan", "municipality": "Lamitan City", "barangay": "Danit-Puntocan"}, "geometry": {"type": "Polygon", "coordinates": [[[122.14347220400009, 6.580275026000038], [122.13984058000007, 6.596251412000072], [122.1264664900001, 6.602996136000059], [122.12292629900003, 6.599117653000064], [122.12424376700004, 6.57959930000004], [122.1273138690001, 6.565390389000072], [122.14778012000009, 6.566596307000055], [122.14347220400009, 6.580275026000038]]]}}, {"type": "Feature", "properties": {"province": "Basilan", "municipality": "Lamitan City", "barangay": "Sabong"}, "geometry": {"type": "Polygon", "coordinates": [[[122.1713332920001, 6.594281213000045], [122.17084254200006, 6.613425603000053], [122.15097218200003, 6.611566213000059], [122.15123244300001, 6.603003474000047], [122.16314351500012, 6.593868461000056], [122.1713332920001, 6.594281213000045]]]}}, {"type": "Feature", "properties": {"province": "Basilan", "municipality": "Lamitan City", "barangay": "Sengal"}, "geometry": {"type": "Polygon", "coordinates": [[[122.133439328, 6.674379933000069], [122.1224833130001, 6.688194828000065], [122.11050691900006, 6.678963804000033], [122.12649610900007, 6.660945458000071], [122.13289742100007, 6.664035450000028], [122.13542505500004, 6.666830952000055], [122.133439328, 6.674379933000069]]]}}, {"type": "Feature", "properties": {"province": "Basilan", "municipality": "Lamitan City", "barangay": "Ulame"}, "geometry": {"type": "Polygon", "coordinates": [[[122.04835888100003, 6.735514582000063], [122.04639891600006, 6.747654849000072], [122.0325893050001, 6.741121540000051], [122.03790037800003, 6.712505753000071], [122.05025400000011, 6.715772], [122.0426629850001, 6.725156065000021], [122.04835888100003, 6.735514582000063]]]}}, {"type": "Feature", "properties": {"province": "Basilan", "municipality": "Lamitan City", "barangay": "Bohenange"}, "geometry": {"type": "Polygon", "coordinates": [[[122.08329014700007, 6.649637869000061], [122.07480272400007, 6.655458138000029], [122.05295879200003, 6.648134467000035], [122.04768320000007, 6.657724300000039], [122.03671780000002, 6.653846200000031], [122.03002564800012, 6.617820360000053], [122.03492514400013, 6.61583752900003], [122.08455879400003, 6.619909906000033], [122.08283802400003, 6.632538471000032], [122.08329014700007, 6.649637869000061]]]}}, {"type": "Feature", "properties": {"province": "Basilan", "municipality": "Lamitan City", "barangay": "Boheyawas"}, "geometry": {"type": "Polygon", "coordinates": [[[122.12502196000001, 6.657838661000027], [122.11183997100012, 6.653793987000029], [122.12455058100011, 6.640942371000051], [122.13092726600009, 6.64431570000005], [122.13206064600001, 6.651385309000034], [122.12502196000001, 6.657838661000027]]]}}, {"type": "Feature", "properties": {"province": "Basilan", "municipality": "Lamitan City", "barangay": "Bulanting"}, "geometry": {"type": "Polygon", "coordinates": [[[122.14493679500004, 6.656603375000031], [122.13986117, 6.654836006000038], [122.14084191400002, 6.649435926000026], [122.1504223710001, 6.643960600000072], [122.15419520000013, 6.648972900000047], [122.1513816360001, 6.651305456000046], [122.14493679500004, 6.656603375000031]]]}}, {"type": "Feature", "properties": {"province": "Basilan", "municipality": "Lamitan City", "barangay": "Lebbuh"}, "geometry": {"type": "Polygon", "coordinates": [[[122.19594928500011, 6.568911670000033], [122.17947457300012, 6.579421101000037], [122.16822170500006, 6.577636050000024], [122.17205374800007, 6.569174092000026], [122.19594928500011, 6.568911670000033]]]}}, {"type": "Feature", "properties": {"province": "Basilan", "municipality": "Lamitan City", "barangay": "Maganda"}, "geometry": {"type": "Polygon", "coordinates": [[[122.14310746800005, 6.657986523000035], [122.14037630000007, 6.660045300000034], [122.13772457200002, 6.658262884000067], [122.13596522700004, 6.655509239000025], [122.13986117, 6.654836006000038], [122.14493679500004, 6.656603375000031], [122.14310746800005, 6.657986523000035]]]}}, {"type": "Feature", "properties": {"province": "Basilan", "municipality": "Lamitan City", "barangay": "Malakas"}, "geometry": {"type": "Polygon", "coordinates": [[[122.14471392000007, 6.66494437600005], [122.13542505500004, 6.666830952000055], [122.13289742100007, 6.664035450000028], [122.13636890000008, 6.660308600000064], [122.13884710000004, 6.662285600000074], [122.1446532000001, 6.664807900000027], [122.14471392000007, 6.66494437600005]]]}}, {"type": "Feature", "properties": {"province": "Basilan", "municipality": "Lamitan City", "barangay": "Maligaya"}, "geometry": {"type": "Polygon", "coordinates": [[[122.14037630000007, 6.660045300000034], [122.13884710000004, 6.662285600000074], [122.13636890000008, 6.660308600000064], [122.13772457200002, 6.658262884000067], [122.14037630000007, 6.660045300000034]]]}}, {"type": "Feature", "properties": {"province": "Basilan", "municipality": "Lamitan City", "barangay": "Malinis (Pob.)"}, "geometry": {"type": "Polygon", "coordinates": [[[122.15378180000006, 6.661090929000068], [122.1486587160001, 6.663636447000044], [122.14310746800005, 6.657986523000035], [122.14493679500004, 6.656603375000031], [122.1513816360001, 6.651305456000046], [122.15378180000006, 6.661090929000068]]]}}, {"type": "Feature", "properties": {"province": "Basilan", "municipality": "Lamitan City", "barangay": "Matatag"}, "geometry": {"type": "Polygon", "coordinates": [[[122.13636890000008, 6.660308600000064], [122.13289742100007, 6.664035450000028], [122.12649610900007, 6.660945458000071], [122.12502196000001, 6.657838661000027], [122.13206064600001, 6.651385309000034], [122.13596522700004, 6.655509239000025], [122.13772457200002, 6.658262884000067], [122.13636890000008, 6.660308600000064]]]}}, {"type": "Feature", "properties": {"province": "Basilan", "municipality": "Lamitan City", "barangay": "Matibay"}, "geometry": {"type": "Polygon", "coordinates": [[[122.1486587160001, 6.663636447000044], [122.1446532000001, 6.664807900000027], [122.13884710000004, 6.662285600000074], [122.14037630000007, 6.660045300000034], [122.14310746800005, 6.657986523000035], [122.1486587160001, 6.663636447000044]]]}}, {"type": "Feature", "properties": {"province": "Basilan", "municipality": "Lamitan City", "barangay": "Simbangon"}, "geometry": {"type": "Polygon", "coordinates": [[[122.11009974000001, 6.579275764000044], [122.09341941900004, 6.577175620000047], [122.09534814800008, 6.564440984000043], [122.1273138690001, 6.565390389000072], [122.12424376700004, 6.57959930000004], [122.11009974000001, 6.579275764000044]]]}}, {"type": "Feature", "properties": {"province": "Basilan", "municipality": "Akbar", "barangay": "Caddayan"}, "geometry": {"type": "Polygon", "coordinates": [[[122.16642338400003, 6.648544815000036], [122.15419520000013, 6.648972900000047], [122.15937183700011, 6.636606190000066], [122.18422948700002, 6.63344139800006], [122.1835505140001, 6.644520043000057], [122.16642338400003, 6.648544815000036]]]}}, {"type": "Feature", "properties": {"province": "Basilan", "municipality": "Akbar", "barangay": "Lower Bato-bato"}, "geometry": {"type": "Polygon", "coordinates": [[[122.1818984680001, 6.666138977000059], [122.1738140440001, 6.663139266000031], [122.16196059900004, 6.670084471000051], [122.15828801900011, 6.65924655300006], [122.16463531300008, 6.657889786000054], [122.18512536800007, 6.655491832000053], [122.1818984680001, 6.666138977000059]]]}}, {"type": "Feature", "properties": {"province": "Basilan", "municipality": "Akbar", "barangay": "Mangalut"}, "geometry": {"type": "Polygon", "coordinates": [[[122.18474631400011, 6.629090887000076], [122.19012950700004, 6.617978588000028], [122.22937788800004, 6.62313302800004], [122.21976180700005, 6.632005422000021], [122.18474631400011, 6.629090887000076]]]}}, {"type": "Feature", "properties": {"province": "Basilan", "municipality": "Akbar", "barangay": "Manguso"}, "geometry": {"type": "Polygon", "coordinates": [[[122.266826, 6.62575490000006], [122.24151576800011, 6.62458187900006], [122.2623199530001, 6.609237429000073], [122.266826, 6.62575490000006]]]}}, {"type": "Feature", "properties": {"province": "Basilan", "municipality": "Akbar", "barangay": "Paguengan"}, "geometry": {"type": "Polygon", "coordinates": [[[122.18512536800007, 6.655491832000053], [122.16463531300008, 6.657889786000054], [122.16642338400003, 6.648544815000036], [122.1835505140001, 6.644520043000057], [122.18507733600006, 6.644907613000044], [122.18512536800007, 6.655491832000053]]]}}, {"type": "Feature", "properties": {"province": "Basilan", "municipality": "Akbar", "barangay": "Semut"}, "geometry": {"type": "Polygon", "coordinates": [[[122.20126079700003, 6.646490580000032], [122.20315575900008, 6.665201514000047], [122.1818984680001, 6.666138977000059], [122.18512536800007, 6.655491832000053], [122.18507733600006, 6.644907613000044], [122.20126079700003, 6.646490580000032]]]}}, {"type": "Feature", "properties": {"province": "Basilan", "municipality": "Akbar", "barangay": "Upper Bato-bato"}, "geometry": {"type": "Polygon", "coordinates": [[[122.15828801900011, 6.65924655300006], [122.15419520000013, 6.648972900000047], [122.16642338400003, 6.648544815000036], [122.16463531300008, 6.657889786000054], [122.15828801900011, 6.65924655300006]]]}}, {"type": "Feature", "properties": {"province": "Basilan", "municipality": "Akbar", "barangay": "Upper Sinangkapan"}, "geometry": {"type": "Polygon", "coordinates": [[[122.20126079700003, 6.646490580000032], [122.18507733600006, 6.644907613000044], [122.1835505140001, 6.644520043000057], [122.18422948700002, 6.63344139800006], [122.18474631400011, 6.629090887000076], [122.21976180700005, 6.632005422000021], [122.22131779700011, 6.637884382000037], [122.20126079700003, 6.646490580000032]]]}}, {"type": "Feature", "properties": {"province": "Basilan", "municipality": "Al-Barka", "barangay": "Apil-apil"}, "geometry": {"type": "Polygon", "coordinates": [[[122.19574142500005, 6.487346633000072], [122.18080627000008, 6.486770546000058], [122.18137059500009, 6.473527738000031], [122.18147929800011, 6.466142156000044], [122.19392477000008, 6.471713850000071], [122.19574142500005, 6.487346633000072]]]}}, {"type": "Feature", "properties": {"province": "Basilan", "municipality": "Al-Barka", "barangay": "Bato-bato"}, "geometry": {"type": "Polygon", "coordinates": [[[122.19640304600011, 6.495685816000048], [122.18055558800008, 6.495130574000028], [122.18080048700006, 6.486905950000051], [122.18080627000008, 6.486770546000058], [122.19574142500005, 6.487346633000072], [122.19640304600011, 6.495685816000048]]]}}, {"type": "Feature", "properties": {"province": "Basilan", "municipality": "Al-Barka", "barangay": "Bohe-Piang"}, "geometry": {"type": "Polygon", "coordinates": [[[122.12534175000008, 6.475714387000039], [122.11978502500006, 6.464965683000059], [122.12939254700007, 6.452582307000057], [122.154065994, 6.455613930000027], [122.15378743000008, 6.461701385000025], [122.1385368670001, 6.461292504000028], [122.12835554100003, 6.467177307000041], [122.12534175000008, 6.475714387000039]]]}}, {"type": "Feature", "properties": {"province": "Basilan", "municipality": "Al-Barka", "barangay": "Bucalao"}, "geometry": {"type": "Polygon", "coordinates": [[[122.19392477000008, 6.471713850000071], [122.18147929800011, 6.466142156000044], [122.184005038, 6.458716943000069], [122.19239309800003, 6.46147047900007], [122.19392477000008, 6.471713850000071]]]}}, {"type": "Feature", "properties": {"province": "Basilan", "municipality": "Al-Barka", "barangay": "Cambug"}, "geometry": {"type": "Polygon", "coordinates": [[[122.19195575700009, 6.513354946000049], [122.17644792500006, 6.513633901000047], [122.17855623500009, 6.508157288000064], [122.18105724300007, 6.50325087300007], [122.19721323500005, 6.505128677000072], [122.19195575700009, 6.513354946000049]]]}}, {"type": "Feature", "properties": {"province": "Basilan", "municipality": "Al-Barka", "barangay": "Danapah"}, "geometry": {"type": "Polygon", "coordinates": [[[122.19195575700009, 6.513354946000049], [122.19227906200001, 6.51898917400007], [122.17536648700002, 6.524499634000052], [122.17644792500006, 6.513633901000047], [122.19195575700009, 6.513354946000049]]]}}, {"type": "Feature", "properties": {"province": "Basilan", "municipality": "Al-Barka", "barangay": "Guinanta"}, "geometry": {"type": "Polygon", "coordinates": [[[122.18105724300007, 6.50325087300007], [122.17855623500009, 6.508157288000064], [122.1693997630001, 6.502029789000063], [122.156272111, 6.498930690000066], [122.15877521000004, 6.488164425000035], [122.18080048700006, 6.486905950000051], [122.18055558800008, 6.495130574000028], [122.18105724300007, 6.50325087300007]]]}}, {"type": "Feature", "properties": {"province": "Basilan", "municipality": "Al-Barka", "barangay": "Kailih"}, "geometry": {"type": "Polygon", "coordinates": [[[122.19640304600011, 6.495685816000048], [122.19721323500005, 6.505128677000072], [122.18105724300007, 6.50325087300007], [122.18055558800008, 6.495130574000028], [122.19640304600011, 6.495685816000048]]]}}, {"type": "Feature", "properties": {"province": "Basilan", "municipality": "Al-Barka", "barangay": "Kinukutan"}, "geometry": {"type": "Polygon", "coordinates": [[[122.184005038, 6.458716943000069], [122.18147929800011, 6.466142156000044], [122.15378743000008, 6.461701385000025], [122.154065994, 6.455613930000027], [122.15765666200002, 6.450191264000068], [122.184005038, 6.458716943000069]]]}}, {"type": "Feature", "properties": {"province": "Basilan", "municipality": "Al-Barka", "barangay": "Kuhon"}, "geometry": {"type": "Polygon", "coordinates": [[[122.18137059500009, 6.473527738000031], [122.16902263700003, 6.471406826000019], [122.15975447900006, 6.474794968000025], [122.15662625700008, 6.474198852000029], [122.15378743000008, 6.461701385000025], [122.18147929800011, 6.466142156000044], [122.18137059500009, 6.473527738000031]]]}}, {"type": "Feature", "properties": {"province": "Basilan", "municipality": "Al-Barka", "barangay": "Kuhon Lennuh"}, "geometry": {"type": "Polygon", "coordinates": [[[122.15662625700008, 6.474198852000029], [122.13723379500003, 6.479170622000026], [122.12534175000008, 6.475714387000039], [122.12835554100003, 6.467177307000041], [122.1385368670001, 6.461292504000028], [122.15378743000008, 6.461701385000025], [122.15662625700008, 6.474198852000029]]]}}, {"type": "Feature", "properties": {"province": "Basilan", "municipality": "Al-Barka", "barangay": "Linuan"}, "geometry": {"type": "Polygon", "coordinates": [[[122.17644792500006, 6.513633901000047], [122.17536648700002, 6.524499634000052], [122.15500774200007, 6.510539857000025], [122.156272111, 6.498930690000066], [122.1693997630001, 6.502029789000063], [122.17855623500009, 6.508157288000064], [122.17644792500006, 6.513633901000047]]]}}, {"type": "Feature", "properties": {"province": "Basilan", "municipality": "Al-Barka", "barangay": "Macalang"}, "geometry": {"type": "Polygon", "coordinates": [[[122.17536648700002, 6.524499634000052], [122.17107026500004, 6.533496614000057], [122.15477392000003, 6.526342562000023], [122.15500774200007, 6.510539857000025], [122.17536648700002, 6.524499634000052]]]}}, {"type": "Feature", "properties": {"province": "Basilan", "municipality": "Al-Barka", "barangay": "Magcawa"}, "geometry": {"type": "Polygon", "coordinates": [[[122.18080048700006, 6.486905950000051], [122.15877521000004, 6.488164425000035], [122.15975447900006, 6.474794968000025], [122.16902263700003, 6.471406826000019], [122.18137059500009, 6.473527738000031], [122.18080627000008, 6.486770546000058], [122.18080048700006, 6.486905950000051]]]}}, {"type": "Feature", "properties": {"province": "Basilan", "municipality": "Al-Barka", "barangay": "Sangkahan"}, "geometry": {"type": "Polygon", "coordinates": [[[122.20786859600001, 6.507983086000023], [122.20541963500011, 6.496393639000075], [122.21964405300002, 6.497533161000034], [122.20786859600001, 6.507983086000023]]]}}, {"type": "Feature", "properties": {"province": "Basilan", "municipality": "Hadji Mohammad Adjul", "barangay": "Basakan"}, "geometry": {"type": "Polygon", "coordinates": [[[122.31114421900008, 6.641264962000037], [122.29229680900006, 6.647433750000062], [122.28907732300003, 6.630179031000069], [122.29646978900008, 6.614088373000071], [122.30713266900013, 6.618647148000036], [122.31114421900008, 6.641264962000037]]]}}, {"type": "Feature", "properties": {"province": "Basilan", "municipality": "Hadji Mohammad Adjul", "barangay": "Buton"}, "geometry": {"type": "Polygon", "coordinates": [[[122.25874419700007, 6.644437671000049], [122.23547423200012, 6.665153211000074], [122.22694742500006, 6.662118677000024], [122.23308833400004, 6.641782240000055], [122.2240668080001, 6.641592031000071], [122.21974772400007, 6.631952211000054], [122.22937788800004, 6.62313302800004], [122.25705670800006, 6.62643693900003], [122.25874419700007, 6.644437671000049]]]}}, {"type": "Feature", "properties": {"province": "Basilan", "municipality": "Hadji Mohammad Adjul", "barangay": "Candiis"}, "geometry": {"type": "Polygon", "coordinates": [[[122.30492156600008, 6.591274572000032], [122.29314546600006, 6.612139828000068], [122.27374386700002, 6.601509118000024], [122.26723319100007, 6.604326041000035], [122.25913553400007, 6.602792146000069], [122.26139126700002, 6.596348628000044], [122.27231158500001, 6.591193477000047], [122.28222029300002, 6.594964443000038], [122.30492156600008, 6.591274572000032]]]}}, {"type": "Feature", "properties": {"province": "Basilan", "municipality": "Hadji Mohammad Adjul", "barangay": "Langil"}, "geometry": {"type": "Polygon", "coordinates": [[[122.37736930100003, 6.77537184600004], [122.36146863700004, 6.767998926000074], [122.36687812800007, 6.760198360000062], [122.37991643100008, 6.76776157300003], [122.37736930100003, 6.77537184600004]]]}}, {"type": "Feature", "properties": {"province": "Basilan", "municipality": "Hadji Mohammad Adjul", "barangay": "Langong"}, "geometry": {"type": "Polygon", "coordinates": [[[122.26235519300008, 6.609335791000036], [122.25913553400007, 6.602792146000069], [122.26723319100007, 6.604326041000035], [122.26235519300008, 6.609335791000036]]]}}, {"type": "Feature", "properties": {"province": "Basilan", "municipality": "Hadji Mohammad Adjul", "barangay": "Languyan"}, "geometry": {"type": "Polygon", "coordinates": [[[122.29646978900008, 6.614088373000071], [122.28907732300003, 6.630179031000069], [122.26751526200007, 6.627556566000066], [122.26235519300008, 6.609335791000036], [122.26723319100007, 6.604326041000035], [122.27374386700002, 6.601509118000024], [122.29314546600006, 6.612139828000068], [122.29646978900008, 6.614088373000071]]]}}, {"type": "Feature", "properties": {"province": "Basilan", "municipality": "Hadji Mohammad Adjul", "barangay": "Pintasan"}, "geometry": {"type": "Polygon", "coordinates": [[[122.32278494900002, 6.613458628000045], [122.30713266900013, 6.618647148000036], [122.29646978900008, 6.614088373000071], [122.29314546600006, 6.612139828000068], [122.30492156600008, 6.591274572000032], [122.3160113550001, 6.598940852000054], [122.32278494900002, 6.613458628000045]]]}}, {"type": "Feature", "properties": {"province": "Basilan", "municipality": "Hadji Mohammad Adjul", "barangay": "Seronggon"}, "geometry": {"type": "Polygon", "coordinates": [[[122.22694742500006, 6.662118677000024], [122.20315575900008, 6.665201514000047], [122.20129688100008, 6.646493918000032], [122.2240668080001, 6.641592031000071], [122.23308833400004, 6.641782240000055], [122.22694742500006, 6.662118677000024]]]}}, {"type": "Feature", "properties": {"province": "Basilan", "municipality": "Hadji Mohammad Adjul", "barangay": "Sibago"}, "geometry": {"type": "Polygon", "coordinates": [[[122.39636378400007, 6.750002939000069], [122.39089531400008, 6.742547493000074], [122.40519315700011, 6.734388302000069], [122.406853145, 6.742042901000048], [122.39636378400007, 6.750002939000069]]]}}, {"type": "Feature", "properties": {"province": "Basilan", "municipality": "Hadji Mohammad Adjul", "barangay": "Sulutan Matangal"}, "geometry": {"type": "Polygon", "coordinates": [[[122.32278494900002, 6.613458628000045], [122.32793932400013, 6.624323869000023], [122.32168939000009, 6.635486393000063], [122.31114421900008, 6.641264962000037], [122.30713266900013, 6.618647148000036], [122.32278494900002, 6.613458628000045]]]}}, {"type": "Feature", "properties": {"province": "Basilan", "municipality": "Hadji Mohammad Adjul", "barangay": "Tuburan Proper"}, "geometry": {"type": "Polygon", "coordinates": [[[122.29229680900006, 6.647433750000062], [122.25874419700007, 6.644437671000049], [122.25705670800006, 6.62643693900003], [122.26751526200007, 6.627556566000066], [122.28907732300003, 6.630179031000069], [122.29229680900006, 6.647433750000062]]]}}, {"type": "Feature", "properties": {"province": "Basilan", "municipality": "Tuburan", "barangay": "Bohetambis"}, "geometry": {"type": "Polygon", "coordinates": [[[122.21731208100005, 6.595447988000046], [122.20385533900004, 6.596759559000021], [122.19286757900011, 6.576479026000071], [122.19493114100011, 6.557706719000065], [122.20708044200002, 6.555746950000071], [122.21212456100011, 6.580898362000027], [122.21976929400013, 6.58752569400002], [122.21731208100005, 6.595447988000046]]]}}, {"type": "Feature", "properties": {"province": "Basilan", "municipality": "Tuburan", "barangay": "Calut"}, "geometry": {"type": "Polygon", "coordinates": [[[122.21731208100005, 6.595447988000046], [122.21898793200012, 6.610498574000076], [122.20257259200002, 6.610786494000023], [122.2012393020001, 6.598444619000078], [122.20385533900004, 6.596759559000021], [122.21731208100005, 6.595447988000046]]]}}, {"type": "Feature", "properties": {"province": "Basilan", "municipality": "Tuburan", "barangay": "Duga-a"}, "geometry": {"type": "Polygon", "coordinates": [[[122.24322750100009, 6.611422447000052], [122.24151576800011, 6.62458187900006], [122.19012950700004, 6.617978588000028], [122.19117678300007, 6.607552301000053], [122.20257259200002, 6.610786494000023], [122.21898793200012, 6.610498574000076], [122.21731208100005, 6.595447988000046], [122.23303240200006, 6.60297618900006], [122.24322750100009, 6.611422447000052]]]}}, {"type": "Feature", "properties": {"province": "Basilan", "municipality": "Tuburan", "barangay": "Katipunan"}, "geometry": {"type": "Polygon", "coordinates": [[[122.1867171670001, 6.620233917000066], [122.16272740000012, 6.625950800000055], [122.172152, 6.611432300000046], [122.19117678300007, 6.607552301000053], [122.19012950700004, 6.617978588000028], [122.1867171670001, 6.620233917000066]]]}}, {"type": "Feature", "properties": {"province": "Basilan", "municipality": "Tuburan", "barangay": "Lahi-lahi"}, "geometry": {"type": "Polygon", "coordinates": [[[122.23899465000011, 6.595343017000061], [122.23303240200006, 6.60297618900006], [122.21731208100005, 6.595447988000046], [122.21976929400013, 6.58752569400002], [122.23899465000011, 6.595343017000061]]]}}, {"type": "Feature", "properties": {"province": "Basilan", "municipality": "Tuburan", "barangay": "Lower Sinangkapan"}, "geometry": {"type": "Polygon", "coordinates": [[[122.1867171670001, 6.620233917000066], [122.1838284370001, 6.636817334000056], [122.16272740000012, 6.625950800000055], [122.1867171670001, 6.620233917000066]]]}}, {"type": "Feature", "properties": {"province": "Basilan", "municipality": "Tuburan", "barangay": "Lower Tablas"}, "geometry": {"type": "Polygon", "coordinates": [[[122.19095066800004, 6.600267779000035], [122.17441998700009, 6.60694108900003], [122.1713332920001, 6.594281213000045], [122.19095066800004, 6.600267779000035]]]}}, {"type": "Feature", "properties": {"province": "Basilan", "municipality": "Tuburan", "barangay": "Mahawid"}, "geometry": {"type": "Polygon", "coordinates": [[[122.2012393020001, 6.598444619000078], [122.19095066800004, 6.600267779000035], [122.1713332920001, 6.594281213000045], [122.1794761000001, 6.579423700000062], [122.19286757900011, 6.576479026000071], [122.20385533900004, 6.596759559000021], [122.2012393020001, 6.598444619000078]]]}}, {"type": "Feature", "properties": {"province": "Basilan", "municipality": "Tuburan", "barangay": "Sinulatan"}, "geometry": {"type": "Polygon", "coordinates": [[[122.23899465000011, 6.595343017000061], [122.24322750100009, 6.611422447000052], [122.23303240200006, 6.60297618900006], [122.23899465000011, 6.595343017000061]]]}}, {"type": "Feature", "properties": {"province": "Basilan", "municipality": "Tuburan", "barangay": "Tablas Usew"}, "geometry": {"type": "Polygon", "coordinates": [[[122.19117678300007, 6.607552301000053], [122.172152, 6.611432300000046], [122.17441998700009, 6.60694108900003], [122.19095066800004, 6.600267779000035], [122.2012393020001, 6.598444619000078], [122.20257259200002, 6.610786494000023], [122.19117678300007, 6.607552301000053]]]}}, {"type": "Feature", "properties": {"province": "Basilan", "municipality": "Tipo-Tipo", "barangay": "Badja"}, "geometry": {"type": "Polygon", "coordinates": [[[122.1778953600001, 6.557896153000057], [122.14788223200001, 6.558040621000032], [122.14480844700006, 6.547194799000068], [122.150050436, 6.547832569000036], [122.1810176670001, 6.548474666000061], [122.1778953600001, 6.557896153000057]]]}}, {"type": "Feature", "properties": {"province": "Basilan", "municipality": "Tipo-Tipo", "barangay": "Baguindan"}, "geometry": {"type": "Polygon", "coordinates": [[[122.15877521000004, 6.488164425000035], [122.14897774100007, 6.498766495000039], [122.12455355400006, 6.493652906000022], [122.1295407, 6.48308017100004], [122.15877521000004, 6.488164425000035]]]}}, {"type": "Feature", "properties": {"province": "Basilan", "municipality": "Tipo-Tipo", "barangay": "Banah"}, "geometry": {"type": "Polygon", "coordinates": [[[122.200498926, 6.529768279000052], [122.2030027730001, 6.541404017000046], [122.18144958600008, 6.54462025400005], [122.1761665250001, 6.539902108000033], [122.1720650750001, 6.533293969000056], [122.17257023200011, 6.531562193000069], [122.200498926, 6.529768279000052]]]}}, {"type": "Feature", "properties": {"province": "Basilan", "municipality": "Tipo-Tipo", "barangay": "Bangcuang"}, "geometry": {"type": "Polygon", "coordinates": [[[122.1761665250001, 6.539902108000033], [122.15062102200012, 6.541524514000059], [122.14408309200009, 6.530358705000026], [122.15441754200002, 6.524678853000069], [122.1720650750001, 6.533293969000056], [122.1761665250001, 6.539902108000033]]]}}, {"type": "Feature", "properties": {"province": "Basilan", "municipality": "Tipo-Tipo", "barangay": "Bohe-Tambak"}, "geometry": {"type": "Polygon", "coordinates": [[[122.18144958600008, 6.54462025400005], [122.1810176670001, 6.548474666000061], [122.150050436, 6.547832569000036], [122.15062102200012, 6.541524514000059], [122.1761665250001, 6.539902108000033], [122.18144958600008, 6.54462025400005]]]}}, {"type": "Feature", "properties": {"province": "Basilan", "municipality": "Tipo-Tipo", "barangay": "Bohebaca"}, "geometry": {"type": "Polygon", "coordinates": [[[122.2030027730001, 6.541404017000046], [122.1778953600001, 6.557896153000057], [122.1810176670001, 6.548474666000061], [122.18144958600008, 6.54462025400005], [122.2030027730001, 6.541404017000046]]]}}, {"type": "Feature", "properties": {"province": "Basilan", "municipality": "Tipo-Tipo", "barangay": "Lagayas"}, "geometry": {"type": "Polygon", "coordinates": [[[122.14480844700006, 6.547194799000068], [122.13004298200008, 6.543651299000032], [122.12857380000003, 6.523348700000042], [122.14408309200009, 6.530358705000026], [122.15062102200012, 6.541524514000059], [122.150050436, 6.547832569000036], [122.14480844700006, 6.547194799000068]]]}}, {"type": "Feature", "properties": {"province": "Basilan", "municipality": "Tipo-Tipo", "barangay": "Limbo-Upas"}, "geometry": {"type": "Polygon", "coordinates": [[[122.15441754200002, 6.524678853000069], [122.14408309200009, 6.530358705000026], [122.12857380000003, 6.523348700000042], [122.12771140000007, 6.51622], [122.14752779000004, 6.507431626000026], [122.15441754200002, 6.524678853000069]]]}}, {"type": "Feature", "properties": {"province": "Basilan", "municipality": "Tipo-Tipo", "barangay": "Silangkum"}, "geometry": {"type": "Polygon", "coordinates": [[[122.1295407, 6.48308017100004], [122.14672248000011, 6.474228041000059], [122.15877521000004, 6.488164425000035], [122.1295407, 6.48308017100004]]]}}, {"type": "Feature", "properties": {"province": "Basilan", "municipality": "Tipo-Tipo", "barangay": "Tipo-tipo Proper (Pob.)"}, "geometry": {"type": "Polygon", "coordinates": [[[122.14752779000004, 6.507431626000026], [122.12771140000007, 6.51622], [122.12455355400006, 6.493652906000022], [122.14897774100007, 6.498766495000039], [122.14752779000004, 6.507431626000026]]]}}, {"type": "Feature", "properties": {"province": "Basilan", "municipality": "Ungkaya Pukan", "barangay": "Amaloy"}, "geometry": {"type": "Polygon", "coordinates": [[[122.12934606400006, 6.452558811000073], [122.11718937, 6.449481160000063], [122.1180214430001, 6.440304840000066], [122.13418686800004, 6.447656848000063], [122.12934606400006, 6.452558811000073]]]}}, {"type": "Feature", "properties": {"province": "Basilan", "municipality": "Ungkaya Pukan", "barangay": "Bohe-Pahuh"}, "geometry": {"type": "Polygon", "coordinates": [[[122.11462275500004, 6.523634447000061], [122.10365574800007, 6.529579447000059], [122.07142858800012, 6.525999901000032], [122.07898876600007, 6.510078628000031], [122.11787112200011, 6.512706794000052], [122.11462275500004, 6.523634447000061]]]}}, {"type": "Feature", "properties": {"province": "Basilan", "municipality": "Ungkaya Pukan", "barangay": "Bohe-Suyak"}, "geometry": {"type": "Polygon", "coordinates": [[[122.1170326900001, 6.475201047000042], [122.11241436900004, 6.476214445000039], [122.1049230320001, 6.466052544000036], [122.10020736200012, 6.465650090000052], [122.11718937, 6.449481160000063], [122.12934606400006, 6.452558811000073], [122.1170326900001, 6.475201047000042]]]}}, {"type": "Feature", "properties": {"province": "Basilan", "municipality": "Ungkaya Pukan", "barangay": "Cabangalan"}, "geometry": {"type": "Polygon", "coordinates": [[[122.12426301700009, 6.527083057000028], [122.11462275500004, 6.523634447000061], [122.11787112200011, 6.512706794000052], [122.12426301700009, 6.527083057000028]]]}}, {"type": "Feature", "properties": {"province": "Basilan", "municipality": "Ungkaya Pukan", "barangay": "Danit"}, "geometry": {"type": "Polygon", "coordinates": [[[122.12996617300007, 6.54372950000004], [122.14480844700006, 6.547194799000068], [122.14778012000009, 6.566596307000055], [122.1273138690001, 6.565390389000072], [122.12979915500011, 6.544968342000062], [122.12996617300007, 6.54372950000004]]]}}, {"type": "Feature", "properties": {"province": "Basilan", "municipality": "Ungkaya Pukan", "barangay": "Kamamburingan"}, "geometry": {"type": "Polygon", "coordinates": [[[122.12979915500011, 6.544968342000062], [122.09176327000013, 6.54424029000006], [122.09534814800008, 6.564440984000043], [122.07577455700006, 6.564377940000042], [122.07142858800012, 6.525999901000032], [122.10365574800007, 6.529579447000059], [122.11462275500004, 6.523634447000061], [122.12426301700009, 6.527083057000028], [122.12996617300007, 6.54372950000004], [122.12979915500011, 6.544968342000062]]]}}, {"type": "Feature", "properties": {"province": "Basilan", "municipality": "Ungkaya Pukan", "barangay": "Materling"}, "geometry": {"type": "Polygon", "coordinates": [[[122.11241436900004, 6.476214445000039], [122.11671887000011, 6.495067158000038], [122.09940716400001, 6.490403170000035], [122.1049230320001, 6.466052544000036], [122.11241436900004, 6.476214445000039]]]}}, {"type": "Feature", "properties": {"province": "Basilan", "municipality": "Ungkaya Pukan", "barangay": "Pipil"}, "geometry": {"type": "Polygon", "coordinates": [[[122.12979915500011, 6.544968342000062], [122.1273138690001, 6.565390389000072], [122.09534814800008, 6.564440984000043], [122.09176327000013, 6.54424029000006], [122.12979915500011, 6.544968342000062]]]}}, {"type": "Feature", "properties": {"province": "Basilan", "municipality": "Ungkaya Pukan", "barangay": "Sungkayut"}, "geometry": {"type": "Polygon", "coordinates": [[[122.1170326900001, 6.475201047000042], [122.11671887000011, 6.495067158000038], [122.11241436900004, 6.476214445000039], [122.1170326900001, 6.475201047000042]]]}}, {"type": "Feature", "properties": {"province": "Basilan", "municipality": "Ungkaya Pukan", "barangay": "Tongbato"}, "geometry": {"type": "Polygon", "coordinates": [[[122.11718937, 6.449481160000063], [122.10020736200012, 6.465650090000052], [122.09053315100005, 6.464922909000051], [122.08657920100006, 6.442136952000054], [122.1180214430001, 6.440304840000066], [122.11718937, 6.449481160000063]]]}}, {"type": "Feature", "properties": {"province": "Basilan", "municipality": "Ungkaya Pukan", "barangay": "Ulitan"}, "geometry": {"type": "Polygon", "coordinates": [[[122.09940716400001, 6.490403170000035], [122.08592672600004, 6.477979770000047], [122.09053315100005, 6.464922909000051], [122.10020736200012, 6.465650090000052], [122.1049230320001, 6.466052544000036], [122.09940716400001, 6.490403170000035]]]}}, {"type": "Feature", "properties": {"province": "Basilan", "municipality": "Sumisip", "barangay": "Bacung"}, "geometry": {"type": "Polygon", "coordinates": [[[122.03233950200003, 6.497290468000074], [122.02953377600011, 6.500268654000024], [122.01286617000007, 6.497792281000045], [122.01353171800008, 6.474937643000032], [122.00805921500013, 6.466851229000042], [122.01328015700005, 6.447580019000044], [122.03213115100003, 6.451531208000063], [122.0276936230001, 6.467915462000063], [122.03488014400013, 6.488334999000074], [122.03233950200003, 6.497290468000074]]]}}, {"type": "Feature", "properties": {"province": "Basilan", "municipality": "Sumisip", "barangay": "Baiwas"}, "geometry": {"type": "Polygon", "coordinates": [[[121.98919555500004, 6.564412607000064], [121.95329294900013, 6.562327925000033], [121.93648783900005, 6.564648783000051], [121.93871618300012, 6.539895590000071], [121.94450247400003, 6.524663622000046], [121.94621997900003, 6.497715433000053], [121.97916916800013, 6.497884588000032], [121.98543302100006, 6.497780002000069], [121.99071624200009, 6.538077843000051], [121.98919555500004, 6.564412607000064]]]}}, {"type": "Feature", "properties": {"province": "Basilan", "municipality": "Sumisip", "barangay": "Basak"}, "geometry": {"type": "Polygon", "coordinates": [[[122.03887109000003, 6.429435212000044], [122.03213115100003, 6.451531208000063], [122.01328015700005, 6.447580019000044], [122.01976314800004, 6.424393352000036], [122.03707616500003, 6.424569162000068], [122.03887109000003, 6.429435212000044]]]}}, {"type": "Feature", "properties": {"province": "Basilan", "municipality": "Sumisip", "barangay": "Benembengan Lower"}, "geometry": {"type": "Polygon", "coordinates": [[[121.95834840000009, 6.440688600000043], [121.94650469700002, 6.453727624000067], [121.94484919600006, 6.442674795000071], [121.95538263900005, 6.431415142000048], [121.95834840000009, 6.440688600000043]]]}}, {"type": "Feature", "properties": {"province": "Basilan", "municipality": "Sumisip", "barangay": "Benembengan Upper"}, "geometry": {"type": "Polygon", "coordinates": [[[121.96274737100009, 6.443485948000045], [121.97112119300006, 6.467741043000047], [121.95098729000006, 6.46674235100005], [121.94650469700002, 6.453727624000067], [121.95834840000009, 6.440688600000043], [121.96274737100009, 6.443485948000045]]]}}, {"type": "Feature", "properties": {"province": "Basilan", "municipality": "Sumisip", "barangay": "Bohe-languyan"}, "geometry": {"type": "Polygon", "coordinates": [[[122.08691341600002, 6.444345412000074], [122.08622121000008, 6.464234195000074], [122.07331349000003, 6.462986993000072], [122.0721067730001, 6.460255047000032], [122.07486806800011, 6.440604387000064], [122.08691341600002, 6.444345412000074]]]}}, {"type": "Feature", "properties": {"province": "Basilan", "municipality": "Sumisip", "barangay": "Buli-buli"}, "geometry": {"type": "Polygon", "coordinates": [[[122.05183773700004, 6.41659329300006], [122.04915372000005, 6.428051199000039], [122.03887109000003, 6.429435212000044], [122.03707616500003, 6.424569162000068], [122.03584475600009, 6.416834944000072], [122.05183773700004, 6.41659329300006]]]}}, {"type": "Feature", "properties": {"province": "Basilan", "municipality": "Sumisip", "barangay": "Cabcaban"}, "geometry": {"type": "Polygon", "coordinates": [[[121.95098729000006, 6.46674235100005], [121.94484607000004, 6.467000033000032], [121.93191572, 6.458230702000036], [121.928311559, 6.446817248000058], [121.94484919600006, 6.442674795000071], [121.94650469700002, 6.453727624000067], [121.95098729000006, 6.46674235100005]]]}}, {"type": "Feature", "properties": {"province": "Basilan", "municipality": "Sumisip", "barangay": "Cabengbeng Lower"}, "geometry": {"type": "Polygon", "coordinates": [[[122.06246339400002, 6.424714239000024], [122.07902548800006, 6.425424967000026], [122.09018936900009, 6.43318622000004], [122.08691341600002, 6.444345412000074], [122.07486806800011, 6.440604387000064], [122.06118247200004, 6.435422751000032], [122.06071738500009, 6.429005230000029], [122.06246339400002, 6.424714239000024]]]}}, {"type": "Feature", "properties": {"province": "Basilan", "municipality": "Sumisip", "barangay": "Cabengbeng Upper"}, "geometry": {"type": "Polygon", "coordinates": [[[122.07755374600005, 6.490885986000023], [122.05399981600011, 6.494971459000055], [122.0537468000001, 6.484416100000034], [122.06500339200011, 6.476343414000041], [122.0850025640001, 6.47723934800007], [122.08912486600002, 6.490954402000058], [122.07755374600005, 6.490885986000023]]]}}, {"type": "Feature", "properties": {"province": "Basilan", "municipality": "Sumisip", "barangay": "Ettub-ettub"}, "geometry": {"type": "Polygon", "coordinates": [[[122.0721067730001, 6.460255047000032], [122.05371698600004, 6.458720898000025], [122.06118247200004, 6.435422751000032], [122.07486806800011, 6.440604387000064], [122.0721067730001, 6.460255047000032]]]}}, {"type": "Feature", "properties": {"province": "Basilan", "municipality": "Sumisip", "barangay": "Guiong"}, "geometry": {"type": "Polygon", "coordinates": [[[122.00805921500013, 6.466851229000042], [121.9975223670001, 6.46461834400003], [121.99033543800012, 6.44569214400002], [121.97632589700005, 6.430315094000036], [121.98904890300003, 6.420926473000065], [122.01950463000004, 6.423306764000074], [122.01976314800004, 6.424393352000036], [122.01328015700005, 6.447580019000044], [122.00805921500013, 6.466851229000042]]]}}, {"type": "Feature", "properties": {"province": "Basilan", "municipality": "Sumisip", "barangay": "Kaum-Air"}, "geometry": {"type": "Polygon", "coordinates": [[[121.98904890300003, 6.420926473000065], [121.97632589700005, 6.430315094000036], [121.97009054400009, 6.422533327000052], [121.97217894300002, 6.416022518000034], [121.9921069730001, 6.411945441000055], [121.98904890300003, 6.420926473000065]]]}}, {"type": "Feature", "properties": {"province": "Basilan", "municipality": "Sumisip", "barangay": "Libug"}, "geometry": {"type": "Polygon", "coordinates": [[[121.97916916800013, 6.497884588000032], [121.94621997900003, 6.497715433000053], [121.9400690870001, 6.475271808000058], [121.94484607000004, 6.467000033000032], [121.95098729000006, 6.46674235100005], [121.97112119300006, 6.467741043000047], [121.97699256600005, 6.468037602000038], [121.97916916800013, 6.497884588000032]]]}}, {"type": "Feature", "properties": {"province": "Basilan", "municipality": "Sumisip", "barangay": "Limbocandis"}, "geometry": {"type": "Polygon", "coordinates": [[[121.97632589700005, 6.430315094000036], [121.96274737100009, 6.443485948000045], [121.95834840000009, 6.440688600000043], [121.95538263900005, 6.431415142000048], [121.95669585500002, 6.423841630000027], [121.97009054400009, 6.422533327000052], [121.97632589700005, 6.430315094000036]]]}}, {"type": "Feature", "properties": {"province": "Basilan", "municipality": "Sumisip", "barangay": "Lukketon"}, "geometry": {"type": "Polygon", "coordinates": [[[122.03821577200007, 6.523734450000063], [122.04056881200006, 6.539582610000023], [122.02521246400009, 6.534423032000063], [122.003494036, 6.541358468000055], [121.99071624200009, 6.538077843000051], [121.98543302100006, 6.497780002000069], [122.01286617000007, 6.497792281000045], [122.02953377600011, 6.500268654000024], [122.02733944600006, 6.513697718000059], [122.03821577200007, 6.523734450000063]]]}}, {"type": "Feature", "properties": {"province": "Basilan", "municipality": "Sumisip", "barangay": "Luuk-Bait"}, "geometry": {"type": "Polygon", "coordinates": [[[122.01950463000004, 6.423306764000074], [121.98904890300003, 6.420926473000065], [121.9921069730001, 6.411945441000055], [122.01411053900006, 6.410612412000035], [122.01881179400006, 6.416535182000075], [122.01950463000004, 6.423306764000074]]]}}, {"type": "Feature", "properties": {"province": "Basilan", "municipality": "Sumisip", "barangay": "Mahatalang"}, "geometry": {"type": "Polygon", "coordinates": [[[122.06828842800009, 6.53440654600007], [122.07577455700006, 6.564377940000042], [121.98919555500004, 6.564412607000064], [121.99071624200009, 6.538077843000051], [122.003494036, 6.541358468000055], [122.02521246400009, 6.534423032000063], [122.04056881200006, 6.539582610000023], [122.03821577200007, 6.523734450000063], [122.05186705900007, 6.523163193000074], [122.06828842800009, 6.53440654600007]]]}}, {"type": "Feature", "properties": {"province": "Basilan", "municipality": "Sumisip", "barangay": "Manaul"}, "geometry": {"type": "Polygon", "coordinates": [[[122.0537468000001, 6.484416100000034], [122.03974030000008, 6.469276500000033], [122.04940170400005, 6.457402883000042], [122.05371698600004, 6.458720898000025], [122.0721067730001, 6.460255047000032], [122.07331349000003, 6.462986993000072], [122.06500339200011, 6.476343414000041], [122.0537468000001, 6.484416100000034]]]}}, {"type": "Feature", "properties": {"province": "Basilan", "municipality": "Sumisip", "barangay": "Mangal"}, "geometry": {"type": "Polygon", "coordinates": [[[121.97009054400009, 6.422533327000052], [121.95669585500002, 6.423841630000027], [121.95543057300007, 6.407615672000076], [121.97217894300002, 6.416022518000034], [121.97009054400009, 6.422533327000052]]]}}, {"type": "Feature", "properties": {"province": "Basilan", "municipality": "Sumisip", "barangay": "Marang"}, "geometry": {"type": "Polygon", "coordinates": [[[122.05399981600011, 6.494971459000055], [122.03233950200003, 6.497290468000074], [122.03488014400013, 6.488334999000074], [122.0276936230001, 6.467915462000063], [122.03213115100003, 6.451531208000063], [122.04940170400005, 6.457402883000042], [122.03974030000008, 6.469276500000033], [122.0537468000001, 6.484416100000034], [122.05399981600011, 6.494971459000055]]]}}, {"type": "Feature", "properties": {"province": "Basilan", "municipality": "Sumisip", "barangay": "Mebak"}, "geometry": {"type": "Polygon", "coordinates": [[[122.0850025640001, 6.47723934800007], [122.06500339200011, 6.476343414000041], [122.07331349000003, 6.462986993000072], [122.08622121000008, 6.464234195000074], [122.0850025640001, 6.47723934800007]]]}}, {"type": "Feature", "properties": {"province": "Basilan", "municipality": "Sumisip", "barangay": "Sahaya Bohe Bato"}, "geometry": {"type": "Polygon", "coordinates": [[[122.03707616500003, 6.424569162000068], [122.01976314800004, 6.424393352000036], [122.01950463000004, 6.423306764000074], [122.01881179400006, 6.416535182000075], [122.03584475600009, 6.416834944000072], [122.03707616500003, 6.424569162000068]]]}}, {"type": "Feature", "properties": {"province": "Basilan", "municipality": "Sumisip", "barangay": "Sapah Bulak"}, "geometry": {"type": "Polygon", "coordinates": [[[122.08912486600002, 6.490954402000058], [122.1197642510001, 6.498028019000061], [122.11787112200011, 6.512706794000052], [122.10274194300007, 6.507696451000072], [122.07867570500004, 6.509577313000022], [122.07755374600005, 6.490885986000023], [122.08912486600002, 6.490954402000058]]]}}, {"type": "Feature", "properties": {"province": "Basilan", "municipality": "Sumisip", "barangay": "Sumisip Central"}, "geometry": {"type": "Polygon", "coordinates": [[[121.9975223670001, 6.46461834400003], [121.97699256600005, 6.468037602000038], [121.97112119300006, 6.467741043000047], [121.96274737100009, 6.443485948000045], [121.97632589700005, 6.430315094000036], [121.99033543800012, 6.44569214400002], [121.9975223670001, 6.46461834400003]]]}}, {"type": "Feature", "properties": {"province": "Basilan", "municipality": "Sumisip", "barangay": "Tongsengal"}, "geometry": {"type": "Polygon", "coordinates": [[[122.05371698600004, 6.458720898000025], [122.04940170400005, 6.457402883000042], [122.03213115100003, 6.451531208000063], [122.03887109000003, 6.429435212000044], [122.04915372000005, 6.428051199000039], [122.06071738500009, 6.429005230000029], [122.06118247200004, 6.435422751000032], [122.05371698600004, 6.458720898000025]]]}}, {"type": "Feature", "properties": {"province": "Basilan", "municipality": "Sumisip", "barangay": "Tikus"}, "geometry": {"type": "Polygon", "coordinates": [[[122.06071738500009, 6.429005230000029], [122.04915372000005, 6.428051199000039], [122.05183773700004, 6.41659329300006], [122.06246339400002, 6.424714239000024], [122.06071738500009, 6.429005230000029]]]}}, {"type": "Feature", "properties": {"province": "Basilan", "municipality": "Sumisip", "barangay": "Tumahubong"}, "geometry": {"type": "Polygon", "coordinates": [[[122.06828842800009, 6.53440654600007], [122.05186705900007, 6.523163193000074], [122.03821577200007, 6.523734450000063], [122.02733944600006, 6.513697718000059], [122.02953377600011, 6.500268654000024], [122.03233950200003, 6.497290468000074], [122.05399981600011, 6.494971459000055], [122.07755374600005, 6.490885986000023], [122.07867570500004, 6.509577313000022], [122.06828842800009, 6.53440654600007]]]}}, {"type": "Feature", "properties": {"province": "Basilan", "municipality": "Tabuan-Lasa", "barangay": "Babag (Bubuan Island)"}, "geometry": {"type": "Polygon", "coordinates": [[[121.97192935600003, 6.334364175000076], [121.98131095400004, 6.336710992000063], [121.98218717400005, 6.346928081000044], [121.98009956900012, 6.357159605000049], [121.974124597, 6.36150439100004], [121.97192935600003, 6.334364175000076]]]}}, {"type": "Feature", "properties": {"province": "Basilan", "municipality": "Tabuan-Lasa", "barangay": "Balanting"}, "geometry": {"type": "Polygon", "coordinates": [[[122.03331853300006, 6.34412286600002], [122.02614357500009, 6.344929483000044], [122.02319905400009, 6.34117345800007], [122.02293473400006, 6.333861828000067], [122.03645423100012, 6.335582184000032], [122.03331853300006, 6.34412286600002]]]}}, {"type": "Feature", "properties": {"province": "Basilan", "municipality": "Tabuan-Lasa", "barangay": "Boloh-boloh"}, "geometry": {"type": "Polygon", "coordinates": [[[121.974124597, 6.36150439100004], [121.96968965100007, 6.358589766000023], [121.96253825300005, 6.357961103000036], [121.9592939050001, 6.354351398000063], [121.96262128400008, 6.337698387000045], [121.96301829000005, 6.333964803000072], [121.97192935600003, 6.334364175000076], [121.974124597, 6.36150439100004]]]}}, {"type": "Feature", "properties": {"province": "Basilan", "municipality": "Tabuan-Lasa", "barangay": "Bukut-Umus"}, "geometry": {"type": "Polygon", "coordinates": [[[122.02293473400006, 6.333861828000067], [122.02319905400009, 6.34117345800007], [122.02614357500009, 6.344929483000044], [122.02652557800003, 6.349760181000021], [122.02086472200006, 6.345335644000045], [122.0170564570001, 6.332656354000049], [122.02372126900002, 6.331976176000068], [122.02293473400006, 6.333861828000067]]]}}, {"type": "Feature", "properties": {"province": "Basilan", "municipality": "Tabuan-Lasa", "barangay": "Kaumpurnah"}, "geometry": {"type": "Polygon", "coordinates": [[[121.92984644200011, 6.318290125000031], [121.92409031900003, 6.327630621000026], [121.91962419400011, 6.322796614000026], [121.92079086500009, 6.313926778000051], [121.92984644200011, 6.318290125000031]]]}}, {"type": "Feature", "properties": {"province": "Basilan", "municipality": "Tabuan-Lasa", "barangay": "Lanawan"}, "geometry": {"type": "Polygon", "coordinates": [[[121.92079086500009, 6.313926778000051], [121.92372653200006, 6.304883390000043], [121.9278752130001, 6.304152134000048], [121.93117187400004, 6.308229761000063], [121.92984644200011, 6.318290125000031], [121.92079086500009, 6.313926778000051]]]}}, {"type": "Feature", "properties": {"province": "Basilan", "municipality": "Tabuan-Lasa", "barangay": "Pisak-Pisak"}, "geometry": {"type": "Polygon", "coordinates": [[[122.02372126900002, 6.331976176000068], [122.0332359580001, 6.32872204900002], [122.04087430900006, 6.329721185000038], [122.03645423100012, 6.335582184000032], [122.02293473400006, 6.333861828000067], [122.02372126900002, 6.331976176000068]]]}}, {"type": "Feature", "properties": {"province": "Basilan", "municipality": "Tabuan-Lasa", "barangay": "Saluping"}, "geometry": {"type": "Polygon", "coordinates": [[[122.03331853300006, 6.34412286600002], [122.03097118800008, 6.350244115000065], [122.02652557800003, 6.349760181000021], [122.02614357500009, 6.344929483000044], [122.03331853300006, 6.34412286600002]]]}}, {"type": "Feature", "properties": {"province": "Basilan", "municipality": "Tabuan-Lasa", "barangay": "Suligan"}, "geometry": {"type": "Polygon", "coordinates": [[[121.9592939050001, 6.354351398000063], [121.95048239900007, 6.350511751000055], [121.95079916700001, 6.345518531000039], [121.95860906000006, 6.335781437000037], [121.96262128400008, 6.337698387000045], [121.9592939050001, 6.354351398000063]]]}}, {"type": "Feature", "properties": {"province": "Basilan", "municipality": "Tabuan-Lasa", "barangay": "Tambulig Buton"}, "geometry": {"type": "Polygon", "coordinates": [[[121.99639308200005, 6.285812707000047], [121.98996803200009, 6.285706937000043], [121.99426453400008, 6.296972320000066], [121.99243788500006, 6.303634282000075], [121.98858200100005, 6.307981375000053], [121.98178811700008, 6.307864678000044], [121.97351150000007, 6.310665290000032], [121.9785605290001, 6.292120359000022], [121.98056157200006, 6.280879069000036], [121.98081038200007, 6.279329362000055], [121.99647983400007, 6.284563819000027], [121.99639308200005, 6.285812707000047]]]}}, {"type": "Feature", "properties": {"province": "Basilan", "municipality": "Tabuan-Lasa", "barangay": "Tong-Umus"}, "geometry": {"type": "Polygon", "coordinates": [[[121.97351150000007, 6.310665290000032], [121.96348379600012, 6.313003210000034], [121.95878876600013, 6.310361823000051], [121.95641365300003, 6.296911795000029], [121.9630629840001, 6.287772176000034], [121.97365643200011, 6.29410901500006], [121.9785605290001, 6.292120359000022], [121.97351150000007, 6.310665290000032]]]}}, {"type": "Feature", "properties": {"province": "Basilan", "municipality": "Hadji Muhtamad", "barangay": "Baluk-baluk"}, "geometry": {"type": "MultiPolygon", "coordinates": [[[[121.6919263630001, 6.58606179000003], [121.68968964900013, 6.570454724000058], [121.697945032, 6.566793660000028], [121.6919263630001, 6.58606179000003]]], [[[121.71008720100009, 6.694497979000061], [121.70334402900005, 6.686267792000024], [121.70459360600012, 6.661827210000069], [121.71250798000007, 6.657850730000065], [121.7175584580001, 6.686125425000055], [121.71008720100009, 6.694497979000061]]]]}}, {"type": "Feature", "properties": {"province": "Basilan", "municipality": "Hadji Muhtamad", "barangay": "Dasalan"}, "geometry": {"type": "MultiPolygon", "coordinates": [[[[121.45869593200008, 6.765970226000036], [121.45069903800004, 6.746499129000028], [121.46404927500011, 6.734261892000063], [121.4687968290001, 6.734336452000036], [121.47218903200007, 6.748229365000042], [121.45869593200008, 6.765970226000036]]], [[[121.43472083400003, 6.780159627000046], [121.4295437390001, 6.764362360000065], [121.43884152800001, 6.767846105000046], [121.43472083400003, 6.780159627000046]]]]}}, {"type": "Feature", "properties": {"province": "Basilan", "municipality": "Hadji Muhtamad", "barangay": "Lubukan"}, "geometry": {"type": "Polygon", "coordinates": [[[121.62116441400006, 6.626855346000069], [121.63094410000008, 6.646084758000029], [121.63204444000007, 6.652973098000074], [121.61385228500002, 6.661344291000035], [121.60522453400006, 6.67695382200003], [121.59009270800004, 6.670526637000023], [121.61209128100006, 6.648682437000047], [121.61177812600012, 6.624994872000058], [121.62116441400006, 6.626855346000069]]]}}, {"type": "Feature", "properties": {"province": "Basilan", "municipality": "Hadji Muhtamad", "barangay": "Luukbongsod"}, "geometry": {"type": "Polygon", "coordinates": [[[121.60522453400006, 6.67695382200003], [121.59945522500004, 6.682219272000054], [121.58964963100004, 6.68259444100005], [121.58437887800007, 6.668479455000067], [121.59009270800004, 6.670526637000023], [121.60522453400006, 6.67695382200003]]]}}, {"type": "Feature", "properties": {"province": "Basilan", "municipality": "Hadji Muhtamad", "barangay": "Mananggal"}, "geometry": {"type": "Polygon", "coordinates": [[[121.58733527700007, 6.650446927000075], [121.57008069000005, 6.640321376000031], [121.56995662700002, 6.632457298000077], [121.58844142100008, 6.625781016000077], [121.59129261300008, 6.632038070000021], [121.58733527700007, 6.650446927000075]]]}}, {"type": "Feature", "properties": {"province": "Basilan", "municipality": "Hadji Muhtamad", "barangay": "Panducan"}, "geometry": {"type": "Polygon", "coordinates": [[[121.6010138700001, 6.622552684000027], [121.60748771900012, 6.617308387000036], [121.61896366100007, 6.599535459000037], [121.61497803800013, 6.593879189000062], [121.61630293200005, 6.580666376000067], [121.62290065000002, 6.579315012000052], [121.62116441400006, 6.626855346000069], [121.61177812600012, 6.624994872000058], [121.6010138700001, 6.622552684000027]]]}}, {"type": "Feature", "properties": {"province": "Basilan", "municipality": "Hadji Muhtamad", "barangay": "Sangbay Big"}, "geometry": {"type": "Polygon", "coordinates": [[[121.53414878300008, 6.835180215000035], [121.52986577100012, 6.829194852000057], [121.54064170000005, 6.820063170000024], [121.53901711600007, 6.834439319000069], [121.53414878300008, 6.835180215000035]]]}}, {"type": "Feature", "properties": {"province": "Basilan", "municipality": "Hadji Muhtamad", "barangay": "Sangbay Small"}, "geometry": {"type": "Polygon", "coordinates": [[[121.55331132700009, 6.846515269000065], [121.54700497800002, 6.839418228000055], [121.55594163200011, 6.828408300000035], [121.56129644400005, 6.840856791000022], [121.55331132700009, 6.846515269000065]]]}}, {"type": "Feature", "properties": {"province": "Basilan", "municipality": "Hadji Muhtamad", "barangay": "Tausan"}, "geometry": {"type": "Polygon", "coordinates": [[[121.59009270800004, 6.670526637000023], [121.58437887800007, 6.668479455000067], [121.58470914600002, 6.66366269200006], [121.60124799200003, 6.639448982000032], [121.6010138700001, 6.622552684000027], [121.61177812600012, 6.624994872000058], [121.61209128100006, 6.648682437000047], [121.59009270800004, 6.670526637000023]]]}}, {"type": "Feature", "properties": {"province": "Basilan", "municipality": "Lantawan", "barangay": "Atong-atong"}, "geometry": {"type": "Polygon", "coordinates": [[[121.91528606700003, 6.643860163000054], [121.90347029000009, 6.647871280000061], [121.90100098400002, 6.66652508800007], [121.90080208700009, 6.666466588000048], [121.88828065100007, 6.656732670000052], [121.89774946500005, 6.645732075000068], [121.9006951780001, 6.631696618000034], [121.90684376000002, 6.631551986000034], [121.92493040300008, 6.632036550000064], [121.91528606700003, 6.643860163000054]]]}}, {"type": "Feature", "properties": {"province": "Basilan", "municipality": "Lantawan", "barangay": "Bagbagon"}, "geometry": {"type": "Polygon", "coordinates": [[[121.8309647320001, 6.672962751000057], [121.812856011, 6.662546470000053], [121.81628482300005, 6.654386367000029], [121.83108174300001, 6.647258188000023], [121.83369039300008, 6.648440329000038], [121.83878482400007, 6.663205974000051], [121.8309647320001, 6.672962751000057]]]}}, {"type": "Feature", "properties": {"province": "Basilan", "municipality": "Lantawan", "barangay": "Baungis"}, "geometry": {"type": "Polygon", "coordinates": [[[121.86537448200012, 6.639300838000055], [121.85473026300006, 6.638656332000038], [121.85130629200012, 6.620799222000073], [121.85826901100006, 6.60334145400003], [121.87358944700009, 6.600680139000076], [121.87619284200002, 6.617307346000076], [121.87874246700004, 6.631274853000036], [121.87878953600013, 6.639261863000057], [121.86537448200012, 6.639300838000055]]]}}, {"type": "Feature", "properties": {"province": "Basilan", "municipality": "Lantawan", "barangay": "Bulan-bulan"}, "geometry": {"type": "Polygon", "coordinates": [[[121.86147952500006, 6.672625949000064], [121.845685923, 6.682524789000069], [121.8309647320001, 6.672962751000057], [121.83878482400007, 6.663205974000051], [121.85856633700008, 6.658914974000027], [121.86147952500006, 6.672625949000064]]]}}, {"type": "Feature", "properties": {"province": "Basilan", "municipality": "Lantawan", "barangay": "Bulanza"}, "geometry": {"type": "Polygon", "coordinates": [[[121.88126493400013, 6.657566504000044], [121.87241820400004, 6.659905084000058], [121.86609590400008, 6.65296801900007], [121.86537448200012, 6.639300838000055], [121.87878953600013, 6.639261863000057], [121.88126493400013, 6.657566504000044]]]}}, {"type": "Feature", "properties": {"province": "Basilan", "municipality": "Lantawan", "barangay": "Calayan"}, "geometry": {"type": "Polygon", "coordinates": [[[121.85116756600007, 6.590534465000076], [121.82606277800004, 6.593926796000062], [121.82521633300007, 6.583626262000052], [121.84289363200003, 6.584878909000053], [121.85116756600007, 6.590534465000076]]]}}, {"type": "Feature", "properties": {"province": "Basilan", "municipality": "Lantawan", "barangay": "Calugusan"}, "geometry": {"type": "Polygon", "coordinates": [[[121.85856633700008, 6.658914974000027], [121.83878482400007, 6.663205974000051], [121.83369039300008, 6.648440329000038], [121.85442157000011, 6.640509779000069], [121.85856633700008, 6.658914974000027]]]}}, {"type": "Feature", "properties": {"province": "Basilan", "municipality": "Lantawan", "barangay": "Canibungan"}, "geometry": {"type": "Polygon", "coordinates": [[[121.85826901100006, 6.60334145400003], [121.85130629200012, 6.620799222000073], [121.83262244700006, 6.616580370000065], [121.82653694000011, 6.604079443000045], [121.82606277800004, 6.593926796000062], [121.85116756600007, 6.590534465000076], [121.85143198800006, 6.590606392000041], [121.85826901100006, 6.60334145400003]]]}}, {"type": "Feature", "properties": {"province": "Basilan", "municipality": "Lantawan", "barangay": "Landugan"}, "geometry": {"type": "Polygon", "coordinates": [[[121.8338809930001, 6.626070685000059], [121.81320658800007, 6.624143660000071], [121.81327319900005, 6.60442998000002], [121.82653694000011, 6.604079443000045], [121.83262244700006, 6.616580370000065], [121.8338809930001, 6.626070685000059]]]}}, {"type": "Feature", "properties": {"province": "Basilan", "municipality": "Lantawan", "barangay": "Lantawan Proper"}, "geometry": {"type": "Polygon", "coordinates": [[[121.90684376000002, 6.631551986000034], [121.9006951780001, 6.631696618000034], [121.87874246700004, 6.631274853000036], [121.87619284200002, 6.617307346000076], [121.89990781000007, 6.616830745000073], [121.9060192820001, 6.613033087000075], [121.90684376000002, 6.631551986000034]]]}}, {"type": "Feature", "properties": {"province": "Basilan", "municipality": "Lantawan", "barangay": "Lawila"}, "geometry": {"type": "Polygon", "coordinates": [[[121.83106846900012, 6.636161671000024], [121.81322910000004, 6.637666834000072], [121.80116641200006, 6.642682181000053], [121.79517945700002, 6.626185853000037], [121.799592619, 6.622383019000041], [121.81320658800007, 6.624143660000071], [121.8338809930001, 6.626070685000059], [121.83106846900012, 6.636161671000024]]]}}, {"type": "Feature", "properties": {"province": "Basilan", "municipality": "Lantawan", "barangay": "Lawi-lawi"}, "geometry": {"type": "Polygon", "coordinates": [[[121.82653694000011, 6.604079443000045], [121.81327319900005, 6.60442998000002], [121.79491890700001, 6.605245202000048], [121.79796654100004, 6.598116452000056], [121.82521633300007, 6.583626262000052], [121.82606277800004, 6.593926796000062], [121.82653694000011, 6.604079443000045]]]}}, {"type": "Feature", "properties": {"province": "Basilan", "municipality": "Lantawan", "barangay": "Lower Ba\u00f1as"}, "geometry": {"type": "Polygon", "coordinates": [[[121.88952451300008, 6.587095440000041], [121.87791799900005, 6.585660881000025], [121.86914294300006, 6.575956468000072], [121.87420367200002, 6.561613400000056], [121.89398624700006, 6.569968989000074], [121.88410680000004, 6.574573500000042], [121.88952451300008, 6.587095440000041]]]}}, {"type": "Feature", "properties": {"province": "Basilan", "municipality": "Lantawan", "barangay": "Lower Manggas"}, "geometry": {"type": "Polygon", "coordinates": [[[121.91731217800007, 6.655022808000069], [121.91717787000006, 6.674741475000076], [121.90080208700009, 6.666466588000048], [121.90100098400002, 6.66652508800007], [121.91731217800007, 6.655022808000069]]]}}, {"type": "Feature", "properties": {"province": "Basilan", "municipality": "Lantawan", "barangay": "Luuk-maluha"}, "geometry": {"type": "Polygon", "coordinates": [[[121.83108174300001, 6.647258188000023], [121.81628482300005, 6.654386367000029], [121.812856011, 6.662546470000053], [121.80116641200006, 6.642682181000053], [121.81322910000004, 6.637666834000072], [121.83106846900012, 6.636161671000024], [121.83108174300001, 6.647258188000023]]]}}, {"type": "Feature", "properties": {"province": "Basilan", "municipality": "Lantawan", "barangay": "Matarling"}, "geometry": {"type": "Polygon", "coordinates": [[[121.92493040300008, 6.632036550000064], [121.90684376000002, 6.631551986000034], [121.9060192820001, 6.613033087000075], [121.91207406500006, 6.605318844000068], [121.92284240000004, 6.611201], [121.927267, 6.621241100000018], [121.92493040300008, 6.632036550000064]]]}}, {"type": "Feature", "properties": {"province": "Basilan", "municipality": "Lantawan", "barangay": "Matikang"}, "geometry": {"type": "Polygon", "coordinates": [[[121.88828065100007, 6.656732670000052], [121.88126493400013, 6.657566504000044], [121.87878953600013, 6.639261863000057], [121.87874246700004, 6.631274853000036], [121.9006951780001, 6.631696618000034], [121.89774946500005, 6.645732075000068], [121.88828065100007, 6.656732670000052]]]}}, {"type": "Feature", "properties": {"province": "Basilan", "municipality": "Lantawan", "barangay": "Pamucalin"}, "geometry": {"type": "Polygon", "coordinates": [[[121.9060192820001, 6.613033087000075], [121.89990781000007, 6.616830745000073], [121.87619284200002, 6.617307346000076], [121.87358944700009, 6.600680139000076], [121.87791799900005, 6.585660881000025], [121.88952451300008, 6.587095440000041], [121.91261376500006, 6.588323729000025], [121.91207406500006, 6.605318844000068], [121.9060192820001, 6.613033087000075]]]}}, {"type": "Feature", "properties": {"province": "Basilan", "municipality": "Lantawan", "barangay": "Paniongan"}, "geometry": {"type": "Polygon", "coordinates": [[[121.87241820400004, 6.659905084000058], [121.86147952500006, 6.672625949000064], [121.85856633700008, 6.658914974000027], [121.85442157000011, 6.640509779000069], [121.85473026300006, 6.638656332000038], [121.86537448200012, 6.639300838000055], [121.86609590400008, 6.65296801900007], [121.87241820400004, 6.659905084000058]]]}}, {"type": "Feature", "properties": {"province": "Basilan", "municipality": "Lantawan", "barangay": "Parian-Baunoh"}, "geometry": {"type": "Polygon", "coordinates": [[[121.87358944700009, 6.600680139000076], [121.85826901100006, 6.60334145400003], [121.85143198800006, 6.590606392000041], [121.8587951920001, 6.578085740000064], [121.86914294300006, 6.575956468000072], [121.87791799900005, 6.585660881000025], [121.87358944700009, 6.600680139000076]]]}}, {"type": "Feature", "properties": {"province": "Basilan", "municipality": "Lantawan", "barangay": "Suba-an"}, "geometry": {"type": "Polygon", "coordinates": [[[121.81320658800007, 6.624143660000071], [121.799592619, 6.622383019000041], [121.80121624200001, 6.609964886000058], [121.79491890700001, 6.605245202000048], [121.81327319900005, 6.60442998000002], [121.81320658800007, 6.624143660000071]]]}}, {"type": "Feature", "properties": {"province": "Basilan", "municipality": "Lantawan", "barangay": "Switch Yakal"}, "geometry": {"type": "Polygon", "coordinates": [[[121.937492376, 6.583335157000022], [121.94363769100006, 6.607719422000057], [121.94147856200006, 6.619609570000021], [121.927267, 6.621241100000018], [121.92284240000004, 6.611201], [121.91207406500006, 6.605318844000068], [121.91261376500006, 6.588323729000025], [121.92971932700003, 6.588989585000038], [121.937492376, 6.583335157000022]]]}}, {"type": "Feature", "properties": {"province": "Basilan", "municipality": "Lantawan", "barangay": "Tairan"}, "geometry": {"type": "Polygon", "coordinates": [[[121.83369039300008, 6.648440329000038], [121.83108174300001, 6.647258188000023], [121.83106846900012, 6.636161671000024], [121.8338809930001, 6.626070685000059], [121.83262244700006, 6.616580370000065], [121.85130629200012, 6.620799222000073], [121.85473026300006, 6.638656332000038], [121.85442157000011, 6.640509779000069], [121.83369039300008, 6.648440329000038]]]}}, {"type": "Feature", "properties": {"province": "Basilan", "municipality": "Lantawan", "barangay": "Upper Ba\u00f1as"}, "geometry": {"type": "Polygon", "coordinates": [[[121.91261376500006, 6.588323729000025], [121.88952451300008, 6.587095440000041], [121.88410680000004, 6.574573500000042], [121.89398624700006, 6.569968989000074], [121.91248006400008, 6.564429440000028], [121.93591355800004, 6.565442533000065], [121.937492376, 6.583335157000022], [121.92971932700003, 6.588989585000038], [121.91261376500006, 6.588323729000025]]]}}, {"type": "Feature", "properties": {"province": "Basilan", "municipality": "Lantawan", "barangay": "Upper Manggas"}, "geometry": {"type": "Polygon", "coordinates": [[[121.91731217800007, 6.655022808000069], [121.90100098400002, 6.66652508800007], [121.90347029000009, 6.647871280000061], [121.91528606700003, 6.643860163000054], [121.91731217800007, 6.655022808000069]]]}}, {"type": "Feature", "properties": {"province": "Basilan", "municipality": "Maluso", "barangay": "Abong-Abong"}, "geometry": {"type": "Polygon", "coordinates": [[[121.92146633800009, 6.470637340000054], [121.9259633480001, 6.48276620200005], [121.91989010800013, 6.493151058000022], [121.91333998600008, 6.48684589100003], [121.90422836100004, 6.482148402000062], [121.91009921600005, 6.470352427000022], [121.91975554700004, 6.469341493000059], [121.92146633800009, 6.470637340000054]]]}}, {"type": "Feature", "properties": {"province": "Basilan", "municipality": "Maluso", "barangay": "Batungal"}, "geometry": {"type": "Polygon", "coordinates": [[[121.89900291600007, 6.566449206000073], [121.88238343400008, 6.563392228000055], [121.881419649, 6.556376632000025], [121.89498150500003, 6.558227762000058], [121.89900291600007, 6.566449206000073]]]}}, {"type": "Feature", "properties": {"province": "Basilan", "municipality": "Maluso", "barangay": "Calang Canas"}, "geometry": {"type": "Polygon", "coordinates": [[[121.91009921600005, 6.470352427000022], [121.90728426900012, 6.464674211000045], [121.924170021, 6.453360313000075], [121.92717133100008, 6.459053851000021], [121.91975554700004, 6.469341493000059], [121.91009921600005, 6.470352427000022]]]}}, {"type": "Feature", "properties": {"province": "Basilan", "municipality": "Maluso", "barangay": "Fuente Maluso"}, "geometry": {"type": "Polygon", "coordinates": [[[121.89498150500003, 6.558227762000058], [121.881419649, 6.556376632000025], [121.87745814000006, 6.551133225000057], [121.87760725100009, 6.550974169000028], [121.89486833800005, 6.537054404000059], [121.90573714900007, 6.54205849300007], [121.90306220300009, 6.55195035500003], [121.89498150500003, 6.558227762000058]]]}}, {"type": "Feature", "properties": {"province": "Basilan", "municipality": "Maluso", "barangay": "Limbubong"}, "geometry": {"type": "Polygon", "coordinates": [[[121.94586931600008, 6.498093066000024], [121.93485015900002, 6.500620669000057], [121.91989010800013, 6.493151058000022], [121.9259633480001, 6.48276620200005], [121.92146633800009, 6.470637340000054], [121.9400690870001, 6.475271808000058], [121.94586931600008, 6.498093066000024]]]}}, {"type": "Feature", "properties": {"province": "Basilan", "municipality": "Maluso", "barangay": "Mahayahay Lower"}, "geometry": {"type": "Polygon", "coordinates": [[[121.93616262000012, 6.544115274000035], [121.92231686800007, 6.545340553000073], [121.90573714900007, 6.54205849300007], [121.89486833800005, 6.537054404000059], [121.90398112100002, 6.526853599000048], [121.91989571700005, 6.531339168000044], [121.94300843500002, 6.530759531000057], [121.93616262000012, 6.544115274000035]]]}}, {"type": "Feature", "properties": {"province": "Basilan", "municipality": "Maluso", "barangay": "Mahayahay Upper"}, "geometry": {"type": "Polygon", "coordinates": [[[121.94300843500002, 6.530759531000057], [121.91989571700005, 6.531339168000044], [121.90398112100002, 6.526853599000048], [121.89486833800005, 6.537054404000059], [121.88706020900008, 6.531929146000038], [121.89296478100005, 6.519112931000052], [121.9033403840001, 6.513927433000048], [121.9099165140001, 6.518367550000049], [121.94551242900002, 6.513189453000051], [121.94300843500002, 6.530759531000057]]]}}, {"type": "Feature", "properties": {"province": "Basilan", "municipality": "Maluso", "barangay": "Muslim Area"}, "geometry": {"type": "Polygon", "coordinates": [[[121.92717133100008, 6.459053851000021], [121.94484607000004, 6.467000033000032], [121.9400690870001, 6.475271808000058], [121.92146633800009, 6.470637340000054], [121.91975554700004, 6.469341493000059], [121.92717133100008, 6.459053851000021]]]}}, {"type": "Feature", "properties": {"province": "Basilan", "municipality": "Maluso", "barangay": "Port Holland Zone IV"}, "geometry": {"type": "Polygon", "coordinates": [[[121.87745814000006, 6.551133225000057], [121.8739376630001, 6.549278163000054], [121.87384410300001, 6.548794987000065], [121.8729686910001, 6.548451521000061], [121.86947444600003, 6.548311297000055], [121.8689127450001, 6.547535567000068], [121.87320297300003, 6.544006596000031], [121.87760725100009, 6.550974169000028], [121.87745814000006, 6.551133225000057]]]}}, {"type": "Feature", "properties": {"province": "Basilan", "municipality": "Maluso", "barangay": "Port Holland Zone V"}, "geometry": {"type": "Polygon", "coordinates": [[[121.87183086100003, 6.54103722700006], [121.86861878400009, 6.543504627000061], [121.86847721800007, 6.541374754000061], [121.87217084600002, 6.539945084000067], [121.87183086100003, 6.54103722700006]]]}}, {"type": "Feature", "properties": {"province": "Basilan", "municipality": "Maluso", "barangay": "Taberlongan"}, "geometry": {"type": "Polygon", "coordinates": [[[121.9033403840001, 6.513927433000048], [121.89296478100005, 6.519112931000052], [121.88706020900008, 6.531929146000038], [121.87240036700005, 6.530392821000021], [121.8647537170001, 6.520263796000052], [121.87292402800006, 6.500247977000072], [121.88169810300008, 6.498439783000038], [121.89644542000008, 6.480102086000044], [121.90422836100004, 6.482148402000062], [121.91333998600008, 6.48684589100003], [121.91032344000007, 6.502853376000076], [121.9033403840001, 6.513927433000048]]]}}, {"type": "Feature", "properties": {"province": "Basilan", "municipality": "Maluso", "barangay": "Tamuk"}, "geometry": {"type": "Polygon", "coordinates": [[[121.82710866700008, 6.468295250000039], [121.81640016300004, 6.461971048000067], [121.81980665000003, 6.450751747000026], [121.83037473800003, 6.449326491000021], [121.83346179400009, 6.465940690000023], [121.82710866700008, 6.468295250000039]]]}}, {"type": "Feature", "properties": {"province": "Basilan", "municipality": "Maluso", "barangay": "Townsite (Poblacion)"}, "geometry": {"type": "Polygon", "coordinates": [[[121.89486833800005, 6.537054404000059], [121.87760725100009, 6.550974169000028], [121.87320297300003, 6.544006596000031], [121.87183086100003, 6.54103722700006], [121.87217084600002, 6.539945084000067], [121.87240036700005, 6.530392821000021], [121.88706020900008, 6.531929146000038], [121.89486833800005, 6.537054404000059]]]}}, {"type": "Feature", "properties": {"province": "Basilan", "municipality": "Maluso", "barangay": "Tubigan"}, "geometry": {"type": "Polygon", "coordinates": [[[121.94551242900002, 6.513189453000051], [121.9099165140001, 6.518367550000049], [121.9033403840001, 6.513927433000048], [121.91032344000007, 6.502853376000076], [121.91333998600008, 6.48684589100003], [121.91989010800013, 6.493151058000022], [121.93485015900002, 6.500620669000057], [121.94586931600008, 6.498093066000024], [121.94551242900002, 6.513189453000051]]]}}, {"type": "Feature", "properties": {"province": "Basilan", "municipality": "Maluso", "barangay": "Upper Garlayan"}, "geometry": {"type": "Polygon", "coordinates": [[[121.93616262000012, 6.544115274000035], [121.93095294600006, 6.562416162000034], [121.89900291600007, 6.566449206000073], [121.89498150500003, 6.558227762000058], [121.90306220300009, 6.55195035500003], [121.90573714900007, 6.54205849300007], [121.92231686800007, 6.545340553000073], [121.93616262000012, 6.544115274000035]]]}}, {"type": "Feature", "properties": {"province": "Cotabato City", "municipality": null, "barangay": "Poblacion IV"}, "geometry": {"type": "Polygon", "coordinates": [[[124.25478635700006, 7.220227790000025], [124.25194986900011, 7.221515568000029], [124.25105774600003, 7.220954298000038], [124.25018971600002, 7.217555906000028], [124.25204826200002, 7.21626257400004], [124.25288883000007, 7.217493684000032], [124.25478635700006, 7.220227790000025]]]}}, {"type": "Feature", "properties": {"province": "Cotabato City", "municipality": null, "barangay": "Poblacion VIII"}, "geometry": {"type": "Polygon", "coordinates": [[[124.26678331700009, 7.197365960000071], [124.25731069900007, 7.210426851000023], [124.255846774, 7.208001881000029], [124.25220418700007, 7.202332883000052], [124.25031479200005, 7.199999099000023], [124.24906547900004, 7.193034165000028], [124.24978900100008, 7.191239226000048], [124.25850921000006, 7.186667218000025], [124.26336273000004, 7.187728840000035], [124.26678331700009, 7.197365960000071]]]}}, {"type": "Feature", "properties": {"province": "Cotabato City", "municipality": null, "barangay": "Rosary Heights"}, "geometry": {"type": "Polygon", "coordinates": [[[124.23610322000003, 7.215048768000031], [124.233674801, 7.21202584200006], [124.24209753600007, 7.205848497000032], [124.24519828900009, 7.207631134000049], [124.24684577800008, 7.209134121000035], [124.24428406200003, 7.210687084000027], [124.238616309, 7.213597610000022], [124.23610322000003, 7.215048768000031]]]}}, {"type": "Feature", "properties": {"province": "Cotabato City", "municipality": null, "barangay": "Rosary Heights I"}, "geometry": {"type": "Polygon", "coordinates": [[[124.246156143, 7.221566904000044], [124.24326369100004, 7.221545531000061], [124.24169922400006, 7.219524921000073], [124.24092270100004, 7.217348873000047], [124.24530767800002, 7.215724077000059], [124.2456568230001, 7.218111688000023], [124.246156143, 7.221566904000044]]]}}, {"type": "Feature", "properties": {"province": "Cotabato City", "municipality": null, "barangay": "Rosary Heights II"}, "geometry": {"type": "Polygon", "coordinates": [[[124.24672176700007, 7.221477470000022], [124.246156143, 7.221566904000044], [124.2456568230001, 7.218111688000023], [124.24878103800006, 7.216148330000069], [124.25018971600002, 7.217555906000028], [124.25105774600003, 7.220954298000038], [124.24672176700007, 7.221477470000022]]]}}, {"type": "Feature", "properties": {"province": "Cotabato City", "municipality": null, "barangay": "Rosary Heights III"}, "geometry": {"type": "Polygon", "coordinates": [[[124.25018971600002, 7.217555906000028], [124.24878103800006, 7.216148330000069], [124.24988058600002, 7.212400067000032], [124.255846774, 7.208001881000029], [124.25731069900007, 7.210426851000023], [124.2559969890001, 7.212784053000063], [124.25204826200002, 7.21626257400004], [124.25018971600002, 7.217555906000028]]]}}, {"type": "Feature", "properties": {"province": "Cotabato City", "municipality": null, "barangay": "Rosary Heights IV"}, "geometry": {"type": "Polygon", "coordinates": [[[124.24878103800006, 7.216148330000069], [124.2456568230001, 7.218111688000023], [124.24530767800002, 7.215724077000059], [124.24428406200003, 7.210687084000027], [124.24684577800008, 7.209134121000035], [124.24988058600002, 7.212400067000032], [124.24878103800006, 7.216148330000069]]]}}, {"type": "Feature", "properties": {"province": "Cotabato City", "municipality": null, "barangay": "Rosary Heights V"}, "geometry": {"type": "Polygon", "coordinates": [[[124.255846774, 7.208001881000029], [124.24988058600002, 7.212400067000032], [124.24684577800008, 7.209134121000035], [124.24519828900009, 7.207631134000049], [124.25220418700007, 7.202332883000052], [124.255846774, 7.208001881000029]]]}}, {"type": "Feature", "properties": {"province": "Cotabato City", "municipality": null, "barangay": "Rosary Heights VI"}, "geometry": {"type": "Polygon", "coordinates": [[[124.24519828900009, 7.207631134000049], [124.24209753600007, 7.205848497000032], [124.24156905600013, 7.20522919800004], [124.25031479200005, 7.199999099000023], [124.25220418700007, 7.202332883000052], [124.24519828900009, 7.207631134000049]]]}}, {"type": "Feature", "properties": {"province": "Cotabato City", "municipality": null, "barangay": "Rosary Heights VII"}, "geometry": {"type": "Polygon", "coordinates": [[[124.25031479200005, 7.199999099000023], [124.24156905600013, 7.20522919800004], [124.2392587380001, 7.20151285000003], [124.24352205900004, 7.195791642000072], [124.24906547900004, 7.193034165000028], [124.25031479200005, 7.199999099000023]]]}}, {"type": "Feature", "properties": {"province": "Cotabato City", "municipality": null, "barangay": "Rosary Heights IX"}, "geometry": {"type": "Polygon", "coordinates": [[[124.24352205900004, 7.195791642000072], [124.2392587380001, 7.20151285000003], [124.23387295700003, 7.190630882000049], [124.23410213500006, 7.190441956000029], [124.23935488600011, 7.188213820000045], [124.24352205900004, 7.195791642000072]]]}}, {"type": "Feature", "properties": {"province": "Cotabato City", "municipality": null, "barangay": "Poblacion V"}, "geometry": {"type": "Polygon", "coordinates": [[[124.25316047600006, 7.22372179200005], [124.2483166200001, 7.226093600000072], [124.24672176700007, 7.221477470000022], [124.25105774600003, 7.220954298000038], [124.25194986900011, 7.221515568000029], [124.25316047600006, 7.22372179200005]]]}}, {"type": "Feature", "properties": {"province": "Cotabato City", "municipality": null, "barangay": "Poblacion VI"}, "geometry": {"type": "Polygon", "coordinates": [[[124.2483166200001, 7.226093600000072], [124.2448088870001, 7.227307511000048], [124.24326369100004, 7.221545531000061], [124.246156143, 7.221566904000044], [124.24672176700007, 7.221477470000022], [124.2483166200001, 7.226093600000072]]]}}, {"type": "Feature", "properties": {"province": "Cotabato City", "municipality": null, "barangay": "Bagua"}, "geometry": {"type": "Polygon", "coordinates": [[[124.24445365200005, 7.227415627000028], [124.24129056400012, 7.228407600000027], [124.23854280300007, 7.222272188000034], [124.24031803200012, 7.222095051000053], [124.24445365200005, 7.227415627000028]]]}}, {"type": "Feature", "properties": {"province": "Cotabato City", "municipality": null, "barangay": "Bagua I"}, "geometry": {"type": "Polygon", "coordinates": [[[124.24129056400012, 7.228407600000027], [124.23801089000007, 7.230336211000064], [124.2162022210001, 7.221367235000058], [124.22119665900004, 7.219530802000065], [124.23854280300007, 7.222272188000034], [124.24129056400012, 7.228407600000027]]]}}, {"type": "Feature", "properties": {"province": "Cotabato City", "municipality": null, "barangay": "Bagua II"}, "geometry": {"type": "Polygon", "coordinates": [[[124.23854280300007, 7.222272188000034], [124.22119665900004, 7.219530802000065], [124.22674815200003, 7.209793998000069], [124.2322844370001, 7.208967430000032], [124.233674801, 7.21202584200006], [124.23610322000003, 7.215048768000031], [124.24056945500001, 7.219953316000044], [124.24031803200012, 7.222095051000053], [124.23854280300007, 7.222272188000034]]]}}, {"type": "Feature", "properties": {"province": "Cotabato City", "municipality": null, "barangay": "Bagua III"}, "geometry": {"type": "Polygon", "coordinates": [[[124.2448088870001, 7.227307511000048], [124.24445365200005, 7.227415627000028], [124.24031803200012, 7.222095051000053], [124.24056945500001, 7.219953316000044], [124.24169922400006, 7.219524921000073], [124.24326369100004, 7.221545531000061], [124.2448088870001, 7.227307511000048]]]}}, {"type": "Feature", "properties": {"province": "Cotabato City", "municipality": null, "barangay": "Kalanganan"}, "geometry": {"type": "Polygon", "coordinates": [[[124.20804396900009, 7.251295981000054], [124.19409900900007, 7.25285743100005], [124.18099298400013, 7.231495939000071], [124.18188430600003, 7.226072122000063], [124.21233260500004, 7.213318830000047], [124.2162022210001, 7.221367235000058], [124.23801089000007, 7.230336211000064], [124.23449351600004, 7.233458753000033], [124.20804396900009, 7.251295981000054]]]}}, {"type": "Feature", "properties": {"province": "Cotabato City", "municipality": null, "barangay": "Kalanganan I"}, "geometry": {"type": "Polygon", "coordinates": [[[124.23449351600004, 7.233458753000033], [124.24553106200005, 7.262149083000054], [124.23363308900004, 7.272681506000029], [124.2196392090001, 7.26737529800005], [124.20804396900009, 7.251295981000054], [124.23449351600004, 7.233458753000033]]]}}, {"type": "Feature", "properties": {"province": "Cotabato City", "municipality": null, "barangay": "Kalanganan II"}, "geometry": {"type": "Polygon", "coordinates": [[[124.18188430600003, 7.226072122000063], [124.15909670700013, 7.202227240000072], [124.19329074100006, 7.19144329100004], [124.21236549400008, 7.195081468000069], [124.2182988300001, 7.18747781600007], [124.22960819300012, 7.195823114000063], [124.23048692200008, 7.19930206300006], [124.22674815200003, 7.209793998000069], [124.22119665900004, 7.219530802000065], [124.2162022210001, 7.221367235000058], [124.21233260500004, 7.213318830000047], [124.18188430600003, 7.226072122000063]]]}}, {"type": "Feature", "properties": {"province": "Cotabato City", "municipality": null, "barangay": "Rosary Heights X"}, "geometry": {"type": "Polygon", "coordinates": [[[124.24209753600007, 7.205848497000032], [124.233674801, 7.21202584200006], [124.2322844370001, 7.208967430000032], [124.23048692200008, 7.19930206300006], [124.22960819300012, 7.195823114000063], [124.23387295700003, 7.190630882000049], [124.2392587380001, 7.20151285000003], [124.24156905600013, 7.20522919800004], [124.24209753600007, 7.205848497000032]]]}}, {"type": "Feature", "properties": {"province": "Cotabato City", "municipality": null, "barangay": "Rosary Heights XI"}, "geometry": {"type": "Polygon", "coordinates": [[[124.2322844370001, 7.208967430000032], [124.22674815200003, 7.209793998000069], [124.23048692200008, 7.19930206300006], [124.2322844370001, 7.208967430000032]]]}}, {"type": "Feature", "properties": {"province": "Cotabato City", "municipality": null, "barangay": "Rosary Heights XII"}, "geometry": {"type": "Polygon", "coordinates": [[[124.24169922400006, 7.219524921000073], [124.24056945500001, 7.219953316000044], [124.23610322000003, 7.215048768000031], [124.238616309, 7.213597610000022], [124.24092270100004, 7.217348873000047], [124.24169922400006, 7.219524921000073]]]}}, {"type": "Feature", "properties": {"province": "Cotabato City", "municipality": null, "barangay": "Rosary Heights XIII"}, "geometry": {"type": "Polygon", "coordinates": [[[124.24530767800002, 7.215724077000059], [124.24092270100004, 7.217348873000047], [124.238616309, 7.213597610000022], [124.24428406200003, 7.210687084000027], [124.24530767800002, 7.215724077000059]]]}}, {"type": "Feature", "properties": {"province": "Cotabato City", "municipality": null, "barangay": "Poblacion"}, "geometry": {"type": "Polygon", "coordinates": [[[124.26079705500001, 7.22048779700003], [124.25316047600006, 7.22372179200005], [124.25194986900011, 7.221515568000029], [124.25478635700006, 7.220227790000025], [124.25992333400005, 7.216622216000077], [124.26079705500001, 7.22048779700003]]]}}, {"type": "Feature", "properties": {"province": "Cotabato City", "municipality": null, "barangay": "Poblacion II"}, "geometry": {"type": "Polygon", "coordinates": [[[124.25992333400005, 7.216622216000077], [124.25478635700006, 7.220227790000025], [124.25288883000007, 7.217493684000032], [124.25639357400007, 7.215231673000061], [124.25992333400005, 7.216622216000077]]]}}, {"type": "Feature", "properties": {"province": "Cotabato City", "municipality": null, "barangay": "Poblacion III"}, "geometry": {"type": "Polygon", "coordinates": [[[124.25639357400007, 7.215231673000061], [124.25288883000007, 7.217493684000032], [124.25204826200002, 7.21626257400004], [124.2559969890001, 7.212784053000063], [124.25639357400007, 7.215231673000061]]]}}, {"type": "Feature", "properties": {"province": "Cotabato City", "municipality": null, "barangay": "Poblacion IX"}, "geometry": {"type": "Polygon", "coordinates": [[[124.28451799100003, 7.186143278000033], [124.26678331700009, 7.197365960000071], [124.26336273000004, 7.187728840000035], [124.27876813500006, 7.177554600000065], [124.28451799100003, 7.186143278000033]]]}}, {"type": "Feature", "properties": {"province": "Cotabato City", "municipality": null, "barangay": "Rosary Heights VIII"}, "geometry": {"type": "Polygon", "coordinates": [[[124.24906547900004, 7.193034165000028], [124.24352205900004, 7.195791642000072], [124.23935488600011, 7.188213820000045], [124.24266494300002, 7.187441511000031], [124.24978900100008, 7.191239226000048], [124.24906547900004, 7.193034165000028]]]}}, {"type": "Feature", "properties": {"province": "Cotabato City", "municipality": null, "barangay": "Tamontaka"}, "geometry": {"type": "Polygon", "coordinates": [[[124.23387295700003, 7.190630882000049], [124.22960819300012, 7.195823114000063], [124.2182988300001, 7.18747781600007], [124.22505595600013, 7.177056244000029], [124.23410213500006, 7.190441956000029], [124.23387295700003, 7.190630882000049]]]}}, {"type": "Feature", "properties": {"province": "Cotabato City", "municipality": null, "barangay": "Tamontaka I"}, "geometry": {"type": "Polygon", "coordinates": [[[124.23935488600011, 7.188213820000045], [124.23410213500006, 7.190441956000029], [124.22505595600013, 7.177056244000029], [124.23897432300011, 7.173244673000056], [124.24266494300002, 7.187441511000031], [124.23935488600011, 7.188213820000045]]]}}, {"type": "Feature", "properties": {"province": "Cotabato City", "municipality": null, "barangay": "Tamontaka II"}, "geometry": {"type": "Polygon", "coordinates": [[[124.25850921000006, 7.186667218000025], [124.24978900100008, 7.191239226000048], [124.24266494300002, 7.187441511000031], [124.23897432300011, 7.173244673000056], [124.25407970200003, 7.166112398000053], [124.26073151500009, 7.173344041000063], [124.25850921000006, 7.186667218000025]]]}}, {"type": "Feature", "properties": {"province": "Cotabato City", "municipality": null, "barangay": "Tamontaka III"}, "geometry": {"type": "Polygon", "coordinates": [[[124.26336273000004, 7.187728840000035], [124.25850921000006, 7.186667218000025], [124.26073151500009, 7.173344041000063], [124.2725307720001, 7.16786163300003], [124.27876813500006, 7.177554600000065], [124.26336273000004, 7.187728840000035]]]}}, {"type": "Feature", "properties": {"province": "Cotabato City", "municipality": null, "barangay": "Tamontaka IV"}, "geometry": {"type": "Polygon", "coordinates": [[[124.30414982100001, 7.159884760000069], [124.30240955700005, 7.170979695000028], [124.28451799100003, 7.186143278000033], [124.27876813500006, 7.177554600000065], [124.2725307720001, 7.16786163300003], [124.27594464200003, 7.159535295000068], [124.28849647000004, 7.160595914000055], [124.29656574200011, 7.153692765000073], [124.30414982100001, 7.159884760000069]]]}}, {"type": "Feature", "properties": {"province": "Cotabato City", "municipality": null, "barangay": "Tamontaka V"}, "geometry": {"type": "Polygon", "coordinates": [[[124.29656574200011, 7.153692765000073], [124.31252387800009, 7.134971747000066], [124.31790499200008, 7.14184513200007], [124.30414982100001, 7.159884760000069], [124.29656574200011, 7.153692765000073]]]}}, {"type": "Feature", "properties": {"province": "Cotabato City", "municipality": null, "barangay": "Poblacion I"}, "geometry": {"type": "Polygon", "coordinates": [[[124.26079705500001, 7.22048779700003], [124.25503229900006, 7.227340299000045], [124.25316047600006, 7.22372179200005], [124.26079705500001, 7.22048779700003]]]}}, {"type": "Feature", "properties": {"province": "Cotabato City", "municipality": null, "barangay": "Poblacion VII"}, "geometry": {"type": "Polygon", "coordinates": [[[124.25503229900006, 7.227340299000045], [124.24445365200005, 7.227415627000028], [124.2448088870001, 7.227307511000048], [124.2483166200001, 7.226093600000072], [124.25316047600006, 7.22372179200005], [124.25503229900006, 7.227340299000045]]]}}]}